M_PR_UID	M_PR_NAME	M_PR_SYNONYMS	M_PR_FORMULA	M_PR_CHARGE	M_PR_INCHI	M_PR_SMILE	M_PR_SMILE-CAN-OB	M_PR_BIO	M_PR_COFACTOR	M_RF_PUBMED	M_XR_KEGG	M_XR_METACYC	M_XR_CHEBI	M_XR_BIGG	M_XR_METANETX	M_MT_ENERGY	M_MT_ERROR
Meta-I:31494				0			O=c1[nH]c(=O)c2c([nH]1)n(CC(C(C(COP(=O)(OP(=O)(OCC1OC(C(C1O)O)n1cnc3c1ncnc3N)[O-])[O-])O)O)O)c1c([nH]2)cc(c(c1)C)C				C01352	FADH2		fadh2	MNXM38		
Meta-I:40769				0			O=C1[N-]C(=O)C2C(N1)[NH+](CC(C(C(COP(=O)(OP(=O)(OCC1OC(C(C1O)O)n1cnc3c1ncnc3N)[O-])[O-])O)O)O)C1C([NH2+]2)CC(C(C1)C)C | O=c1[n-]c(=O)c2c(n1)n(CC(C(C(COP(=O)(OP(=O)(OCC1OC(C(C1O)O)n1cnc3c1ncnc3N)[O-])[O-])O)O)O)c1c(n2)cc(c(c1)C)C | O=c1[nH]c(=O)c2c(n1)n(CC(C(C(COP(=O)(OP(=O)(OCC1OC(C(C1O)O)n1cnc3c1ncnc3N)[O-])[O-])O)O)O)c1c(n2)cc(c(c1)C)C				D00005 | C00016	FAD		fad	MNXM33		
Meta-I:16416				0			[O-]C(=O)C(Cc1ccc(c(c1)O)O)[NH3+]				C00355 | D00059	L-DIHYDROXY-PHENYLALANINE		34dhphe	MNXM279 | MNXM162631		
Meta-I:39678				0			O=O				D00003 | C00007	OXYGEN-MOLECULE		o2	MNXM4		
Meta-I:1752				0							C00080	PROTON		h	MNXM1		
Meta-I:40489				0			[NH3+]C(C(=O)[O-])Cc1ccc(cc1)O				C00082 | D00022 | C01536	TYR		tyr__L	MNXM76		
Meta-I:42676				0			[OH3+] | [OH-] | *O | [O-2].[Cu+].[Cu+] | O				C00001 | D06322 | D03703 | C18714 | D00001 | C01328	OH | OXONIUM | HYDROXYL-GROUP | WATER		h2o | oh1	MNXM124831 | MNXM154962 | MNXM126605 | MNXM2 | MNXM145357		
Meta-I:46553				0			CC(C(C1CNc2c(N1)c(=O)[nH]c(n2)N)O)O | CC(C(C1CNc2c(N1)c(=O)nc([nH]2)N)O)O | CC(C(C1CNc2c(N1)c([O-])[nH+]c(=[NH2+])[nH]2)O)O				C00272 | D08505	TETRA-H-BIOPTERIN		thbpt	MNXM722714 | MNXM89658 | MNXM725412 | MNXM725468		
Meta-I:42741				0			CC(C(C1CNc2c([N]1)c(=O)[nH]c(n2)N)O)O | CC(C(C1=Nc2c(NC1)nc([nH]c2=O)N)O)O | CC(C(C1CN[C+]2=N[C+](=NC(=O)C2=N1)N)O)O | CC(C(C1=Nc2c(NC1)[nH]c(nc2=O)N)O)O | CC(C(C1=Nc2c(NC1)[nH]c(=[NH2+])[nH+]c2[O-])O)O				C00268 | C02953	CPD-15159 | CPD-14202 | BIOPTERIN		CE2705 | dhbpt	MNXM90267 | MNXM90604 | MNXM6118 | MNXM722829 | MNXM723641 | MNXM162257		
Meta-I:14894				0			CC(C(C1CN[C+]2=N[C+](=NC(=O)C2([NH2+]1)O)N)O)O				C15522	CPD-5881			MNXM722800 | MNXM380		
Meta-I:20239				0			CC(C(C1CNc2c(N1)c(=O)[nH]c(n2)N)O)O					CPD-14053			MNXM59378		
Meta-I:13179				0			[O-]C1=[NH+][C+](=[NH2+])N[C+]2=NCC([NH2+]C12O)C(C(O)C)O								MNXM487425		
