P_PR_UID	P_PR_REACTIONS	P_PR_ORIGIN	P_PR_TARGET	P_PR_INTERMEDIATES	P_PR_BOUNDARY	P_RF_PUBMED	P_MT_SCORE	P_MT_MAXYIELD	P_MT_LENGTH	P_MT_FEASIBILITY
Z1.2_Meta-I:16416	RXN-I:11075	Meta-I:40489	Meta-I:16416		Meta-I:31494 | Meta-I:40769 | Meta-I:39678 | Meta-I:1752 | Meta-I:40489 | Meta-I:42676				1	
Z1.1_Meta-I:16416	RXN-I:27730	Meta-I:40489	Meta-I:16416		Meta-I:46553 | Meta-I:39678 | Meta-I:40489 | Meta-I:42676 | Meta-I:42741				1	
Z1.4_Meta-I:16416	RXN-I:14963	Meta-I:40489	Meta-I:16416		Meta-I:39678 | Meta-I:40489 | Meta-I:14894 | Meta-I:20239				1	
Z1.3_Meta-I:16416	RXN-I:3491	Meta-I:40489	Meta-I:16416		Meta-I:39678 | Meta-I:40489				1	
Z1.6_Meta-I:16416	RXN-I:2928	Meta-I:40489	Meta-I:16416		Meta-I:46553 | Meta-I:39678 | Meta-I:40489 | Meta-I:14894				1	
Z1.5_Meta-I:16416	RXN-I:21425	Meta-I:40489	Meta-I:16416		Meta-I:46553 | Meta-I:39678 | Meta-I:13179 | Meta-I:40489				1	
Z1.8_Meta-I:16416	RXN-I:20472	Meta-I:40489	Meta-I:16416		Meta-I:39678 | Meta-I:1752 | Meta-I:40489 | Meta-I:42676				1	
Z1.7_Meta-I:16416	RXN-I:24553	Meta-I:40489	Meta-I:16416		Meta-I:39678 | Meta-I:40489				1	
