R_PR_UID	R_PR_STOICH	R_PR_EC	R_PR_GIBBS	R_RF_PUBMED	R_XR_METACYC	R_XR_SEED	R_XR_KEGG	R_XR_BIGG	R_XR_METANETX	R_MT_ERROR	enumeration.map.ftof.reactions	enumeration.map.ftoz.reactions
RXN-I:11075	 + 1.0 * Meta-I:31494 + 1.0 * Meta-I:39678 + 1.0 * Meta-I:40489 ==> 1.0 * Meta-I:40769 + 1.0 * Meta-I:16416 + 1.0 * Meta-I:1752 + 1.0 * Meta-I:42676				RXN-14990				MNXR119056		RXN-I:27730,RXN-I:11075,RXN-I:3491,RXN-I:14963,RXN-I:21425,RXN-I:2928,RXN-I:24553,RXN-I:20472	RZ_23
RXN-I:27730	 + 1.0 * Meta-I:46553 + 1.0 * Meta-I:39678 + 1.0 * Meta-I:40489 ==> 1.0 * Meta-I:16416 + 1.0 * Meta-I:42676 + 1.0 * Meta-I:42741					rxn01326	R01815	HMR_6728	MNXR141671 | MNXR139069		RXN-I:27730,RXN-I:11075,RXN-I:3491,RXN-I:14963,RXN-I:21425,RXN-I:2928,RXN-I:24553,RXN-I:20472	RZ_23
RXN-I:14963	 + 1.0 * Meta-I:39678 + 1.0 * Meta-I:40489 + 1.0 * Meta-I:20239 ==> 1.0 * Meta-I:16416 + 1.0 * Meta-I:14894				TYROSINE-3-MONOOXYGENASE-RXN						RXN-I:27730,RXN-I:11075,RXN-I:3491,RXN-I:14963,RXN-I:21425,RXN-I:2928,RXN-I:24553,RXN-I:20472	RZ_23
RXN-I:3491	 + 1.0 * Meta-I:39678 + 1.0 * Meta-I:40489 ==> 1.0 * Meta-I:16416					rxn24119					RXN-I:27730,RXN-I:11075,RXN-I:3491,RXN-I:14963,RXN-I:21425,RXN-I:2928,RXN-I:24553,RXN-I:20472	RZ_23
RXN-I:2928	 + 1.0 * Meta-I:46553 + 1.0 * Meta-I:39678 + 1.0 * Meta-I:40489 ==> 1.0 * Meta-I:16416 + 1.0 * Meta-I:14894					rxn04990	R07212		MNXR141023 | MNXR124081 | MNXR139509		RXN-I:27730,RXN-I:11075,RXN-I:3491,RXN-I:14963,RXN-I:21425,RXN-I:2928,RXN-I:24553,RXN-I:20472	RZ_23
RXN-I:21425	 + 1.0 * Meta-I:46553 + 1.0 * Meta-I:39678 + 1.0 * Meta-I:40489 ==> 1.0 * Meta-I:16416 + 1.0 * Meta-I:13179					rxn27400					RXN-I:27730,RXN-I:11075,RXN-I:3491,RXN-I:14963,RXN-I:21425,RXN-I:2928,RXN-I:24553,RXN-I:20472	RZ_23
RXN-I:20472	 + 1.0 * Meta-I:39678 + 2.0 * Meta-I:1752 + 1.0 * Meta-I:40489 ==> 1.0 * Meta-I:16416 + 1.0 * Meta-I:42676					rxn00524	R00731	HMR_6729	MNXR106657		RXN-I:27730,RXN-I:11075,RXN-I:3491,RXN-I:14963,RXN-I:21425,RXN-I:2928,RXN-I:24553,RXN-I:20472	RZ_23
RXN-I:24553	 + 1.0 * Meta-I:39678 + 2.0 * Meta-I:40489 ==> 2.0 * Meta-I:16416				RXN-5861	rxn00024	R00031	TYRDOPO	MNXR104991 | MNXR106346		RXN-I:27730,RXN-I:11075,RXN-I:3491,RXN-I:14963,RXN-I:21425,RXN-I:2928,RXN-I:24553,RXN-I:20472	RZ_23
