P_PR_UID	P_PR_REACTIONS	P_PR_ORIGIN	P_PR_TARGET	P_PR_INTERMEDIATES	P_PR_BOUNDARY	P_RF_PUBMED	P_MT_SCORE	P_MT_MAXYIELD	P_MT_LENGTH	P_MT_FEASIBILITY
Z5.4_Meta-I:35556	RXN-I:14963 | RXN-I:9970 | RXN-I:12421 | RXN-I:16787 | RXN-I:7194 | RXN-I:16349 | RXN-I:34823 | RXN-I:413 | RXN-I:15148	Meta-I:40489	Meta-I:35556	Meta-I:16416 | Meta-I:6316 | Meta-I:2473 | Meta-I:46336 | Meta-I:40267 | Meta-I:39951 | Meta-I:39927 | Meta-I:4639	Meta-I:39678 | Meta-I:40489 | Meta-I:14894 | Meta-I:20239 | Meta-I:5852 | Meta-I:37645 | Meta-I:40685 | Meta-I:40686 | Meta-I:42676 | Meta-I:1752 | Meta-I:40269 | Meta-I:40688 | Meta-I:40690 | Meta-I:757 | Meta-I:40771				9	
Z5.3_Meta-I:35556	RXN-I:3491 | RXN-I:9970 | RXN-I:12421 | RXN-I:16787 | RXN-I:7194 | RXN-I:16349 | RXN-I:34823 | RXN-I:413 | RXN-I:15148	Meta-I:40489	Meta-I:35556	Meta-I:16416 | Meta-I:6316 | Meta-I:2473 | Meta-I:46336 | Meta-I:40267 | Meta-I:39951 | Meta-I:39927 | Meta-I:4639	Meta-I:39678 | Meta-I:40489 | Meta-I:5852 | Meta-I:37645 | Meta-I:40685 | Meta-I:40686 | Meta-I:42676 | Meta-I:1752 | Meta-I:40269 | Meta-I:40688 | Meta-I:40690 | Meta-I:757 | Meta-I:40771				9	
Z5.6_Meta-I:35556	RXN-I:2928 | RXN-I:9970 | RXN-I:12421 | RXN-I:16787 | RXN-I:7194 | RXN-I:16349 | RXN-I:34823 | RXN-I:413 | RXN-I:15148	Meta-I:40489	Meta-I:35556	Meta-I:16416 | Meta-I:6316 | Meta-I:2473 | Meta-I:46336 | Meta-I:40267 | Meta-I:39951 | Meta-I:39927 | Meta-I:4639	Meta-I:46553 | Meta-I:39678 | Meta-I:40489 | Meta-I:14894 | Meta-I:5852 | Meta-I:37645 | Meta-I:40685 | Meta-I:40686 | Meta-I:42676 | Meta-I:1752 | Meta-I:40269 | Meta-I:40688 | Meta-I:40690 | Meta-I:757 | Meta-I:40771				9	
Z5.5_Meta-I:35556	RXN-I:21425 | RXN-I:9970 | RXN-I:12421 | RXN-I:16787 | RXN-I:7194 | RXN-I:16349 | RXN-I:34823 | RXN-I:413 | RXN-I:15148	Meta-I:40489	Meta-I:35556	Meta-I:16416 | Meta-I:6316 | Meta-I:2473 | Meta-I:46336 | Meta-I:40267 | Meta-I:39951 | Meta-I:39927 | Meta-I:4639	Meta-I:46553 | Meta-I:39678 | Meta-I:13179 | Meta-I:40489 | Meta-I:5852 | Meta-I:37645 | Meta-I:40685 | Meta-I:40686 | Meta-I:42676 | Meta-I:1752 | Meta-I:40269 | Meta-I:40688 | Meta-I:40690 | Meta-I:757 | Meta-I:40771				9	
Z5.8_Meta-I:35556	RXN-I:20472 | RXN-I:9970 | RXN-I:12421 | RXN-I:16787 | RXN-I:7194 | RXN-I:16349 | RXN-I:34823 | RXN-I:413 | RXN-I:15148	Meta-I:40489	Meta-I:35556	Meta-I:16416 | Meta-I:6316 | Meta-I:2473 | Meta-I:46336 | Meta-I:40267 | Meta-I:39951 | Meta-I:39927 | Meta-I:4639	Meta-I:39678 | Meta-I:1752 | Meta-I:40489 | Meta-I:42676 | Meta-I:5852 | Meta-I:37645 | Meta-I:40685 | Meta-I:40686 | Meta-I:40269 | Meta-I:40688 | Meta-I:40690 | Meta-I:757 | Meta-I:40771				9	
Z5.7_Meta-I:35556	RXN-I:24553 | RXN-I:9970 | RXN-I:12421 | RXN-I:16787 | RXN-I:7194 | RXN-I:16349 | RXN-I:34823 | RXN-I:413 | RXN-I:15148	Meta-I:40489	Meta-I:35556	Meta-I:16416 | Meta-I:6316 | Meta-I:2473 | Meta-I:46336 | Meta-I:40267 | Meta-I:39951 | Meta-I:39927 | Meta-I:4639	Meta-I:39678 | Meta-I:40489 | Meta-I:5852 | Meta-I:37645 | Meta-I:40685 | Meta-I:40686 | Meta-I:42676 | Meta-I:1752 | Meta-I:40269 | Meta-I:40688 | Meta-I:40690 | Meta-I:757 | Meta-I:40771				9	
Z5.9_Meta-I:35556	RXN-I:27730 | RXN-I:9970 | RXN-I:26506 | RXN-I:16787 | RXN-I:7194 | RXN-I:16349 | RXN-I:34823 | RXN-I:413 | RXN-I:15148	Meta-I:40489	Meta-I:35556	Meta-I:16416 | Meta-I:6316 | Meta-I:2473 | Meta-I:46336 | Meta-I:40267 | Meta-I:39951 | Meta-I:39927 | Meta-I:4639	Meta-I:46553 | Meta-I:39678 | Meta-I:40489 | Meta-I:42676 | Meta-I:42741 | Meta-I:5852 | Meta-I:1752 | Meta-I:40688 | Meta-I:40690 | Meta-I:40269 | Meta-I:757 | Meta-I:40771				9	
Z5.17_Meta-I:35556	RXN-I:27730 | RXN-I:9970 | RXN-I:32353 | RXN-I:16787 | RXN-I:7194 | RXN-I:16349 | RXN-I:34823 | RXN-I:413 | RXN-I:15148	Meta-I:40489	Meta-I:35556	Meta-I:16416 | Meta-I:6316 | Meta-I:2473 | Meta-I:46336 | Meta-I:40267 | Meta-I:39951 | Meta-I:39927 | Meta-I:4639	Meta-I:46553 | Meta-I:39678 | Meta-I:40489 | Meta-I:42676 | Meta-I:42741 | Meta-I:5852 | Meta-I:1752 | Meta-I:40269 | Meta-I:40688 | Meta-I:40690 | Meta-I:757 | Meta-I:40771				9	
Z5.39_Meta-I:35556	RXN-I:24553 | RXN-I:9970 | RXN-I:2386 | RXN-I:16787 | RXN-I:7194 | RXN-I:16349 | RXN-I:34823 | RXN-I:413 | RXN-I:15148	Meta-I:40489	Meta-I:35556	Meta-I:16416 | Meta-I:6316 | Meta-I:2473 | Meta-I:46336 | Meta-I:40267 | Meta-I:39951 | Meta-I:39927 | Meta-I:4639	Meta-I:39678 | Meta-I:40489 | Meta-I:5852 | Meta-I:1752 | Meta-I:40685 | Meta-I:40686 | Meta-I:42676 | Meta-I:40269 | Meta-I:40688 | Meta-I:40690 | Meta-I:757 | Meta-I:40771				9	
Z5.16_Meta-I:35556	RXN-I:20472 | RXN-I:9970 | RXN-I:26506 | RXN-I:16787 | RXN-I:7194 | RXN-I:16349 | RXN-I:34823 | RXN-I:413 | RXN-I:15148	Meta-I:40489	Meta-I:35556	Meta-I:16416 | Meta-I:6316 | Meta-I:2473 | Meta-I:46336 | Meta-I:40267 | Meta-I:39951 | Meta-I:39927 | Meta-I:4639	Meta-I:39678 | Meta-I:1752 | Meta-I:40489 | Meta-I:42676 | Meta-I:5852 | Meta-I:40688 | Meta-I:40690 | Meta-I:40269 | Meta-I:757 | Meta-I:40771				9	
Z5.38_Meta-I:35556	RXN-I:2928 | RXN-I:9970 | RXN-I:2386 | RXN-I:16787 | RXN-I:7194 | RXN-I:16349 | RXN-I:34823 | RXN-I:413 | RXN-I:15148	Meta-I:40489	Meta-I:35556	Meta-I:16416 | Meta-I:6316 | Meta-I:2473 | Meta-I:46336 | Meta-I:40267 | Meta-I:39951 | Meta-I:39927 | Meta-I:4639	Meta-I:46553 | Meta-I:39678 | Meta-I:40489 | Meta-I:14894 | Meta-I:5852 | Meta-I:1752 | Meta-I:40685 | Meta-I:40686 | Meta-I:42676 | Meta-I:40269 | Meta-I:40688 | Meta-I:40690 | Meta-I:757 | Meta-I:40771				9	
Z5.19_Meta-I:35556	RXN-I:3491 | RXN-I:9970 | RXN-I:32353 | RXN-I:16787 | RXN-I:7194 | RXN-I:16349 | RXN-I:34823 | RXN-I:413 | RXN-I:15148	Meta-I:40489	Meta-I:35556	Meta-I:16416 | Meta-I:6316 | Meta-I:2473 | Meta-I:46336 | Meta-I:40267 | Meta-I:39951 | Meta-I:39927 | Meta-I:4639	Meta-I:39678 | Meta-I:40489 | Meta-I:5852 | Meta-I:1752 | Meta-I:42676 | Meta-I:40269 | Meta-I:40688 | Meta-I:40690 | Meta-I:757 | Meta-I:40771				9	
Z5.18_Meta-I:35556	RXN-I:11075 | RXN-I:9970 | RXN-I:32353 | RXN-I:16787 | RXN-I:7194 | RXN-I:16349 | RXN-I:34823 | RXN-I:413 | RXN-I:15148	Meta-I:40489	Meta-I:35556	Meta-I:16416 | Meta-I:6316 | Meta-I:2473 | Meta-I:46336 | Meta-I:40267 | Meta-I:39951 | Meta-I:39927 | Meta-I:4639	Meta-I:31494 | Meta-I:40769 | Meta-I:39678 | Meta-I:1752 | Meta-I:40489 | Meta-I:42676 | Meta-I:5852 | Meta-I:40269 | Meta-I:40688 | Meta-I:40690 | Meta-I:757 | Meta-I:40771				9	
Z5.13_Meta-I:35556	RXN-I:21425 | RXN-I:9970 | RXN-I:26506 | RXN-I:16787 | RXN-I:7194 | RXN-I:16349 | RXN-I:34823 | RXN-I:413 | RXN-I:15148	Meta-I:40489	Meta-I:35556	Meta-I:16416 | Meta-I:6316 | Meta-I:2473 | Meta-I:46336 | Meta-I:40267 | Meta-I:39951 | Meta-I:39927 | Meta-I:4639	Meta-I:46553 | Meta-I:39678 | Meta-I:13179 | Meta-I:40489 | Meta-I:5852 | Meta-I:1752 | Meta-I:40688 | Meta-I:42676 | Meta-I:40690 | Meta-I:40269 | Meta-I:757 | Meta-I:40771				9	
Z5.35_Meta-I:35556	RXN-I:3491 | RXN-I:9970 | RXN-I:2386 | RXN-I:16787 | RXN-I:7194 | RXN-I:16349 | RXN-I:34823 | RXN-I:413 | RXN-I:15148	Meta-I:40489	Meta-I:35556	Meta-I:16416 | Meta-I:6316 | Meta-I:2473 | Meta-I:46336 | Meta-I:40267 | Meta-I:39951 | Meta-I:39927 | Meta-I:4639	Meta-I:39678 | Meta-I:40489 | Meta-I:5852 | Meta-I:1752 | Meta-I:40685 | Meta-I:40686 | Meta-I:42676 | Meta-I:40269 | Meta-I:40688 | Meta-I:40690 | Meta-I:757 | Meta-I:40771				9	
Z5.12_Meta-I:35556	RXN-I:14963 | RXN-I:9970 | RXN-I:26506 | RXN-I:16787 | RXN-I:7194 | RXN-I:16349 | RXN-I:34823 | RXN-I:413 | RXN-I:15148	Meta-I:40489	Meta-I:35556	Meta-I:16416 | Meta-I:6316 | Meta-I:2473 | Meta-I:46336 | Meta-I:40267 | Meta-I:39951 | Meta-I:39927 | Meta-I:4639	Meta-I:39678 | Meta-I:40489 | Meta-I:14894 | Meta-I:20239 | Meta-I:5852 | Meta-I:1752 | Meta-I:40688 | Meta-I:42676 | Meta-I:40690 | Meta-I:40269 | Meta-I:757 | Meta-I:40771				9	
Z5.34_Meta-I:35556	RXN-I:11075 | RXN-I:9970 | RXN-I:2386 | RXN-I:16787 | RXN-I:7194 | RXN-I:16349 | RXN-I:34823 | RXN-I:413 | RXN-I:15148	Meta-I:40489	Meta-I:35556	Meta-I:16416 | Meta-I:6316 | Meta-I:2473 | Meta-I:46336 | Meta-I:40267 | Meta-I:39951 | Meta-I:39927 | Meta-I:4639	Meta-I:31494 | Meta-I:40769 | Meta-I:39678 | Meta-I:1752 | Meta-I:40489 | Meta-I:42676 | Meta-I:5852 | Meta-I:40685 | Meta-I:40686 | Meta-I:40269 | Meta-I:40688 | Meta-I:40690 | Meta-I:757 | Meta-I:40771				9	
Z5.15_Meta-I:35556	RXN-I:24553 | RXN-I:9970 | RXN-I:26506 | RXN-I:16787 | RXN-I:7194 | RXN-I:16349 | RXN-I:34823 | RXN-I:413 | RXN-I:15148	Meta-I:40489	Meta-I:35556	Meta-I:16416 | Meta-I:6316 | Meta-I:2473 | Meta-I:46336 | Meta-I:40267 | Meta-I:39951 | Meta-I:39927 | Meta-I:4639	Meta-I:39678 | Meta-I:40489 | Meta-I:5852 | Meta-I:1752 | Meta-I:40688 | Meta-I:42676 | Meta-I:40690 | Meta-I:40269 | Meta-I:757 | Meta-I:40771				9	
Z5.37_Meta-I:35556	RXN-I:21425 | RXN-I:9970 | RXN-I:2386 | RXN-I:16787 | RXN-I:7194 | RXN-I:16349 | RXN-I:34823 | RXN-I:413 | RXN-I:15148	Meta-I:40489	Meta-I:35556	Meta-I:16416 | Meta-I:6316 | Meta-I:2473 | Meta-I:46336 | Meta-I:40267 | Meta-I:39951 | Meta-I:39927 | Meta-I:4639	Meta-I:46553 | Meta-I:39678 | Meta-I:13179 | Meta-I:40489 | Meta-I:5852 | Meta-I:1752 | Meta-I:40685 | Meta-I:40686 | Meta-I:42676 | Meta-I:40269 | Meta-I:40688 | Meta-I:40690 | Meta-I:757 | Meta-I:40771				9	
Z5.14_Meta-I:35556	RXN-I:2928 | RXN-I:9970 | RXN-I:26506 | RXN-I:16787 | RXN-I:7194 | RXN-I:16349 | RXN-I:34823 | RXN-I:413 | RXN-I:15148	Meta-I:40489	Meta-I:35556	Meta-I:16416 | Meta-I:6316 | Meta-I:2473 | Meta-I:46336 | Meta-I:40267 | Meta-I:39951 | Meta-I:39927 | Meta-I:4639	Meta-I:46553 | Meta-I:39678 | Meta-I:40489 | Meta-I:14894 | Meta-I:5852 | Meta-I:1752 | Meta-I:40688 | Meta-I:42676 | Meta-I:40690 | Meta-I:40269 | Meta-I:757 | Meta-I:40771				9	
Z5.36_Meta-I:35556	RXN-I:14963 | RXN-I:9970 | RXN-I:2386 | RXN-I:16787 | RXN-I:7194 | RXN-I:16349 | RXN-I:34823 | RXN-I:413 | RXN-I:15148	Meta-I:40489	Meta-I:35556	Meta-I:16416 | Meta-I:6316 | Meta-I:2473 | Meta-I:46336 | Meta-I:40267 | Meta-I:39951 | Meta-I:39927 | Meta-I:4639	Meta-I:39678 | Meta-I:40489 | Meta-I:14894 | Meta-I:20239 | Meta-I:5852 | Meta-I:1752 | Meta-I:40685 | Meta-I:40686 | Meta-I:42676 | Meta-I:40269 | Meta-I:40688 | Meta-I:40690 | Meta-I:757 | Meta-I:40771				9	
Z5.31_Meta-I:35556	RXN-I:24553 | RXN-I:9970 | RXN-I:28361 | RXN-I:16787 | RXN-I:7194 | RXN-I:16349 | RXN-I:34823 | RXN-I:413 | RXN-I:15148	Meta-I:40489	Meta-I:35556	Meta-I:16416 | Meta-I:6316 | Meta-I:2473 | Meta-I:46336 | Meta-I:40267 | Meta-I:39951 | Meta-I:39927 | Meta-I:4639	Meta-I:39678 | Meta-I:40489 | Meta-I:5852 | Meta-I:1752 | Meta-I:40269 | Meta-I:42676 | Meta-I:40688 | Meta-I:40690 | Meta-I:757 | Meta-I:40771				9	
Z5.30_Meta-I:35556	RXN-I:2928 | RXN-I:9970 | RXN-I:28361 | RXN-I:16787 | RXN-I:7194 | RXN-I:16349 | RXN-I:34823 | RXN-I:413 | RXN-I:15148	Meta-I:40489	Meta-I:35556	Meta-I:16416 | Meta-I:6316 | Meta-I:2473 | Meta-I:46336 | Meta-I:40267 | Meta-I:39951 | Meta-I:39927 | Meta-I:4639	Meta-I:46553 | Meta-I:39678 | Meta-I:40489 | Meta-I:14894 | Meta-I:5852 | Meta-I:1752 | Meta-I:40269 | Meta-I:42676 | Meta-I:40688 | Meta-I:40690 | Meta-I:757 | Meta-I:40771				9	
Z5.11_Meta-I:35556	RXN-I:3491 | RXN-I:9970 | RXN-I:26506 | RXN-I:16787 | RXN-I:7194 | RXN-I:16349 | RXN-I:34823 | RXN-I:413 | RXN-I:15148	Meta-I:40489	Meta-I:35556	Meta-I:16416 | Meta-I:6316 | Meta-I:2473 | Meta-I:46336 | Meta-I:40267 | Meta-I:39951 | Meta-I:39927 | Meta-I:4639	Meta-I:39678 | Meta-I:40489 | Meta-I:5852 | Meta-I:1752 | Meta-I:40688 | Meta-I:42676 | Meta-I:40690 | Meta-I:40269 | Meta-I:757 | Meta-I:40771				9	
Z5.33_Meta-I:35556	RXN-I:27730 | RXN-I:9970 | RXN-I:2386 | RXN-I:16787 | RXN-I:7194 | RXN-I:16349 | RXN-I:34823 | RXN-I:413 | RXN-I:15148	Meta-I:40489	Meta-I:35556	Meta-I:16416 | Meta-I:6316 | Meta-I:2473 | Meta-I:46336 | Meta-I:40267 | Meta-I:39951 | Meta-I:39927 | Meta-I:4639	Meta-I:46553 | Meta-I:39678 | Meta-I:40489 | Meta-I:42676 | Meta-I:42741 | Meta-I:5852 | Meta-I:1752 | Meta-I:40685 | Meta-I:40686 | Meta-I:40269 | Meta-I:40688 | Meta-I:40690 | Meta-I:757 | Meta-I:40771				9	
Z5.10_Meta-I:35556	RXN-I:11075 | RXN-I:9970 | RXN-I:26506 | RXN-I:16787 | RXN-I:7194 | RXN-I:16349 | RXN-I:34823 | RXN-I:413 | RXN-I:15148	Meta-I:40489	Meta-I:35556	Meta-I:16416 | Meta-I:6316 | Meta-I:2473 | Meta-I:46336 | Meta-I:40267 | Meta-I:39951 | Meta-I:39927 | Meta-I:4639	Meta-I:31494 | Meta-I:40769 | Meta-I:39678 | Meta-I:1752 | Meta-I:40489 | Meta-I:42676 | Meta-I:5852 | Meta-I:40688 | Meta-I:40690 | Meta-I:40269 | Meta-I:757 | Meta-I:40771				9	
Z5.32_Meta-I:35556	RXN-I:20472 | RXN-I:9970 | RXN-I:28361 | RXN-I:16787 | RXN-I:7194 | RXN-I:16349 | RXN-I:34823 | RXN-I:413 | RXN-I:15148	Meta-I:40489	Meta-I:35556	Meta-I:16416 | Meta-I:6316 | Meta-I:2473 | Meta-I:46336 | Meta-I:40267 | Meta-I:39951 | Meta-I:39927 | Meta-I:4639	Meta-I:39678 | Meta-I:1752 | Meta-I:40489 | Meta-I:42676 | Meta-I:5852 | Meta-I:40269 | Meta-I:40688 | Meta-I:40690 | Meta-I:757 | Meta-I:40771				9	
Z5.40_Meta-I:35556	RXN-I:20472 | RXN-I:9970 | RXN-I:2386 | RXN-I:16787 | RXN-I:7194 | RXN-I:16349 | RXN-I:34823 | RXN-I:413 | RXN-I:15148	Meta-I:40489	Meta-I:35556	Meta-I:16416 | Meta-I:6316 | Meta-I:2473 | Meta-I:46336 | Meta-I:40267 | Meta-I:39951 | Meta-I:39927 | Meta-I:4639	Meta-I:39678 | Meta-I:1752 | Meta-I:40489 | Meta-I:42676 | Meta-I:5852 | Meta-I:40685 | Meta-I:40686 | Meta-I:40269 | Meta-I:40688 | Meta-I:40690 | Meta-I:757 | Meta-I:40771				9	
Z5.28_Meta-I:35556	RXN-I:14963 | RXN-I:9970 | RXN-I:28361 | RXN-I:16787 | RXN-I:7194 | RXN-I:16349 | RXN-I:34823 | RXN-I:413 | RXN-I:15148	Meta-I:40489	Meta-I:35556	Meta-I:16416 | Meta-I:6316 | Meta-I:2473 | Meta-I:46336 | Meta-I:40267 | Meta-I:39951 | Meta-I:39927 | Meta-I:4639	Meta-I:39678 | Meta-I:40489 | Meta-I:14894 | Meta-I:20239 | Meta-I:5852 | Meta-I:1752 | Meta-I:40269 | Meta-I:42676 | Meta-I:40688 | Meta-I:40690 | Meta-I:757 | Meta-I:40771				9	
Z3.1_Meta-I:35556	RXN-I:35781 | RXN-I:16787 | RXN-I:7194 | RXN-I:16349 | RXN-I:34823 | RXN-I:413 | RXN-I:15148	Meta-I:40489	Meta-I:35556	Meta-I:2473 | Meta-I:46336 | Meta-I:40267 | Meta-I:39951 | Meta-I:39927 | Meta-I:4639	Meta-I:5852 | Meta-I:1752 | Meta-I:40489 | Meta-I:40269 | Meta-I:42676 | Meta-I:40688 | Meta-I:40690 | Meta-I:757 | Meta-I:40771				7	
Z5.27_Meta-I:35556	RXN-I:3491 | RXN-I:9970 | RXN-I:28361 | RXN-I:16787 | RXN-I:7194 | RXN-I:16349 | RXN-I:34823 | RXN-I:413 | RXN-I:15148	Meta-I:40489	Meta-I:35556	Meta-I:16416 | Meta-I:6316 | Meta-I:2473 | Meta-I:46336 | Meta-I:40267 | Meta-I:39951 | Meta-I:39927 | Meta-I:4639	Meta-I:39678 | Meta-I:40489 | Meta-I:5852 | Meta-I:1752 | Meta-I:40269 | Meta-I:42676 | Meta-I:40688 | Meta-I:40690 | Meta-I:757 | Meta-I:40771				9	
Z5.2_Meta-I:35556	RXN-I:11075 | RXN-I:9970 | RXN-I:12421 | RXN-I:16787 | RXN-I:7194 | RXN-I:16349 | RXN-I:34823 | RXN-I:413 | RXN-I:15148	Meta-I:40489	Meta-I:35556	Meta-I:16416 | Meta-I:6316 | Meta-I:2473 | Meta-I:46336 | Meta-I:40267 | Meta-I:39951 | Meta-I:39927 | Meta-I:4639	Meta-I:31494 | Meta-I:40769 | Meta-I:39678 | Meta-I:1752 | Meta-I:40489 | Meta-I:42676 | Meta-I:5852 | Meta-I:37645 | Meta-I:40685 | Meta-I:40686 | Meta-I:40269 | Meta-I:40688 | Meta-I:40690 | Meta-I:757 | Meta-I:40771				9	
Z5.1_Meta-I:35556	RXN-I:27730 | RXN-I:9970 | RXN-I:12421 | RXN-I:16787 | RXN-I:7194 | RXN-I:16349 | RXN-I:34823 | RXN-I:413 | RXN-I:15148	Meta-I:40489	Meta-I:35556	Meta-I:16416 | Meta-I:6316 | Meta-I:2473 | Meta-I:46336 | Meta-I:40267 | Meta-I:39951 | Meta-I:39927 | Meta-I:4639	Meta-I:46553 | Meta-I:39678 | Meta-I:40489 | Meta-I:42676 | Meta-I:42741 | Meta-I:5852 | Meta-I:37645 | Meta-I:40685 | Meta-I:40686 | Meta-I:1752 | Meta-I:40269 | Meta-I:40688 | Meta-I:40690 | Meta-I:757 | Meta-I:40771				9	
Z5.29_Meta-I:35556	RXN-I:21425 | RXN-I:9970 | RXN-I:28361 | RXN-I:16787 | RXN-I:7194 | RXN-I:16349 | RXN-I:34823 | RXN-I:413 | RXN-I:15148	Meta-I:40489	Meta-I:35556	Meta-I:16416 | Meta-I:6316 | Meta-I:2473 | Meta-I:46336 | Meta-I:40267 | Meta-I:39951 | Meta-I:39927 | Meta-I:4639	Meta-I:46553 | Meta-I:39678 | Meta-I:13179 | Meta-I:40489 | Meta-I:5852 | Meta-I:1752 | Meta-I:40269 | Meta-I:42676 | Meta-I:40688 | Meta-I:40690 | Meta-I:757 | Meta-I:40771				9	
Z5.24_Meta-I:35556	RXN-I:20472 | RXN-I:9970 | RXN-I:32353 | RXN-I:16787 | RXN-I:7194 | RXN-I:16349 | RXN-I:34823 | RXN-I:413 | RXN-I:15148	Meta-I:40489	Meta-I:35556	Meta-I:16416 | Meta-I:6316 | Meta-I:2473 | Meta-I:46336 | Meta-I:40267 | Meta-I:39951 | Meta-I:39927 | Meta-I:4639	Meta-I:39678 | Meta-I:1752 | Meta-I:40489 | Meta-I:42676 | Meta-I:5852 | Meta-I:40269 | Meta-I:40688 | Meta-I:40690 | Meta-I:757 | Meta-I:40771				9	
Z5.23_Meta-I:35556	RXN-I:24553 | RXN-I:9970 | RXN-I:32353 | RXN-I:16787 | RXN-I:7194 | RXN-I:16349 | RXN-I:34823 | RXN-I:413 | RXN-I:15148	Meta-I:40489	Meta-I:35556	Meta-I:16416 | Meta-I:6316 | Meta-I:2473 | Meta-I:46336 | Meta-I:40267 | Meta-I:39951 | Meta-I:39927 | Meta-I:4639	Meta-I:39678 | Meta-I:40489 | Meta-I:5852 | Meta-I:1752 | Meta-I:42676 | Meta-I:40269 | Meta-I:40688 | Meta-I:40690 | Meta-I:757 | Meta-I:40771				9	
Z5.26_Meta-I:35556	RXN-I:11075 | RXN-I:9970 | RXN-I:28361 | RXN-I:16787 | RXN-I:7194 | RXN-I:16349 | RXN-I:34823 | RXN-I:413 | RXN-I:15148	Meta-I:40489	Meta-I:35556	Meta-I:16416 | Meta-I:6316 | Meta-I:2473 | Meta-I:46336 | Meta-I:40267 | Meta-I:39951 | Meta-I:39927 | Meta-I:4639	Meta-I:31494 | Meta-I:40769 | Meta-I:39678 | Meta-I:1752 | Meta-I:40489 | Meta-I:42676 | Meta-I:5852 | Meta-I:40269 | Meta-I:40688 | Meta-I:40690 | Meta-I:757 | Meta-I:40771				9	
Z5.25_Meta-I:35556	RXN-I:27730 | RXN-I:9970 | RXN-I:28361 | RXN-I:16787 | RXN-I:7194 | RXN-I:16349 | RXN-I:34823 | RXN-I:413 | RXN-I:15148	Meta-I:40489	Meta-I:35556	Meta-I:16416 | Meta-I:6316 | Meta-I:2473 | Meta-I:46336 | Meta-I:40267 | Meta-I:39951 | Meta-I:39927 | Meta-I:4639	Meta-I:46553 | Meta-I:39678 | Meta-I:40489 | Meta-I:42676 | Meta-I:42741 | Meta-I:5852 | Meta-I:1752 | Meta-I:40269 | Meta-I:40688 | Meta-I:40690 | Meta-I:757 | Meta-I:40771				9	
Z5.20_Meta-I:35556	RXN-I:14963 | RXN-I:9970 | RXN-I:32353 | RXN-I:16787 | RXN-I:7194 | RXN-I:16349 | RXN-I:34823 | RXN-I:413 | RXN-I:15148	Meta-I:40489	Meta-I:35556	Meta-I:16416 | Meta-I:6316 | Meta-I:2473 | Meta-I:46336 | Meta-I:40267 | Meta-I:39951 | Meta-I:39927 | Meta-I:4639	Meta-I:39678 | Meta-I:40489 | Meta-I:14894 | Meta-I:20239 | Meta-I:5852 | Meta-I:1752 | Meta-I:42676 | Meta-I:40269 | Meta-I:40688 | Meta-I:40690 | Meta-I:757 | Meta-I:40771				9	
Z5.22_Meta-I:35556	RXN-I:2928 | RXN-I:9970 | RXN-I:32353 | RXN-I:16787 | RXN-I:7194 | RXN-I:16349 | RXN-I:34823 | RXN-I:413 | RXN-I:15148	Meta-I:40489	Meta-I:35556	Meta-I:16416 | Meta-I:6316 | Meta-I:2473 | Meta-I:46336 | Meta-I:40267 | Meta-I:39951 | Meta-I:39927 | Meta-I:4639	Meta-I:46553 | Meta-I:39678 | Meta-I:40489 | Meta-I:14894 | Meta-I:5852 | Meta-I:1752 | Meta-I:42676 | Meta-I:40269 | Meta-I:40688 | Meta-I:40690 | Meta-I:757 | Meta-I:40771				9	
Z5.21_Meta-I:35556	RXN-I:21425 | RXN-I:9970 | RXN-I:32353 | RXN-I:16787 | RXN-I:7194 | RXN-I:16349 | RXN-I:34823 | RXN-I:413 | RXN-I:15148	Meta-I:40489	Meta-I:35556	Meta-I:16416 | Meta-I:6316 | Meta-I:2473 | Meta-I:46336 | Meta-I:40267 | Meta-I:39951 | Meta-I:39927 | Meta-I:4639	Meta-I:46553 | Meta-I:39678 | Meta-I:13179 | Meta-I:40489 | Meta-I:5852 | Meta-I:1752 | Meta-I:42676 | Meta-I:40269 | Meta-I:40688 | Meta-I:40690 | Meta-I:757 | Meta-I:40771				9	
