R_PR_UID	R_PR_STOICH	R_PR_EC	R_PR_GIBBS	R_RF_PUBMED	R_XR_METACYC	R_XR_SEED	R_XR_KEGG	R_XR_BIGG	R_XR_METANETX	R_MT_ERROR	enumeration.map.ftof.reactions	enumeration.map.ftoz.reactions
RXN-I:6634	 + 1.0 * Meta-I:39678 + 1.0 * Meta-I:34930 + 1.0 * Meta-I:1752 + 1.0 * Meta-I:40690 ==> 1.0 * Meta-I:10122 + 1.0 * Meta-I:40688 + 1.0 * Meta-I:42676				RXN-1541	rxn23710 | rxn07592	R07778		MNXR111363 | MNXR139560		RXN-I:6634	RXN-I:6634
RXN-I:30949	 + 1.0 * Meta-I:10122 ==> 1.0 * Meta-I:10432 + 1.0 * Meta-I:42676				RXN-3303	rxn04608	R06793		MNXR139470		RXN-I:30949	RXN-I:30949
RXN-I:355	 + 1.0 * Meta-I:10432 + 1.0 * Meta-I:40771 ==> 1.0 * Meta-I:757 + 1.0 * Meta-I:39167				RXN-3642	rxn04609	R06794		MNXR110539		RXN-I:355	RXN-I:355
RXN-I:24677	 + 1.0 * Meta-I:34930 ==> 1.0 * Meta-I:10432					rxn04408	R06553		MNXR139454		RXN-I:24677	RXN-I:24677
