M_PR_UID	M_PR_NAME	M_PR_SYNONYMS	M_PR_FORMULA	M_PR_CHARGE	M_PR_INCHI	M_PR_SMILE	M_PR_SMILE-CAN-OB	M_PR_BIO	M_PR_COFACTOR	M_RF_PUBMED	M_XR_KEGG	M_XR_METACYC	M_XR_CHEBI	M_XR_BIGG	M_XR_METANETX	M_MT_ENERGY	M_MT_ERROR
Meta-I:33045				0			OC1C=CC(=CC1OC(=C)C(=O)[O-])C(=O)[O-]				C00251	CHORISMATE		chor	MNXM337		
Meta-I:36855				0			OC1C=CC(C=C1)(CC(=O)C(=O)[O-])C(=O)[O-]				C00254	PREPHENATE		pphn	MNXM503		
Meta-I:6501				0			O=C(C(=O)[O-])Cc1ccccc1 | OC(=Cc1ccccc1)C(=O)[O-]				C00166 | C02763	ENOL-PHENYLPYRUVATE | PHENYL-PYRUVATE		phpyr	MNXM210 | MNXM589160 | MNXM162242		
Meta-I:5852				0			O=C=O				C00011 | D00004	CARBON-DIOXIDE		co2	MNXM13		
Meta-I:1752				0							C00080	PROTON		h	MNXM1		
Meta-I:42676				0			[OH3+] | [OH-] | *O | [O-2].[Cu+].[Cu+] | O				C00001 | D06322 | D03703 | C18714 | D00001 | C01328	OH | OXONIUM | HYDROXYL-GROUP | WATER		h2o | oh1	MNXM124831 | MNXM154962 | MNXM126605 | MNXM2 | MNXM145357		
Meta-I:52041				0			[NH4+] | *N | *[N+](*)(*)*				C00014 | D02916 | C00706 | D02915 | C01342	SUBSTITUTED-AMINE | All-Amines | AMMONIUM | AMMONIA		nh3 | nh4	MNXM12468 | MNXM723598 | MNXM42009 | MNXM15		
Meta-I:40685				0			OC1C(O)C(OC1N1C=CCC(=C1)C(=O)N)COP(=O)(OP(=O)(OCC1OC(C(C1O)O)n1cnc2c1ncnc2N)[O-])[O-]				C00004	NADH		nadh	MNXM10		
Meta-I:40686				0			OC1C(O)C(OC1[n+]1cccc(c1)C(=O)N)COP(=O)(OP(=O)(OCC1OC(C(C1O)O)n1cnc2c1ncnc2N)[O-])[O-]				C00003 | D00002	NAD		nad	MNXM8 | MNXM165571		
Meta-I:49871				0			[NH3+]C(C(=O)[O-])Cc1ccccc1				C00079 | C02057 | D00021	PHE		phe__L	MNXM97		
Meta-I:39678				0			O=O				D00003 | C00007	OXYGEN-MOLECULE		o2	MNXM4		
Meta-I:40489				0			[NH3+]C(C(=O)[O-])Cc1ccc(cc1)O				C00082 | D00022 | C01536	TYR		tyr__L	MNXM76		
Meta-I:14894				0			CC(C(C1CN[C+]2=N[C+](=NC(=O)C2([NH2+]1)O)N)O)O				C15522	CPD-5881			MNXM722800 | MNXM380		
Meta-I:20239				0			CC(C(C1CNc2c(N1)c(=O)[nH]c(n2)N)O)O					CPD-14053			MNXM59378		
Meta-I:48530				0			O=C(C(=O)[O-])Cc1ccc(cc1)O | OC(=Cc1ccc(cc1)O)C(=O)[O-]				C05350 | C01179	P-HYDROXY-PHENYLPYRUVATE | CPD-21004		2h34hppr | 34hpp	MNXM114441 | MNXM153		
Meta-I:33013				0			[O-][O]				C00704	SUPER-OXIDE		o2s	MNXM330 | MNXM162331		
Meta-I:32658				0			OC(c1ccc(cc1)O)C(=O)[O-]				C03198	CPD-106			MNXM1301		
Meta-I:12696				0			O=Cc1ccc(cc1)O				C00633	4-HYDROXYBENZALDEHYDE		4hbald	MNXM577		
Meta-I:8501				0			OO | [O-][O-].[Ca+2] | [O-][O-].[Mg+2] | [Ca]1OO1				C17732 | C00027 | D00008 | C18566	HYDROGEN-PEROXIDE		h2o2	MNXM157675 | MNXM45240 | MNXM22		
Meta-I:26092				0			[O-]C(=O)c1ccc(cc1)O				C00156	4-hydroxybenzoate		4hbz	MNXM164		
Meta-I:40688				0			OC1C(O)C(OC1[n+]1cccc(c1)C(=O)N)COP(=O)(OP(=O)(OCC1OC(C(C1O)OP(=O)([O-])[O-])n1cnc2c1ncnc2N)[O-])[O-]				C00006	NADP		nadp	MNXM5		
Meta-I:40690				0			OC1C(O)C(OC1N1C=CCC(=C1)C(=O)N)COP(=O)(OP(=O)(OCC1OC(C(C1O)OP(=O)([O-])[O-])n1cnc2c1ncnc2N)[O-])[O-]				C00005	NADPH		nadph	MNXM6		
Meta-I:3333				0			[O-]C(=CC(=O)C(=O)[O-])[O-] | [O-]C(=O)CC(=O)C(=O)[O-]				C00036 | C03981	ENOL-OXALOACETATE | OXALACETIC_ACID		oaa	MNXM46 | MNXM163366		
Meta-I:31533				0			[O-]C(=O)CC(C(=O)[O-])[NH3+]				D00013 | C16433 | C00049	L-ASPARTATE		CE1787 | CE5868 | asp__L	MNXM162407 | MNXM42		
Meta-I:10422				0			[NH3+]C(C(=O)[O-])CC(C)C				C00123 | D00030 | C16439	LEU		leu__L	MNXM140		
Meta-I:42703				0			CC(CC(=O)C(=O)[O-])C				C00233	2K-4CH3-PENTANOATE		4mop	MNXM404		
Meta-I:42953				0			[O-]C(=O)CCC(C(=O)[O-])[NH3+]				C00025 | D00007 | C00302 | D04341	GLT | Glutamates		glu__L	MNXM89557		
Meta-I:40729				0			[O-]C(=O)CCC(=O)C(=O)[O-]				C00026	2-KETOGLUTARATE		akg	MNXM20		
Meta-I:39859				0			[O-]C(=O)C[NH3+]				C00037 | D00011	GLY		gly	MNXM29		
Meta-I:40134				0			O=CC(=O)[O-]				C00048	GLYOX		glx	MNXM69		
Meta-I:46553				0			CC(C(C1CNc2c(N1)c(=O)[nH]c(n2)N)O)O | CC(C(C1CNc2c(N1)c(=O)nc([nH]2)N)O)O | CC(C(C1CNc2c(N1)c([O-])[nH+]c(=[NH2+])[nH]2)O)O				C00272 | D08505	TETRA-H-BIOPTERIN		thbpt	MNXM722714 | MNXM89658 | MNXM725412 | MNXM725468		
Meta-I:43769				0			OC(C(=O)[O-])Cc1ccc(cc1)O				C03672	4-HYDROXYPHENYLLACTATE		34hpl	MNXM114141		
Meta-I:36864				0			[O-]C(=O)C=Cc1ccc(cc1)O				C06738 | C00811	COUMARATE | CIS-P-COUMARATE		T4hcinnm	MNXM5088 | MNXM505		
Meta-I:40186				0			[O-]C(=O)C				C00033 | D00010	ACET		ac	MNXM26		
Meta-I:17262				0			CCC(C(C(=O)[O-])[NH3+])C				C00407 | D00065	ILE		ile__L	MNXM231		
Meta-I:42081				0			[O-]C(=O)C(=O)C(CC)C				C00671 | C06008 | C03465	2-KETO-3-METHYL-VALERATE		2o3mpt | 3mop	MNXM162801 | MNXM94056 | MNXM439		
Meta-I:42741				0			CC(C(C1CNc2c([N]1)c(=O)[nH]c(n2)N)O)O | CC(C(C1=Nc2c(NC1)nc([nH]c2=O)N)O)O | CC(C(C1CN[C+]2=N[C+](=NC(=O)C2=N1)N)O)O | CC(C(C1=Nc2c(NC1)[nH]c(nc2=O)N)O)O | CC(C(C1=Nc2c(NC1)[nH]c(=[NH2+])[nH+]c2[O-])O)O				C00268 | C02953	CPD-15159 | CPD-14202 | BIOPTERIN		CE2705 | dhbpt	MNXM90267 | MNXM90604 | MNXM6118 | MNXM722829 | MNXM723641 | MNXM162257		
Meta-I:381				0			[O-]C(=O)C(=O)CC1CCC(C2C1O2)O				C21087				MNXM722936		
Meta-I:12409				0			[O-]C(=O)C([NH3+])CC1CCC(C2C1O2)O				C20940	CPD-17531			MNXM146287		
Meta-I:40736				0			CC(=O)C(=O)[O-]				C00022	PYRUVATE		pyr	MNXM23		
Meta-I:24872				0			[O-]C(=O)C([NH3+])C				C01401 | C00041 | D00012	L-ALPHA-ALANINE		ala__L	MNXM32		
Meta-I:12557				0			NC(=O)CCC(=O)C(=O)[O-]				C00940	2-KETO-GLUTARAMATE		HC00591	MNXM575		
Meta-I:41596				0			NC(=O)CCC(C(=O)[O-])[NH3+]				C00064 | D00015 | C00303	GLN		gln__L	MNXM37		
Meta-I:27537				0			[O-]C(=O)C(=O)CC1CCC(C2C1O2)O					CPD-17536			MNXM147378		
Meta-I:13179				0			[O-]C1=[NH+][C+](=[NH2+])N[C+]2=NCC([NH2+]C12O)C(C(O)C)O								MNXM487425		
Meta-I:33513				0			[O-]C(=O)C(=O)Cc1c[nH]c2c1cccc2				C00331	INDOLE_PYRUVATE		indpyr	MNXM315		
Meta-I:39325				0			[O-]C(=O)C(Cc1c[nH]c2c1cccc2)[NH3+]				C00806 | C00078 | D00020	TRP		trp__L	MNXM94		
Meta-I:22678				0			[O-]C(=O)C=Cc1ccccc1				C10438 | C00423	CPD-674		cinnm	MNXM438		
Meta-I:29955				0			O=C(NCCSC(=O)C=Cc1ccccc1)CCNC(=O)C(C(COP(=O)(OP(=O)(OCC1OC(C(C1OP(=O)([O-])[O-])O)n1cnc2c1ncnc2N)[O-])[O-])(C)C)O				C00540 | C16256	CINNAMOYL-COA | Cinnamoyl-CoAs			MNXM987		
Meta-I:12273				0			SCCNC(=O)CCNC(=O)C(C(COP(=O)(OP(=O)(OCC1OC(C(C1OP(=O)([O-])[O-])O)n1cnc2c1ncnc2N)[O-])[O-])(C)C)O				C00010	CO-A | COA-GROUP		coa	MNXM12		
Meta-I:16489				0			O=C(NCCSC(=O)C=Cc1ccc(cc1)O)CCNC(=O)C(C(COP(=O)(OP(=O)(OCC1OC(C(C1OP(=O)([O-])[O-])O)n1cnc2c1ncnc2N)[O-])[O-])(C)C)O				C00223	P-COUMAROYL-COA		coucoa	MNXM264		
Meta-I:37220				0			O=C(NCCSC(=O)CC(c1ccc(cc1)O)O)CCNC(=O)C(C(COP(=O)(OP(=O)(OCC1OC(C(C1OP(=O)([O-])[O-])O)n1cnc2c1ncnc2N)[O-])[O-])(C)C)O								MNXM6782 | MNXM91997		
Meta-I:41497				0			O=C(NCCSC(=O)C)CCNC(=O)C(C(COP(=O)(OP(=O)(OCC1OC(C(C1OP(=O)([O-])[O-])O)n1cnc2c1ncnc2N)[O-])[O-])(C)C)O				C00024	ACETYL-COA		accoa	MNXM21		
Meta-I:33695				0			OC1C(COP(=O)(OP(=O)(OP(=O)([O-])[O-])[O-])[O-])OC(C1O)n1cnc2c1ncnc2N				C00002 | D08646	ATP		atp	MNXM3		
Meta-I:40733				0			OC1C(O)C(OC1n1cnc2c1ncnc2N)COP(=O)([O-])[O-]				C00020 | D02769	AMP | AMP-GROUP		amp	MNXM14 | MNXM723601		
Meta-I:35208				0			[O-]P(=O)(OP(=O)([O-])[O-])[O-] | *OP(=O)(OP(=O)([O-])[O-])[O-]				C00013	PPI | PYROPHOSPHATE-GROUP		ppi	MNXM104620 | MNXM11		
Meta-I:41479				0			O=CCc1ccccc1				C00601	PHENYLACETALDEHYDE		pacald	MNXM473		
Meta-I:18337				0			[O-]C(=O)Cc1ccccc1 | CC(=O)Oc1ccccc1				C07086 | C15583 | C00548	PHENYLACETATE		pac	MNXM497 | MNXM722732		
Meta-I:36885				0			O=C(NCCSC(=O)Cc1ccccc1)CCNC(=O)C(C(COP(=O)(OP(=O)(OCC1OC(C(C1OP(=O)([O-])[O-])O)n1cnc2c1ncnc2N)[O-])[O-])(C)C)O				C00582	CPD-207		phaccoa	MNXM502		
Meta-I:20695				0			COc1c(O)c(CC=C(CCC=C(CCC=C(CCC=C(CCC=C(CCC=C(CCC=C(CCC=C(CCC=C(C)C)C)C)C)C)C)C)C)C)c(c(c1OC)O)C					CPD-9957			MNXM7857		
Meta-I:43636				0			C[O]=[C]1=C([O-])C(=C(C(=[C]1=[O]C)[O-])C)CC=C(CCC=C(CCC=C(CCC=C(CCC=C(CCC=C(CCC=C(CCC=C(CCC=C(C)C)C)C)C)C)C)C)C)C				C01967	UBIQUINONE-9			MNXM2440		
Meta-I:27286				0			O=C(NCCSC(=O)C(=O)c1ccccc1)CCNC(=O)C(C(COP(=O)(OP(=O)(OCC1OC(C(C1OP(=O)([O-])[O-])O)n1cnc2c1ncnc2N)[O-])[O-])(C)C)O				C15524	CPD-7242			MNXM2272		
Meta-I:37359				0			O=C(c1ccccc1)C(=O)[O-]				C02137	PHENYLGLYOXYLATE			MNXM764		
Meta-I:17163				0			O=C(NCCSC(=O)c1ccccc1)CCNC(=O)C(C(COP(=O)(OP(=O)(OCC1OC(C(C1OP(=O)([O-])[O-])O)n1cnc2c1ncnc2N)[O-])[O-])(C)C)O				C00512	BENZOYLCOA		benzcoa | bzcoa	MNXM240		
Meta-I:51967				0			[O-]C(=O)c1ccccc1 | [O-]C(=O)*				C00180 | D00038 | C00539	BENZOATE | Aromatic-Acid		bz	MNXM96125 | MNXM217		
Meta-I:51259				0			O=C(c1ccccc1)NCC(=O)[O-]				C01586	CPD-425		bgly	MNXM1577 | MNXM527138		
Meta-I:19655				0			CC(=CCC1=CC(=O)c2c(C1=O)cccc2)CCC=C(C)C | CC(=CCCC(=CCCC(=CCCC(=CCC1=CC(=O)c2c(C1=O)cccc2)C)C)C)CCC=C(CCC=C(CCC=C(CCC=C(C)C)C)C)C				C05818	DEMETHYLMENAQUINONE		2dmmq8	MNXM90597 | MNXM7001 | MNXM2178		
Meta-I:34918				0			CC(=CCCC(=CCCC(=CCCC(=CCc1cc(O)c2c(c1O)cccc2)C)C)C)CCC=C(CCC=C(CCC=C(CCC=C(C)C)C)C)C | CC(=CCCC(=CCCC(=CCCC(=CCC1=CC(O)c2c(C1O)cccc2)C)C)C)CCC=C(CCC=C(CCC=C(CCC=C(C)C)C)C)C					CPD-12115 | CPD0-2129		2dmmql8	MNXM558		
Meta-I:40935				0			[O-]C(=O)C([NH3+])CCC[NH3+]				D08302 | C00077 | C01602	L-ORNITHINE		orn__L | orn	MNXM89689		
Meta-I:17126				0			O=CCCC(C(=O)[O-])[NH3+]				C01165	L-GLUTAMATE_GAMMA-SEMIALDEHYDE		glu5sa	MNXM245 | MNXM167820		
