R_PR_UID	R_PR_STOICH	R_PR_EC	R_PR_GIBBS	R_RF_PUBMED	R_XR_METACYC	R_XR_SEED	R_XR_KEGG	R_XR_BIGG	R_XR_METANETX	R_MT_ERROR	enumeration.map.ftof.reactions	enumeration.map.ftoz.reactions
RXN-I:26797	 + 1.0 * Meta-I:33045 ==> 1.0 * Meta-I:36855				CHORISMATEMUT-RXN	rxn33299 | rxn19309 | rxn01256	R01715	CHRM | CHORM	MNXR96708		RXN-I:26797	RXN-I:26797
RXN-I:6038	 + 1.0 * Meta-I:1752 + 1.0 * Meta-I:36855 ==> 1.0 * Meta-I:6501 + 1.0 * Meta-I:5852 + 1.0 * Meta-I:42676				PREPHENATEDEHYDRAT-RXN	rxn01000 | rxn33346 | rxn28085	R01373	PPNDH	MNXR138717 | MNXR126086		RXN-I:6038	RXN-I:6038
RXN-I:22614	 + 1.0 * Meta-I:52041 + 1.0 * Meta-I:6501 + 1.0 * Meta-I:1752 + 1.0 * Meta-I:40685 <=> 1.0 * Meta-I:42676 + 1.0 * Meta-I:40686 + 1.0 * Meta-I:49871				PHENYLALANINE-DEHYDROGENASE-RXN	rxn00487	R00688		MNXR126077 | MNXR138982		RXN-I:33517,RXN-I:15653,RXN-I:29613,RXN-I:22614,RXN-I:23921,RXN-I:8629,RXN-I:20253,RXN-I:23597,RXN-I:33241,RXN-I:11370,RXN-I:12471	RZ_50
RXN-I:11161	 + 1.0 * Meta-I:39678 + 1.0 * Meta-I:20239 + 1.0 * Meta-I:49871 ==> 1.0 * Meta-I:40489 + 1.0 * Meta-I:14894				RXN66-569				MNXR140989		RXN-I:18091,RXN-I:33503,RXN-I:19224,RXN-I:32808,RXN-I:11161	RZ_14
RXN-I:8506	 + 1.0 * Meta-I:40489 + 1.0 * Meta-I:40686 + 1.0 * Meta-I:42676 <=> 1.0 * Meta-I:52041 + 1.0 * Meta-I:1752 + 1.0 * Meta-I:40685 + 1.0 * Meta-I:48530					rxn16671	R09830		MNXR113232		RXN-I:27532,RXN-I:33825,RXN-I:4259,RXN-I:8506,RXN-I:26281,RXN-I:33015,RXN-I:10473,RXN-I:7025	RZ_99
RXN-I:24552	 + 1.0 * Meta-I:33013 + 1.0 * Meta-I:48530 ==> 1.0 * Meta-I:5852 + 1.0 * Meta-I:32658					rxn04481			MNXR134696		RXN-I:10069,RXN-I:24552,RXN-I:6201	RZ_83
RXN-I:14009	 + 1.0 * Meta-I:39678 + 1.0 * Meta-I:1752 + 1.0 * Meta-I:32658 ==> 1.0 * Meta-I:12696 + 1.0 * Meta-I:5852 + 1.0 * Meta-I:8501				4-HYDROXYMANDELATE-OXIDASE-RXN	rxn01934	R02673		MNXR107658		RXN-I:14009	RXN-I:14009
RXN-I:4140	 + 1.0 * Meta-I:12696 + 1.0 * Meta-I:40688 + 1.0 * Meta-I:42676 ==> 1.0 * Meta-I:26092 + 1.0 * Meta-I:1752 + 1.0 * Meta-I:40690				HYDROXYBENZALDEHYDE-OXIDATION-NADP-RXN	rxn00958	R01294		MNXR106904		RXN-I:4140,RXN-I:14913	RZ_19
RXN-I:29613	 + 1.0 * Meta-I:6501 + 1.0 * Meta-I:31533 <=> 1.0 * Meta-I:3333 + 1.0 * Meta-I:49871				2.6.1.70-RXN	rxn00494	R00695		MNXR138984 | MNXR125757		RXN-I:33517,RXN-I:15653,RXN-I:29613,RXN-I:22614,RXN-I:23921,RXN-I:8629,RXN-I:20253,RXN-I:23597,RXN-I:33241,RXN-I:11370,RXN-I:12471	RZ_50
RXN-I:15653	 + 1.0 * Meta-I:42703 + 1.0 * Meta-I:49871 <=> 1.0 * Meta-I:10422 + 1.0 * Meta-I:6501					rxn11209		araphe1	MNXR142411		RXN-I:33517,RXN-I:15653,RXN-I:29613,RXN-I:22614,RXN-I:23921,RXN-I:8629,RXN-I:20253,RXN-I:23597,RXN-I:33241,RXN-I:11370,RXN-I:12471	RZ_50
RXN-I:33517	 + 1.0 * Meta-I:49871 + 1.0 * Meta-I:40729 <=> 1.0 * Meta-I:6501 + 1.0 * Meta-I:42953				PHEAMINOTRANS-RXN | RXN-10814	rxn38254 | rxn21134 | rxn00493 | rxn28060	R00694	PHETA1 | PHETA1m | POATh	MNXR126234 | MNXR138701		RXN-I:33517,RXN-I:15653,RXN-I:29613,RXN-I:22614,RXN-I:23921,RXN-I:8629,RXN-I:20253,RXN-I:23597,RXN-I:33241,RXN-I:11370,RXN-I:12471	RZ_50
RXN-I:11370	 + 1.0 * Meta-I:39859 + 1.0 * Meta-I:6501 <=> 1.0 * Meta-I:40134 + 1.0 * Meta-I:49871								MNXR141462		RXN-I:33517,RXN-I:15653,RXN-I:29613,RXN-I:22614,RXN-I:23921,RXN-I:8629,RXN-I:20253,RXN-I:23597,RXN-I:33241,RXN-I:11370,RXN-I:12471	RZ_50
RXN-I:19224	 + 1.0 * Meta-I:46553 + 1.0 * Meta-I:39678 + 1.0 * Meta-I:49871 ==> 1.0 * Meta-I:40489 + 1.0 * Meta-I:14894					rxn04989	R07211		MNXR116124 | MNXR140128 | MNXR139508		RXN-I:18091,RXN-I:33503,RXN-I:19224,RXN-I:32808,RXN-I:11161	RZ_14
RXN-I:4259	 + 1.0 * Meta-I:39859 + 1.0 * Meta-I:48530 <=> 1.0 * Meta-I:40489 + 1.0 * Meta-I:40134								MNXR132486		RXN-I:27532,RXN-I:33825,RXN-I:4259,RXN-I:8506,RXN-I:26281,RXN-I:33015,RXN-I:10473,RXN-I:7025	RZ_99
RXN-I:18301	 + 1.0 * Meta-I:40688 + 1.0 * Meta-I:43769 <=> 1.0 * Meta-I:1752 + 1.0 * Meta-I:40690 + 1.0 * Meta-I:48530					rxn02394	R03338		MNXR108104		RXN-I:34316,RXN-I:18301	RZ_47
RXN-I:7426	 + 1.0 * Meta-I:43769 ==> 1.0 * Meta-I:36864 + 1.0 * Meta-I:42676				RXN3O-1118	rxn13400 | rxn30435	R08766	T4HCINNMFM	MNXR104661		RXN-I:7426	RXN-I:7426
RXN-I:16560	 + 1.0 * Meta-I:36864 + 2.0 * Meta-I:42676 + 1.0 * Meta-I:40686 ==> 1.0 * Meta-I:26092 + 2.0 * Meta-I:1752 + 1.0 * Meta-I:40685 + 1.0 * Meta-I:40186					rxn00970	R01308		MNXR106914		RXN-I:27686,RXN-I:21148,RXN-I:24547,RXN-I:19122,RXN-I:14867,RXN-I:32345,RXN-I:18063,RXN-I:4388,RXN-I:16560,RXN-I:8411,RXN-I:871	RZ_85
RXN-I:12471	 + 1.0 * Meta-I:42081 + 1.0 * Meta-I:49871 <=> 1.0 * Meta-I:17262 + 1.0 * Meta-I:6501					rxn11210		araphe2	MNXR142412		RXN-I:33517,RXN-I:15653,RXN-I:29613,RXN-I:22614,RXN-I:23921,RXN-I:8629,RXN-I:20253,RXN-I:23597,RXN-I:33241,RXN-I:11370,RXN-I:12471	RZ_50
RXN-I:33825	 + 1.0 * Meta-I:42703 + 1.0 * Meta-I:40489 <=> 1.0 * Meta-I:10422 + 1.0 * Meta-I:48530					rxn11206		aratyr1	MNXR136557		RXN-I:27532,RXN-I:33825,RXN-I:4259,RXN-I:8506,RXN-I:26281,RXN-I:33015,RXN-I:10473,RXN-I:7025	RZ_99
RXN-I:34316	 + 1.0 * Meta-I:1752 + 1.0 * Meta-I:40685 + 1.0 * Meta-I:48530 <=> 1.0 * Meta-I:40686 + 1.0 * Meta-I:43769				HYDROXYPHENYLPYRUVATE-REDUCTASE-RXN	rxn30328 | rxn02392	R03336	34HPLFM | HMR_6782	MNXR94842		RXN-I:34316,RXN-I:18301	RZ_47
RXN-I:32808	 + 1.0 * Meta-I:46553 + 1.0 * Meta-I:39678 + 1.0 * Meta-I:49871 ==> 1.0 * Meta-I:40489 + 1.0 * Meta-I:42676 + 1.0 * Meta-I:42741					rxn01315	R01795	PHETHPTOX	MNXR138702 | MNXR139066		RXN-I:18091,RXN-I:33503,RXN-I:19224,RXN-I:32808,RXN-I:11161	RZ_14
RXN-I:23597	 + 1.0 * Meta-I:39678 + 1.0 * Meta-I:42676 + 1.0 * Meta-I:49871 <=> 1.0 * Meta-I:52041 + 1.0 * Meta-I:6501 + 1.0 * Meta-I:1752 + 1.0 * Meta-I:8501				RXN-17130	rxn00488	R00689	PHEOX	MNXR140658 | MNXR138700 | MNXR102628		RXN-I:33517,RXN-I:15653,RXN-I:29613,RXN-I:22614,RXN-I:23921,RXN-I:8629,RXN-I:20253,RXN-I:23597,RXN-I:33241,RXN-I:11370,RXN-I:12471	RZ_50
RXN-I:33241	 + 1.0 * Meta-I:6501 + 1.0 * Meta-I:12409 <=> 1.0 * Meta-I:381 + 1.0 * Meta-I:49871						R11068		MNXR139841		RXN-I:33517,RXN-I:15653,RXN-I:29613,RXN-I:22614,RXN-I:23921,RXN-I:8629,RXN-I:20253,RXN-I:23597,RXN-I:33241,RXN-I:11370,RXN-I:12471	RZ_50
RXN-I:20253	 + 1.0 * Meta-I:40736 + 1.0 * Meta-I:49871 <=> 1.0 * Meta-I:24872 + 1.0 * Meta-I:6501				2.6.1.58-RXN	rxn00491 | rxn37938	R00692		MNXR138983 | MNXR125716		RXN-I:33517,RXN-I:15653,RXN-I:29613,RXN-I:22614,RXN-I:23921,RXN-I:8629,RXN-I:20253,RXN-I:23597,RXN-I:33241,RXN-I:11370,RXN-I:12471	RZ_50
RXN-I:23921	 + 1.0 * Meta-I:6501 + 1.0 * Meta-I:41596 <=> 1.0 * Meta-I:12557 + 1.0 * Meta-I:49871				2.6.1.64-RXN	rxn33389 | rxn01001 | rxn33390	R01375		MNXR139039 | MNXR125927		RXN-I:33517,RXN-I:15653,RXN-I:29613,RXN-I:22614,RXN-I:23921,RXN-I:8629,RXN-I:20253,RXN-I:23597,RXN-I:33241,RXN-I:11370,RXN-I:12471	RZ_50
RXN-I:8629	 + 1.0 * Meta-I:6501 + 1.0 * Meta-I:12409 <=> 1.0 * Meta-I:27537 + 1.0 * Meta-I:49871				RXN-16297				MNXR140607		RXN-I:33517,RXN-I:15653,RXN-I:29613,RXN-I:22614,RXN-I:23921,RXN-I:8629,RXN-I:20253,RXN-I:23597,RXN-I:33241,RXN-I:11370,RXN-I:12471	RZ_50
RXN-I:18091	 + 1.0 * Meta-I:39678 + 1.0 * Meta-I:20239 + 1.0 * Meta-I:49871 ==> 1.0 * Meta-I:40489 + 1.0 * Meta-I:42676 + 1.0 * Meta-I:42741				RXN-14206						RXN-I:18091,RXN-I:33503,RXN-I:19224,RXN-I:32808,RXN-I:11161	RZ_14
RXN-I:29964	 + 1.0 * Meta-I:36855 + 1.0 * Meta-I:40686 ==> 1.0 * Meta-I:5852 + 1.0 * Meta-I:40685 + 1.0 * Meta-I:48530				PREPHENATEDEHYDROG-RXN	rxn28086 | rxn01268 | rxn33078	R01728	PPOR_1 | PPND	MNXR103121		RXN-I:29964,RXN-I:25401	RZ_109
RXN-I:4117	 + 1.0 * Meta-I:40489 ==> 1.0 * Meta-I:36864 + 1.0 * Meta-I:52041				RXN-9697	rxn00530	R00737		MNXR106661		RXN-I:4117	RXN-I:4117
RXN-I:11227	 + 1.0 * Meta-I:36864 + 1.0 * Meta-I:42676 ==> 1.0 * Meta-I:12696 + 1.0 * Meta-I:40186				RXN-8871	rxn25201 | rxn33329			MNXR122526		RXN-I:11227	RXN-I:11227
RXN-I:25401	 + 1.0 * Meta-I:40688 + 1.0 * Meta-I:36855 ==> 1.0 * Meta-I:5852 + 1.0 * Meta-I:40690 + 1.0 * Meta-I:48530				PREPHENATE-DEHYDROGENASE-NADP+-RXN	rxn31750 | rxn01269	R01730	PPND2	MNXR103122		RXN-I:29964,RXN-I:25401	RZ_109
RXN-I:27532	 + 1.0 * Meta-I:17262 + 1.0 * Meta-I:48530 <=> 1.0 * Meta-I:42081 + 1.0 * Meta-I:40489					rxn11207		aratyr2	MNXR136558		RXN-I:27532,RXN-I:33825,RXN-I:4259,RXN-I:8506,RXN-I:26281,RXN-I:33015,RXN-I:10473,RXN-I:7025	RZ_99
RXN-I:7025	 + 1.0 * Meta-I:39678 + 1.0 * Meta-I:40489 + 1.0 * Meta-I:42676 <=> 1.0 * Meta-I:52041 + 1.0 * Meta-I:8501 + 1.0 * Meta-I:48530				RXN-12487	rxn00522 | rxn38890	R00729	TYROX	MNXR104995		RXN-I:27532,RXN-I:33825,RXN-I:4259,RXN-I:8506,RXN-I:26281,RXN-I:33015,RXN-I:10473,RXN-I:7025	RZ_99
RXN-I:6201	 + 1.0 * Meta-I:48530 ==> 1.0 * Meta-I:5852 + 1.0 * Meta-I:32658					rxn07124			MNXR135504		RXN-I:10069,RXN-I:24552,RXN-I:6201	RZ_83
RXN-I:33503	 + 1.0 * Meta-I:46553 + 1.0 * Meta-I:39678 + 1.0 * Meta-I:49871 ==> 1.0 * Meta-I:13179 + 1.0 * Meta-I:40489					rxn20538					RXN-I:18091,RXN-I:33503,RXN-I:19224,RXN-I:32808,RXN-I:11161	RZ_14
RXN-I:26281	 + 1.0 * Meta-I:40489 + 1.0 * Meta-I:40729 <=> 1.0 * Meta-I:42953 + 1.0 * Meta-I:48530				TYROSINE-AMINOTRANSFERASE-RXN	rxn00527 | rxn37937 | rxn30444 | rxn30445 | rxn27524	R00734	TYRTAip | TYRTAim | TYRTAi | TYRTAh | TYRTA	MNXR105000		RXN-I:27532,RXN-I:33825,RXN-I:4259,RXN-I:8506,RXN-I:26281,RXN-I:33015,RXN-I:10473,RXN-I:7025	RZ_99
RXN-I:18295	 + 1.0 * Meta-I:39325 <=> 1.0 * Meta-I:33513 + 1.0 * Meta-I:40489					rxn11205		aratyr4	MNXR136556		RXN-I:18295	RXN-I:18295
RXN-I:18250	 + 1.0 * Meta-I:39325 ==> 1.0 * Meta-I:33513 + 1.0 * Meta-I:49871				2.6.1.28-RXN	rxn01002	R01376	araphe3	MNXR139040 | MNXR125745		RXN-I:18250	RXN-I:18250
RXN-I:24521	 + 1.0 * Meta-I:49871 ==> 1.0 * Meta-I:52041 + 1.0 * Meta-I:22678				PHENYLALANINE-AMMONIA-LYASE-RXN	rxn32187 | rxn32185 | rxn32193 | rxn00495 | rxn30552 | rxn32189	R00697		MNXR106649		RXN-I:24521	RXN-I:24521
RXN-I:26986	 + 1.0 * Meta-I:29955 + 1.0 * Meta-I:42676 <=> 1.0 * Meta-I:22678 + 1.0 * Meta-I:1752 + 1.0 * Meta-I:12273					rxn32519 | rxn32520					RXN-I:26986,RXN-I:8215,RXN-I:8558	RZ_102
RXN-I:10527	 + 1.0 * Meta-I:39678 + 1.0 * Meta-I:1752 + 1.0 * Meta-I:29955 + 1.0 * Meta-I:40690 ==> 1.0 * Meta-I:40688 + 1.0 * Meta-I:16489 + 1.0 * Meta-I:42676					rxn14020 | rxn32026	R08815		MNXR112309		RXN-I:10527,RXN-I:13560	RZ_16
RXN-I:24079	 + 1.0 * Meta-I:1752 + 1.0 * Meta-I:16489 + 1.0 * Meta-I:42676 <=> 1.0 * Meta-I:37220					rxn12247			MNXR127676 | MNXR136835		RXN-I:24079	RXN-I:24079
RXN-I:8904	 + 1.0 * Meta-I:37220 ==> 1.0 * Meta-I:12696 + 1.0 * Meta-I:1752 + 1.0 * Meta-I:41497					rxn12248			MNXR136836 | MNXR127677		RXN-I:8904	RXN-I:8904
RXN-I:8558	 + 1.0 * Meta-I:33695 + 1.0 * Meta-I:22678 + 1.0 * Meta-I:12273 <=> 1.0 * Meta-I:40733 + 1.0 * Meta-I:35208 + 1.0 * Meta-I:29955				RXN-2001	rxn01613	R02255		MNXR107411		RXN-I:26986,RXN-I:8215,RXN-I:8558	RZ_102
RXN-I:32408	 + 1.0 * Meta-I:16489 + 1.0 * Meta-I:42676 ==> 1.0 * Meta-I:12696 + 1.0 * Meta-I:41497					rxn12676		COCOAHA	MNXR96826		RXN-I:32408	RXN-I:32408
RXN-I:10069	 + 1.0 * Meta-I:39678 + 1.0 * Meta-I:48530 ==> 1.0 * Meta-I:5852 + 1.0 * Meta-I:32658					rxn11674	R06632		MNXR110410		RXN-I:10069,RXN-I:24552,RXN-I:6201	RZ_83
RXN-I:13560	 + 1.0 * Meta-I:29955 ==> 1.0 * Meta-I:16489				RXN-11238	rxn21566			MNXR116793		RXN-I:10527,RXN-I:13560	RZ_16
RXN-I:8215	 + 1.0 * Meta-I:29955 <=> 1.0 * Meta-I:22678 + 1.0 * Meta-I:12273					rxn30798					RXN-I:26986,RXN-I:8215,RXN-I:8558	RZ_102
RXN-I:31905	 + 1.0 * Meta-I:39678 + 1.0 * Meta-I:1752 + 1.0 * Meta-I:42676 + 1.0 * Meta-I:49871 ==> 1.0 * Meta-I:52041 + 1.0 * Meta-I:5852 + 1.0 * Meta-I:41479 + 1.0 * Meta-I:8501				RXN-8990	rxn25282	R11918		MNXR122572		RXN-I:31905	RXN-I:31905
RXN-I:32248	 + 1.0 * Meta-I:41479 + 1.0 * Meta-I:40688 + 1.0 * Meta-I:42676 <=> 2.0 * Meta-I:1752 + 1.0 * Meta-I:18337 + 1.0 * Meta-I:40690					rxn01841	R02537	ALDD19x_P | r0548	MNXR141949 | MNXR95742		RXN-I:32248,RXN-I:146	RZ_58
RXN-I:13694	 + 1.0 * Meta-I:33695 + 1.0 * Meta-I:18337 + 1.0 * Meta-I:12273 <=> 1.0 * Meta-I:36885 + 1.0 * Meta-I:40733 + 1.0 * Meta-I:35208				RXN-10819	rxn30045 | rxn01842	R02539	PACCOAL | PACCOALm	MNXR102315 | MNXR141950		RXN-I:13694,RXN-I:19379	RZ_73
RXN-I:19924	 + 1.0 * Meta-I:36885 + 1.0 * Meta-I:1752 + 2.0 * Meta-I:43636 + 1.0 * Meta-I:42676 <=> 2.0 * Meta-I:20695 + 1.0 * Meta-I:27286					rxn35640					RXN-I:19924,RXN-I:28895,RXN-I:34642,RXN-I:16506,RXN-I:29904,RXN-I:4939,RXN-I:29035	RZ_86
RXN-I:7236	 + 1.0 * Meta-I:42676 + 1.0 * Meta-I:27286 ==> 1.0 * Meta-I:37359 + 1.0 * Meta-I:12273				3.1.2.25-RXN	rxn05047	R07294		MNXR110969		RXN-I:7236	RXN-I:7236
RXN-I:11579	 + 1.0 * Meta-I:37359 + 1.0 * Meta-I:40686 + 1.0 * Meta-I:12273 ==> 1.0 * Meta-I:17163 + 1.0 * Meta-I:5852 + 1.0 * Meta-I:40685				1.2.1.58-RXN	rxn01772	R02450		MNXR107514		RXN-I:11579	RXN-I:11579
RXN-I:12397	 + 1.0 * Meta-I:51967 + 1.0 * Meta-I:33695 + 1.0 * Meta-I:12273 <=> 1.0 * Meta-I:17163 + 1.0 * Meta-I:40733 + 1.0 * Meta-I:35208				BENZOATE--COA-LIGASE-RXN	rxn01035	R01422	BCOALIG | BZCOAFm	MNXR96223		RXN-I:12397,RXN-I:4536,RXN-I:14656,RXN-I:20893	RZ_4
RXN-I:14008	 + 1.0 * Meta-I:51967 + 1.0 * Meta-I:39678 + 1.0 * Meta-I:1752 + 1.0 * Meta-I:40690 ==> 1.0 * Meta-I:26092 + 1.0 * Meta-I:40688 + 1.0 * Meta-I:42676				BENZOATE-4-MONOOXYGENASE-RXN	rxn00959 | rxn19225	R01295		MNXR106905		RXN-I:34638,RXN-I:1556,RXN-I:21964,RXN-I:14008,RXN-I:11732,RXN-I:32222,RXN-I:2176	RZ_2
RXN-I:35229	 + 1.0 * Meta-I:17163 + 1.0 * Meta-I:39859 ==> 1.0 * Meta-I:51259 + 1.0 * Meta-I:12273				GLYCINE-N-BENZOYLTRANSFERASE-RXN	rxn01773	R02452	BGLYFm	MNXR107516 | MNXR139111		RXN-I:35229	RXN-I:35229
RXN-I:18324	 + 1.0 * Meta-I:51259 + 1.0 * Meta-I:42676 ==> 1.0 * Meta-I:51967 + 1.0 * Meta-I:39859				HIPPURATE-HYDROLASE-RXN	rxn01037	R01424	NBAH	MNXR139045 | MNXR101917		RXN-I:18324	RXN-I:18324
RXN-I:14978	 + 1.0 * Meta-I:33045 ==> 1.0 * Meta-I:26092 + 1.0 * Meta-I:40736				CHORPYRLY-RXN	rxn00966	R01302	CHRPL	MNXR96711		RXN-I:18050,RXN-I:27513,RXN-I:8722,RXN-I:14978	RZ_49
RXN-I:26656	 + 1.0 * Meta-I:36864 + 1.0 * Meta-I:33695 + 1.0 * Meta-I:12273 ==> 1.0 * Meta-I:40733 + 1.0 * Meta-I:35208 + 1.0 * Meta-I:16489				4-COUMARATE--COA-LIGASE-RXN	rxn01182 | rxn33539 | rxn30362	R01616	COUCOAFm | 4CMCOAS	MNXR94998		RXN-I:26656	RXN-I:26656
RXN-I:7174	 + 1.0 * Meta-I:39678 + 1.0 * Meta-I:22678 + 1.0 * Meta-I:1752 + 1.0 * Meta-I:40690 ==> 1.0 * Meta-I:36864 + 1.0 * Meta-I:40688 + 1.0 * Meta-I:42676				TRANS-CINNAMATE-4-MONOOXYGENASE-RXN	rxn27340 | rxn01611	R02253		MNXR107409		RXN-I:7174,RXN-I:3211	RZ_68
RXN-I:3211	 + 1.0 * Meta-I:39678 + 1.0 * Meta-I:22678 + 1.0 * Meta-I:40690 ==> 1.0 * Meta-I:36864 + 1.0 * Meta-I:40688					rxn31093					RXN-I:7174,RXN-I:3211	RZ_68
RXN-I:23911	 + 1.0 * Meta-I:6501 + 1.0 * Meta-I:1752 ==> 1.0 * Meta-I:5852 + 1.0 * Meta-I:41479				PHENYLPYRUVATE-DECARBOXYLASE-RXN	rxn20539 | rxn01003	R01377	PPYRDC	MNXR125761 | MNXR138719		RXN-I:23911	RXN-I:23911
RXN-I:146	 + 1.0 * Meta-I:41479 + 1.0 * Meta-I:42676 + 1.0 * Meta-I:40686 <=> 1.0 * Meta-I:1752 + 1.0 * Meta-I:18337 + 1.0 * Meta-I:40685				PHENDEHYD-RXN	rxn01840 | rxn20533 | rxn29989	R02536	r0546 | ALDD19xr	MNXR95743 | MNXR141948		RXN-I:32248,RXN-I:146	RZ_58
RXN-I:14913	 + 1.0 * Meta-I:12696 + 1.0 * Meta-I:40686 + 1.0 * Meta-I:42676 ==> 1.0 * Meta-I:26092 + 1.0 * Meta-I:1752 + 1.0 * Meta-I:40685				HYDROXYBENZALDEHYDE-OXIDATION-NAD-RXN	rxn00957	R01293	VNDH_2	MNXR105209		RXN-I:4140,RXN-I:14913	RZ_19
RXN-I:28895	 + 1.0 * Meta-I:36885 + 2.0 * Meta-I:19655 + 1.0 * Meta-I:1752 + 1.0 * Meta-I:42676 <=> 2.0 * Meta-I:34918 + 1.0 * Meta-I:27286					rxn35637					RXN-I:19924,RXN-I:28895,RXN-I:34642,RXN-I:16506,RXN-I:29904,RXN-I:4939,RXN-I:29035	RZ_86
RXN-I:19379	 + 1.0 * Meta-I:36885 + 1.0 * Meta-I:42676 <=> 1.0 * Meta-I:18337 + 1.0 * Meta-I:12273				RXN0-7104	rxn16681	R09840	PACOAT | PHACTE	MNXR102614		RXN-I:13694,RXN-I:19379	RZ_73
RXN-I:10473	 + 1.0 * Meta-I:40935 + 1.0 * Meta-I:48530 <=> 1.0 * Meta-I:40489 + 1.0 * Meta-I:17126					rxn38908					RXN-I:27532,RXN-I:33825,RXN-I:4259,RXN-I:8506,RXN-I:26281,RXN-I:33015,RXN-I:10473,RXN-I:7025	RZ_99
RXN-I:6584	 + 1.0 * Meta-I:22678 + 1.0 * Meta-I:40686 + 2.0 * Meta-I:42676 ==> 1.0 * Meta-I:51967 + 1.0 * Meta-I:1752 + 1.0 * Meta-I:40685 + 1.0 * Meta-I:40186				RXN-9336	rxn31419 | rxn01039	R01426		MNXR106986		RXN-I:6584	RXN-I:6584
RXN-I:33015	 + 1.0 * Meta-I:40736 + 1.0 * Meta-I:40489 <=> 1.0 * Meta-I:24872 + 1.0 * Meta-I:48530				RXN3O-4157	rxn38670 | rxn16114	R09254		MNXR112689		RXN-I:27532,RXN-I:33825,RXN-I:4259,RXN-I:8506,RXN-I:26281,RXN-I:33015,RXN-I:10473,RXN-I:7025	RZ_99
