R_PR_UID	R_PR_STOICH	R_PR_EC	R_PR_GIBBS	R_RF_PUBMED	R_XR_METACYC	R_XR_SEED	R_XR_KEGG	R_XR_BIGG	R_XR_METANETX	R_MT_ERROR	enumeration.map.ftof.reactions	enumeration.map.ftoz.reactions
RXN-I:26656	 + 1.0 * Meta-I:36864 + 1.0 * Meta-I:33695 + 1.0 * Meta-I:12273 ==> 1.0 * Meta-I:40733 + 1.0 * Meta-I:35208 + 1.0 * Meta-I:16489				4-COUMARATE--COA-LIGASE-RXN	rxn01182 | rxn33539 | rxn30362	R01616	COUCOAFm | 4CMCOAS	MNXR94998		RXN-I:26656	RXN-I:26656
RXN-I:6374	 + 1.0 * Meta-I:1752 + 1.0 * Meta-I:16489 + 1.0 * Meta-I:40690 ==> 1.0 * Meta-I:252 + 1.0 * Meta-I:40688 + 1.0 * Meta-I:12273				RXN-1101	rxn32687 | rxn32688 | rxn01181 | rxn32686	R01615		MNXR107089		RXN-I:6374	RXN-I:6374
RXN-I:29075	 + 1.0 * Meta-I:252 + 1.0 * Meta-I:1752 + 1.0 * Meta-I:40690 ==> 1.0 * Meta-I:40688 + 1.0 * Meta-I:7657				RXN-1102	rxn02814	R07437		MNXR111074		RXN-I:29075	RXN-I:29075
RXN-I:1288	 + 1.0 * Meta-I:6416 + 1.0 * Meta-I:42676 <=> 1.0 * Meta-I:1752 + 1.0 * Meta-I:7657 + 1.0 * Meta-I:40186					rxn23269					RXN-I:9738,RXN-I:1288	RZ_97
RXN-I:20974	 + 1.0 * Meta-I:6416 + 1.0 * Meta-I:1752 + 1.0 * Meta-I:40690 <=> 1.0 * Meta-I:40688 + 1.0 * Meta-I:40186 + 1.0 * Meta-I:39222						R10249		MNXR113607		RXN-I:20974	RXN-I:20974
RXN-I:9991	 + 1.0 * Meta-I:40771 + 1.0 * Meta-I:39222 ==> 1.0 * Meta-I:2007 + 1.0 * Meta-I:757 + 1.0 * Meta-I:1752				RXN-6742	rxn24201	R10251		MNXR113609		RXN-I:9991	RXN-I:9991
RXN-I:9738	 + 1.0 * Meta-I:7657 + 1.0 * Meta-I:41497 <=> 1.0 * Meta-I:6416 + 1.0 * Meta-I:12273				RXN-12954		R10254		MNXR113612		RXN-I:9738,RXN-I:1288	RZ_97
