P_PR_UID	P_PR_REACTIONS	P_PR_ORIGIN	P_PR_TARGET	P_PR_INTERMEDIATES	P_PR_BOUNDARY	P_RF_PUBMED	P_MT_SCORE	P_MT_MAXYIELD	P_MT_LENGTH	P_MT_FEASIBILITY
Z26.10_Meta-I:39325	RXN-I:1717 | RXN-I:6093 | RXN-I:4445 | RXN-I:26797 | RXN-I:25401 | RXN-I:26281 | RXN-I:18295	Meta-I:2471	Meta-I:39325	Meta-I:36088 | Meta-I:20040 | Meta-I:33045 | Meta-I:36855 | Meta-I:48530 | Meta-I:40489	Meta-I:37645 | Meta-I:33695 | Meta-I:1752 | Meta-I:2471 | Meta-I:20244 | Meta-I:35927 | Meta-I:5852 | Meta-I:40688 | Meta-I:40690 | Meta-I:42953 | Meta-I:40729 | Meta-I:33513				7	
Z6.41_Meta-I:39325	RXN-I:1717 | RXN-I:6093 | RXN-I:4445 | RXN-I:26797 | RXN-I:6038 | RXN-I:23597 | RXN-I:32808 | RXN-I:18295	Meta-I:2471	Meta-I:39325	Meta-I:36088 | Meta-I:20040 | Meta-I:33045 | Meta-I:36855 | Meta-I:6501 | Meta-I:49871 | Meta-I:40489	Meta-I:37645 | Meta-I:33695 | Meta-I:1752 | Meta-I:2471 | Meta-I:20244 | Meta-I:35927 | Meta-I:5852 | Meta-I:42676 | Meta-I:52041 | Meta-I:39678 | Meta-I:8501 | Meta-I:46553 | Meta-I:42741 | Meta-I:33513				8	
Z6.40_Meta-I:39325	RXN-I:1717 | RXN-I:6093 | RXN-I:4445 | RXN-I:26797 | RXN-I:6038 | RXN-I:20253 | RXN-I:32808 | RXN-I:18295	Meta-I:2471	Meta-I:39325	Meta-I:36088 | Meta-I:20040 | Meta-I:33045 | Meta-I:36855 | Meta-I:6501 | Meta-I:49871 | Meta-I:40489	Meta-I:37645 | Meta-I:33695 | Meta-I:1752 | Meta-I:2471 | Meta-I:20244 | Meta-I:35927 | Meta-I:5852 | Meta-I:42676 | Meta-I:40736 | Meta-I:24872 | Meta-I:46553 | Meta-I:39678 | Meta-I:42741 | Meta-I:33513				8	
Z26.16_Meta-I:39325	RXN-I:1717 | RXN-I:6093 | RXN-I:4445 | RXN-I:26797 | RXN-I:25401 | RXN-I:7025 | RXN-I:18295	Meta-I:2471	Meta-I:39325	Meta-I:36088 | Meta-I:20040 | Meta-I:33045 | Meta-I:36855 | Meta-I:48530 | Meta-I:40489	Meta-I:37645 | Meta-I:33695 | Meta-I:1752 | Meta-I:2471 | Meta-I:20244 | Meta-I:35927 | Meta-I:5852 | Meta-I:40688 | Meta-I:40690 | Meta-I:52041 | Meta-I:39678 | Meta-I:42676 | Meta-I:8501 | Meta-I:33513				7	
Z6.47_Meta-I:39325	RXN-I:1717 | RXN-I:6093 | RXN-I:4445 | RXN-I:26797 | RXN-I:6038 | RXN-I:29613 | RXN-I:11161 | RXN-I:18295	Meta-I:2471	Meta-I:39325	Meta-I:36088 | Meta-I:20040 | Meta-I:33045 | Meta-I:36855 | Meta-I:6501 | Meta-I:49871 | Meta-I:40489	Meta-I:37645 | Meta-I:33695 | Meta-I:1752 | Meta-I:2471 | Meta-I:20244 | Meta-I:35927 | Meta-I:5852 | Meta-I:42676 | Meta-I:3333 | Meta-I:31533 | Meta-I:39678 | Meta-I:14894 | Meta-I:20239 | Meta-I:33513				8	
Z26.15_Meta-I:39325	RXN-I:1717 | RXN-I:6093 | RXN-I:4445 | RXN-I:26797 | RXN-I:29964 | RXN-I:7025 | RXN-I:18295	Meta-I:2471	Meta-I:39325	Meta-I:36088 | Meta-I:20040 | Meta-I:33045 | Meta-I:36855 | Meta-I:48530 | Meta-I:40489	Meta-I:37645 | Meta-I:33695 | Meta-I:1752 | Meta-I:2471 | Meta-I:20244 | Meta-I:35927 | Meta-I:5852 | Meta-I:40685 | Meta-I:40686 | Meta-I:52041 | Meta-I:39678 | Meta-I:42676 | Meta-I:8501 | Meta-I:33513				7	
Z6.46_Meta-I:39325	RXN-I:1717 | RXN-I:6093 | RXN-I:4445 | RXN-I:26797 | RXN-I:6038 | RXN-I:15653 | RXN-I:11161 | RXN-I:18295	Meta-I:2471	Meta-I:39325	Meta-I:36088 | Meta-I:20040 | Meta-I:33045 | Meta-I:36855 | Meta-I:6501 | Meta-I:49871 | Meta-I:40489	Meta-I:37645 | Meta-I:33695 | Meta-I:1752 | Meta-I:2471 | Meta-I:20244 | Meta-I:35927 | Meta-I:5852 | Meta-I:42676 | Meta-I:10422 | Meta-I:42703 | Meta-I:39678 | Meta-I:14894 | Meta-I:20239 | Meta-I:33513				8	
Z6.49_Meta-I:39325	RXN-I:1717 | RXN-I:6093 | RXN-I:4445 | RXN-I:26797 | RXN-I:6038 | RXN-I:23921 | RXN-I:11161 | RXN-I:18295	Meta-I:2471	Meta-I:39325	Meta-I:36088 | Meta-I:20040 | Meta-I:33045 | Meta-I:36855 | Meta-I:6501 | Meta-I:49871 | Meta-I:40489	Meta-I:37645 | Meta-I:33695 | Meta-I:1752 | Meta-I:2471 | Meta-I:20244 | Meta-I:35927 | Meta-I:5852 | Meta-I:42676 | Meta-I:12557 | Meta-I:41596 | Meta-I:39678 | Meta-I:14894 | Meta-I:20239 | Meta-I:33513				8	
Z6.48_Meta-I:39325	RXN-I:1717 | RXN-I:6093 | RXN-I:4445 | RXN-I:26797 | RXN-I:6038 | RXN-I:22614 | RXN-I:11161 | RXN-I:18295	Meta-I:2471	Meta-I:39325	Meta-I:36088 | Meta-I:20040 | Meta-I:33045 | Meta-I:36855 | Meta-I:6501 | Meta-I:49871 | Meta-I:40489	Meta-I:37645 | Meta-I:33695 | Meta-I:1752 | Meta-I:2471 | Meta-I:20244 | Meta-I:35927 | Meta-I:5852 | Meta-I:42676 | Meta-I:52041 | Meta-I:40685 | Meta-I:40686 | Meta-I:39678 | Meta-I:14894 | Meta-I:20239 | Meta-I:33513				8	
Z26.12_Meta-I:39325	RXN-I:1717 | RXN-I:6093 | RXN-I:4445 | RXN-I:26797 | RXN-I:25401 | RXN-I:33015 | RXN-I:18295	Meta-I:2471	Meta-I:39325	Meta-I:36088 | Meta-I:20040 | Meta-I:33045 | Meta-I:36855 | Meta-I:48530 | Meta-I:40489	Meta-I:37645 | Meta-I:33695 | Meta-I:1752 | Meta-I:2471 | Meta-I:20244 | Meta-I:35927 | Meta-I:5852 | Meta-I:40688 | Meta-I:40690 | Meta-I:40736 | Meta-I:24872 | Meta-I:33513				7	
Z6.43_Meta-I:39325	RXN-I:1717 | RXN-I:6093 | RXN-I:4445 | RXN-I:26797 | RXN-I:6038 | RXN-I:11370 | RXN-I:32808 | RXN-I:18295	Meta-I:2471	Meta-I:39325	Meta-I:36088 | Meta-I:20040 | Meta-I:33045 | Meta-I:36855 | Meta-I:6501 | Meta-I:49871 | Meta-I:40489	Meta-I:37645 | Meta-I:33695 | Meta-I:1752 | Meta-I:2471 | Meta-I:20244 | Meta-I:35927 | Meta-I:5852 | Meta-I:42676 | Meta-I:39859 | Meta-I:40134 | Meta-I:46553 | Meta-I:39678 | Meta-I:42741 | Meta-I:33513				8	
Z26.11_Meta-I:39325	RXN-I:1717 | RXN-I:6093 | RXN-I:4445 | RXN-I:26797 | RXN-I:29964 | RXN-I:33015 | RXN-I:18295	Meta-I:2471	Meta-I:39325	Meta-I:36088 | Meta-I:20040 | Meta-I:33045 | Meta-I:36855 | Meta-I:48530 | Meta-I:40489	Meta-I:37645 | Meta-I:33695 | Meta-I:1752 | Meta-I:2471 | Meta-I:20244 | Meta-I:35927 | Meta-I:5852 | Meta-I:40685 | Meta-I:40686 | Meta-I:40736 | Meta-I:24872 | Meta-I:33513				7	
Z6.42_Meta-I:39325	RXN-I:1717 | RXN-I:6093 | RXN-I:4445 | RXN-I:26797 | RXN-I:6038 | RXN-I:33241 | RXN-I:32808 | RXN-I:18295	Meta-I:2471	Meta-I:39325	Meta-I:36088 | Meta-I:20040 | Meta-I:33045 | Meta-I:36855 | Meta-I:6501 | Meta-I:49871 | Meta-I:40489	Meta-I:37645 | Meta-I:33695 | Meta-I:1752 | Meta-I:2471 | Meta-I:20244 | Meta-I:35927 | Meta-I:5852 | Meta-I:42676 | Meta-I:381 | Meta-I:12409 | Meta-I:46553 | Meta-I:39678 | Meta-I:42741 | Meta-I:33513				8	
Z26.14_Meta-I:39325	RXN-I:1717 | RXN-I:6093 | RXN-I:4445 | RXN-I:26797 | RXN-I:25401 | RXN-I:10473 | RXN-I:18295	Meta-I:2471	Meta-I:39325	Meta-I:36088 | Meta-I:20040 | Meta-I:33045 | Meta-I:36855 | Meta-I:48530 | Meta-I:40489	Meta-I:37645 | Meta-I:33695 | Meta-I:1752 | Meta-I:2471 | Meta-I:20244 | Meta-I:35927 | Meta-I:5852 | Meta-I:40688 | Meta-I:40690 | Meta-I:40935 | Meta-I:17126 | Meta-I:33513				7	
Z6.45_Meta-I:39325	RXN-I:1717 | RXN-I:6093 | RXN-I:4445 | RXN-I:26797 | RXN-I:6038 | RXN-I:33517 | RXN-I:11161 | RXN-I:18295	Meta-I:2471	Meta-I:39325	Meta-I:36088 | Meta-I:20040 | Meta-I:33045 | Meta-I:36855 | Meta-I:6501 | Meta-I:49871 | Meta-I:40489	Meta-I:37645 | Meta-I:33695 | Meta-I:1752 | Meta-I:2471 | Meta-I:20244 | Meta-I:35927 | Meta-I:5852 | Meta-I:42676 | Meta-I:42953 | Meta-I:40729 | Meta-I:39678 | Meta-I:14894 | Meta-I:20239 | Meta-I:33513				8	
Z26.13_Meta-I:39325	RXN-I:1717 | RXN-I:6093 | RXN-I:4445 | RXN-I:26797 | RXN-I:29964 | RXN-I:10473 | RXN-I:18295	Meta-I:2471	Meta-I:39325	Meta-I:36088 | Meta-I:20040 | Meta-I:33045 | Meta-I:36855 | Meta-I:48530 | Meta-I:40489	Meta-I:37645 | Meta-I:33695 | Meta-I:1752 | Meta-I:2471 | Meta-I:20244 | Meta-I:35927 | Meta-I:5852 | Meta-I:40685 | Meta-I:40686 | Meta-I:40935 | Meta-I:17126 | Meta-I:33513				7	
Z6.44_Meta-I:39325	RXN-I:1717 | RXN-I:6093 | RXN-I:4445 | RXN-I:26797 | RXN-I:6038 | RXN-I:12471 | RXN-I:32808 | RXN-I:18295	Meta-I:2471	Meta-I:39325	Meta-I:36088 | Meta-I:20040 | Meta-I:33045 | Meta-I:36855 | Meta-I:6501 | Meta-I:49871 | Meta-I:40489	Meta-I:37645 | Meta-I:33695 | Meta-I:1752 | Meta-I:2471 | Meta-I:20244 | Meta-I:35927 | Meta-I:5852 | Meta-I:42676 | Meta-I:17262 | Meta-I:42081 | Meta-I:46553 | Meta-I:39678 | Meta-I:42741 | Meta-I:33513				8	
Z6.50_Meta-I:39325	RXN-I:1717 | RXN-I:6093 | RXN-I:4445 | RXN-I:26797 | RXN-I:6038 | RXN-I:8629 | RXN-I:11161 | RXN-I:18295	Meta-I:2471	Meta-I:39325	Meta-I:36088 | Meta-I:20040 | Meta-I:33045 | Meta-I:36855 | Meta-I:6501 | Meta-I:49871 | Meta-I:40489	Meta-I:37645 | Meta-I:33695 | Meta-I:1752 | Meta-I:2471 | Meta-I:20244 | Meta-I:35927 | Meta-I:5852 | Meta-I:42676 | Meta-I:27537 | Meta-I:12409 | Meta-I:39678 | Meta-I:14894 | Meta-I:20239 | Meta-I:33513				8	
Z6.52_Meta-I:39325	RXN-I:1717 | RXN-I:6093 | RXN-I:4445 | RXN-I:26797 | RXN-I:6038 | RXN-I:23597 | RXN-I:11161 | RXN-I:18295	Meta-I:2471	Meta-I:39325	Meta-I:36088 | Meta-I:20040 | Meta-I:33045 | Meta-I:36855 | Meta-I:6501 | Meta-I:49871 | Meta-I:40489	Meta-I:37645 | Meta-I:33695 | Meta-I:1752 | Meta-I:2471 | Meta-I:20244 | Meta-I:35927 | Meta-I:5852 | Meta-I:42676 | Meta-I:52041 | Meta-I:39678 | Meta-I:8501 | Meta-I:14894 | Meta-I:20239 | Meta-I:33513				8	
Z6.51_Meta-I:39325	RXN-I:1717 | RXN-I:6093 | RXN-I:4445 | RXN-I:26797 | RXN-I:6038 | RXN-I:20253 | RXN-I:11161 | RXN-I:18295	Meta-I:2471	Meta-I:39325	Meta-I:36088 | Meta-I:20040 | Meta-I:33045 | Meta-I:36855 | Meta-I:6501 | Meta-I:49871 | Meta-I:40489	Meta-I:37645 | Meta-I:33695 | Meta-I:1752 | Meta-I:2471 | Meta-I:20244 | Meta-I:35927 | Meta-I:5852 | Meta-I:42676 | Meta-I:40736 | Meta-I:24872 | Meta-I:39678 | Meta-I:14894 | Meta-I:20239 | Meta-I:33513				8	
Z6.18_Meta-I:39325	RXN-I:1717 | RXN-I:6093 | RXN-I:4445 | RXN-I:26797 | RXN-I:6038 | RXN-I:20253 | RXN-I:33503 | RXN-I:18295	Meta-I:2471	Meta-I:39325	Meta-I:36088 | Meta-I:20040 | Meta-I:33045 | Meta-I:36855 | Meta-I:6501 | Meta-I:49871 | Meta-I:40489	Meta-I:37645 | Meta-I:33695 | Meta-I:1752 | Meta-I:2471 | Meta-I:20244 | Meta-I:35927 | Meta-I:5852 | Meta-I:42676 | Meta-I:40736 | Meta-I:24872 | Meta-I:46553 | Meta-I:39678 | Meta-I:13179 | Meta-I:33513				8	
Z6.17_Meta-I:39325	RXN-I:1717 | RXN-I:6093 | RXN-I:4445 | RXN-I:26797 | RXN-I:6038 | RXN-I:8629 | RXN-I:33503 | RXN-I:18295	Meta-I:2471	Meta-I:39325	Meta-I:36088 | Meta-I:20040 | Meta-I:33045 | Meta-I:36855 | Meta-I:6501 | Meta-I:49871 | Meta-I:40489	Meta-I:37645 | Meta-I:33695 | Meta-I:1752 | Meta-I:2471 | Meta-I:20244 | Meta-I:35927 | Meta-I:5852 | Meta-I:42676 | Meta-I:27537 | Meta-I:12409 | Meta-I:46553 | Meta-I:39678 | Meta-I:13179 | Meta-I:33513				8	
Z6.19_Meta-I:39325	RXN-I:1717 | RXN-I:6093 | RXN-I:4445 | RXN-I:26797 | RXN-I:6038 | RXN-I:23597 | RXN-I:33503 | RXN-I:18295	Meta-I:2471	Meta-I:39325	Meta-I:36088 | Meta-I:20040 | Meta-I:33045 | Meta-I:36855 | Meta-I:6501 | Meta-I:49871 | Meta-I:40489	Meta-I:37645 | Meta-I:33695 | Meta-I:1752 | Meta-I:2471 | Meta-I:20244 | Meta-I:35927 | Meta-I:5852 | Meta-I:42676 | Meta-I:52041 | Meta-I:39678 | Meta-I:8501 | Meta-I:46553 | Meta-I:13179 | Meta-I:33513				8	
Z6.14_Meta-I:39325	RXN-I:1717 | RXN-I:6093 | RXN-I:4445 | RXN-I:26797 | RXN-I:6038 | RXN-I:29613 | RXN-I:33503 | RXN-I:18295	Meta-I:2471	Meta-I:39325	Meta-I:36088 | Meta-I:20040 | Meta-I:33045 | Meta-I:36855 | Meta-I:6501 | Meta-I:49871 | Meta-I:40489	Meta-I:37645 | Meta-I:33695 | Meta-I:1752 | Meta-I:2471 | Meta-I:20244 | Meta-I:35927 | Meta-I:5852 | Meta-I:42676 | Meta-I:3333 | Meta-I:31533 | Meta-I:46553 | Meta-I:39678 | Meta-I:13179 | Meta-I:33513				8	
Z6.13_Meta-I:39325	RXN-I:1717 | RXN-I:6093 | RXN-I:4445 | RXN-I:26797 | RXN-I:6038 | RXN-I:15653 | RXN-I:33503 | RXN-I:18295	Meta-I:2471	Meta-I:39325	Meta-I:36088 | Meta-I:20040 | Meta-I:33045 | Meta-I:36855 | Meta-I:6501 | Meta-I:49871 | Meta-I:40489	Meta-I:37645 | Meta-I:33695 | Meta-I:1752 | Meta-I:2471 | Meta-I:20244 | Meta-I:35927 | Meta-I:5852 | Meta-I:42676 | Meta-I:10422 | Meta-I:42703 | Meta-I:46553 | Meta-I:39678 | Meta-I:13179 | Meta-I:33513				8	
Z6.16_Meta-I:39325	RXN-I:1717 | RXN-I:6093 | RXN-I:4445 | RXN-I:26797 | RXN-I:6038 | RXN-I:23921 | RXN-I:33503 | RXN-I:18295	Meta-I:2471	Meta-I:39325	Meta-I:36088 | Meta-I:20040 | Meta-I:33045 | Meta-I:36855 | Meta-I:6501 | Meta-I:49871 | Meta-I:40489	Meta-I:37645 | Meta-I:33695 | Meta-I:1752 | Meta-I:2471 | Meta-I:20244 | Meta-I:35927 | Meta-I:5852 | Meta-I:42676 | Meta-I:12557 | Meta-I:41596 | Meta-I:46553 | Meta-I:39678 | Meta-I:13179 | Meta-I:33513				8	
Z6.15_Meta-I:39325	RXN-I:1717 | RXN-I:6093 | RXN-I:4445 | RXN-I:26797 | RXN-I:6038 | RXN-I:22614 | RXN-I:33503 | RXN-I:18295	Meta-I:2471	Meta-I:39325	Meta-I:36088 | Meta-I:20040 | Meta-I:33045 | Meta-I:36855 | Meta-I:6501 | Meta-I:49871 | Meta-I:40489	Meta-I:37645 | Meta-I:33695 | Meta-I:1752 | Meta-I:2471 | Meta-I:20244 | Meta-I:35927 | Meta-I:5852 | Meta-I:42676 | Meta-I:52041 | Meta-I:40685 | Meta-I:40686 | Meta-I:46553 | Meta-I:39678 | Meta-I:13179 | Meta-I:33513				8	
Z6.10_Meta-I:39325	RXN-I:1717 | RXN-I:6093 | RXN-I:4445 | RXN-I:26797 | RXN-I:6038 | RXN-I:11370 | RXN-I:18091 | RXN-I:18295	Meta-I:2471	Meta-I:39325	Meta-I:36088 | Meta-I:20040 | Meta-I:33045 | Meta-I:36855 | Meta-I:6501 | Meta-I:49871 | Meta-I:40489	Meta-I:37645 | Meta-I:33695 | Meta-I:1752 | Meta-I:2471 | Meta-I:20244 | Meta-I:35927 | Meta-I:5852 | Meta-I:42676 | Meta-I:39859 | Meta-I:40134 | Meta-I:39678 | Meta-I:42741 | Meta-I:20239 | Meta-I:33513				8	
Z6.54_Meta-I:39325	RXN-I:1717 | RXN-I:6093 | RXN-I:4445 | RXN-I:26797 | RXN-I:6038 | RXN-I:11370 | RXN-I:11161 | RXN-I:18295	Meta-I:2471	Meta-I:39325	Meta-I:36088 | Meta-I:20040 | Meta-I:33045 | Meta-I:36855 | Meta-I:6501 | Meta-I:49871 | Meta-I:40489	Meta-I:37645 | Meta-I:33695 | Meta-I:1752 | Meta-I:2471 | Meta-I:20244 | Meta-I:35927 | Meta-I:5852 | Meta-I:42676 | Meta-I:39859 | Meta-I:40134 | Meta-I:39678 | Meta-I:14894 | Meta-I:20239 | Meta-I:33513				8	
Z6.53_Meta-I:39325	RXN-I:1717 | RXN-I:6093 | RXN-I:4445 | RXN-I:26797 | RXN-I:6038 | RXN-I:33241 | RXN-I:11161 | RXN-I:18295	Meta-I:2471	Meta-I:39325	Meta-I:36088 | Meta-I:20040 | Meta-I:33045 | Meta-I:36855 | Meta-I:6501 | Meta-I:49871 | Meta-I:40489	Meta-I:37645 | Meta-I:33695 | Meta-I:1752 | Meta-I:2471 | Meta-I:20244 | Meta-I:35927 | Meta-I:5852 | Meta-I:42676 | Meta-I:381 | Meta-I:12409 | Meta-I:39678 | Meta-I:14894 | Meta-I:20239 | Meta-I:33513				8	
Z6.12_Meta-I:39325	RXN-I:1717 | RXN-I:6093 | RXN-I:4445 | RXN-I:26797 | RXN-I:6038 | RXN-I:33517 | RXN-I:33503 | RXN-I:18295	Meta-I:2471	Meta-I:39325	Meta-I:36088 | Meta-I:20040 | Meta-I:33045 | Meta-I:36855 | Meta-I:6501 | Meta-I:49871 | Meta-I:40489	Meta-I:37645 | Meta-I:33695 | Meta-I:1752 | Meta-I:2471 | Meta-I:20244 | Meta-I:35927 | Meta-I:5852 | Meta-I:42676 | Meta-I:42953 | Meta-I:40729 | Meta-I:46553 | Meta-I:39678 | Meta-I:13179 | Meta-I:33513				8	
Z6.11_Meta-I:39325	RXN-I:1717 | RXN-I:6093 | RXN-I:4445 | RXN-I:26797 | RXN-I:6038 | RXN-I:12471 | RXN-I:18091 | RXN-I:18295	Meta-I:2471	Meta-I:39325	Meta-I:36088 | Meta-I:20040 | Meta-I:33045 | Meta-I:36855 | Meta-I:6501 | Meta-I:49871 | Meta-I:40489	Meta-I:37645 | Meta-I:33695 | Meta-I:1752 | Meta-I:2471 | Meta-I:20244 | Meta-I:35927 | Meta-I:5852 | Meta-I:42676 | Meta-I:17262 | Meta-I:42081 | Meta-I:39678 | Meta-I:42741 | Meta-I:20239 | Meta-I:33513				8	
Z6.55_Meta-I:39325	RXN-I:1717 | RXN-I:6093 | RXN-I:4445 | RXN-I:26797 | RXN-I:6038 | RXN-I:12471 | RXN-I:11161 | RXN-I:18295	Meta-I:2471	Meta-I:39325	Meta-I:36088 | Meta-I:20040 | Meta-I:33045 | Meta-I:36855 | Meta-I:6501 | Meta-I:49871 | Meta-I:40489	Meta-I:37645 | Meta-I:33695 | Meta-I:1752 | Meta-I:2471 | Meta-I:20244 | Meta-I:35927 | Meta-I:5852 | Meta-I:42676 | Meta-I:17262 | Meta-I:42081 | Meta-I:39678 | Meta-I:14894 | Meta-I:20239 | Meta-I:33513				8	
Z6.3_Meta-I:39325	RXN-I:1717 | RXN-I:6093 | RXN-I:4445 | RXN-I:26797 | RXN-I:6038 | RXN-I:29613 | RXN-I:18091 | RXN-I:18295	Meta-I:2471	Meta-I:39325	Meta-I:36088 | Meta-I:20040 | Meta-I:33045 | Meta-I:36855 | Meta-I:6501 | Meta-I:49871 | Meta-I:40489	Meta-I:37645 | Meta-I:33695 | Meta-I:1752 | Meta-I:2471 | Meta-I:20244 | Meta-I:35927 | Meta-I:5852 | Meta-I:42676 | Meta-I:3333 | Meta-I:31533 | Meta-I:39678 | Meta-I:42741 | Meta-I:20239 | Meta-I:33513				8	
Z6.2_Meta-I:39325	RXN-I:1717 | RXN-I:6093 | RXN-I:4445 | RXN-I:26797 | RXN-I:6038 | RXN-I:15653 | RXN-I:18091 | RXN-I:18295	Meta-I:2471	Meta-I:39325	Meta-I:36088 | Meta-I:20040 | Meta-I:33045 | Meta-I:36855 | Meta-I:6501 | Meta-I:49871 | Meta-I:40489	Meta-I:37645 | Meta-I:33695 | Meta-I:1752 | Meta-I:2471 | Meta-I:20244 | Meta-I:35927 | Meta-I:5852 | Meta-I:42676 | Meta-I:10422 | Meta-I:42703 | Meta-I:39678 | Meta-I:42741 | Meta-I:20239 | Meta-I:33513				8	
Z6.5_Meta-I:39325	RXN-I:1717 | RXN-I:6093 | RXN-I:4445 | RXN-I:26797 | RXN-I:6038 | RXN-I:23921 | RXN-I:18091 | RXN-I:18295	Meta-I:2471	Meta-I:39325	Meta-I:36088 | Meta-I:20040 | Meta-I:33045 | Meta-I:36855 | Meta-I:6501 | Meta-I:49871 | Meta-I:40489	Meta-I:37645 | Meta-I:33695 | Meta-I:1752 | Meta-I:2471 | Meta-I:20244 | Meta-I:35927 | Meta-I:5852 | Meta-I:42676 | Meta-I:12557 | Meta-I:41596 | Meta-I:39678 | Meta-I:42741 | Meta-I:20239 | Meta-I:33513				8	
Z6.4_Meta-I:39325	RXN-I:1717 | RXN-I:6093 | RXN-I:4445 | RXN-I:26797 | RXN-I:6038 | RXN-I:22614 | RXN-I:18091 | RXN-I:18295	Meta-I:2471	Meta-I:39325	Meta-I:36088 | Meta-I:20040 | Meta-I:33045 | Meta-I:36855 | Meta-I:6501 | Meta-I:49871 | Meta-I:40489	Meta-I:37645 | Meta-I:33695 | Meta-I:1752 | Meta-I:2471 | Meta-I:20244 | Meta-I:35927 | Meta-I:5852 | Meta-I:42676 | Meta-I:52041 | Meta-I:40685 | Meta-I:40686 | Meta-I:39678 | Meta-I:42741 | Meta-I:20239 | Meta-I:33513				8	
Z6.7_Meta-I:39325	RXN-I:1717 | RXN-I:6093 | RXN-I:4445 | RXN-I:26797 | RXN-I:6038 | RXN-I:20253 | RXN-I:18091 | RXN-I:18295	Meta-I:2471	Meta-I:39325	Meta-I:36088 | Meta-I:20040 | Meta-I:33045 | Meta-I:36855 | Meta-I:6501 | Meta-I:49871 | Meta-I:40489	Meta-I:37645 | Meta-I:33695 | Meta-I:1752 | Meta-I:2471 | Meta-I:20244 | Meta-I:35927 | Meta-I:5852 | Meta-I:42676 | Meta-I:40736 | Meta-I:24872 | Meta-I:39678 | Meta-I:42741 | Meta-I:20239 | Meta-I:33513				8	
Z6.6_Meta-I:39325	RXN-I:1717 | RXN-I:6093 | RXN-I:4445 | RXN-I:26797 | RXN-I:6038 | RXN-I:8629 | RXN-I:18091 | RXN-I:18295	Meta-I:2471	Meta-I:39325	Meta-I:36088 | Meta-I:20040 | Meta-I:33045 | Meta-I:36855 | Meta-I:6501 | Meta-I:49871 | Meta-I:40489	Meta-I:37645 | Meta-I:33695 | Meta-I:1752 | Meta-I:2471 | Meta-I:20244 | Meta-I:35927 | Meta-I:5852 | Meta-I:42676 | Meta-I:27537 | Meta-I:12409 | Meta-I:39678 | Meta-I:42741 | Meta-I:20239 | Meta-I:33513				8	
Z6.9_Meta-I:39325	RXN-I:1717 | RXN-I:6093 | RXN-I:4445 | RXN-I:26797 | RXN-I:6038 | RXN-I:33241 | RXN-I:18091 | RXN-I:18295	Meta-I:2471	Meta-I:39325	Meta-I:36088 | Meta-I:20040 | Meta-I:33045 | Meta-I:36855 | Meta-I:6501 | Meta-I:49871 | Meta-I:40489	Meta-I:37645 | Meta-I:33695 | Meta-I:1752 | Meta-I:2471 | Meta-I:20244 | Meta-I:35927 | Meta-I:5852 | Meta-I:42676 | Meta-I:381 | Meta-I:12409 | Meta-I:39678 | Meta-I:42741 | Meta-I:20239 | Meta-I:33513				8	
Z6.8_Meta-I:39325	RXN-I:1717 | RXN-I:6093 | RXN-I:4445 | RXN-I:26797 | RXN-I:6038 | RXN-I:23597 | RXN-I:18091 | RXN-I:18295	Meta-I:2471	Meta-I:39325	Meta-I:36088 | Meta-I:20040 | Meta-I:33045 | Meta-I:36855 | Meta-I:6501 | Meta-I:49871 | Meta-I:40489	Meta-I:37645 | Meta-I:33695 | Meta-I:1752 | Meta-I:2471 | Meta-I:20244 | Meta-I:35927 | Meta-I:5852 | Meta-I:42676 | Meta-I:52041 | Meta-I:39678 | Meta-I:8501 | Meta-I:42741 | Meta-I:20239 | Meta-I:33513				8	
Z6.29_Meta-I:39325	RXN-I:1717 | RXN-I:6093 | RXN-I:4445 | RXN-I:26797 | RXN-I:6038 | RXN-I:20253 | RXN-I:19224 | RXN-I:18295	Meta-I:2471	Meta-I:39325	Meta-I:36088 | Meta-I:20040 | Meta-I:33045 | Meta-I:36855 | Meta-I:6501 | Meta-I:49871 | Meta-I:40489	Meta-I:37645 | Meta-I:33695 | Meta-I:1752 | Meta-I:2471 | Meta-I:20244 | Meta-I:35927 | Meta-I:5852 | Meta-I:42676 | Meta-I:40736 | Meta-I:24872 | Meta-I:46553 | Meta-I:39678 | Meta-I:14894 | Meta-I:33513				8	
Z6.28_Meta-I:39325	RXN-I:1717 | RXN-I:6093 | RXN-I:4445 | RXN-I:26797 | RXN-I:6038 | RXN-I:8629 | RXN-I:19224 | RXN-I:18295	Meta-I:2471	Meta-I:39325	Meta-I:36088 | Meta-I:20040 | Meta-I:33045 | Meta-I:36855 | Meta-I:6501 | Meta-I:49871 | Meta-I:40489	Meta-I:37645 | Meta-I:33695 | Meta-I:1752 | Meta-I:2471 | Meta-I:20244 | Meta-I:35927 | Meta-I:5852 | Meta-I:42676 | Meta-I:27537 | Meta-I:12409 | Meta-I:46553 | Meta-I:39678 | Meta-I:14894 | Meta-I:33513				8	
Z6.25_Meta-I:39325	RXN-I:1717 | RXN-I:6093 | RXN-I:4445 | RXN-I:26797 | RXN-I:6038 | RXN-I:29613 | RXN-I:19224 | RXN-I:18295	Meta-I:2471	Meta-I:39325	Meta-I:36088 | Meta-I:20040 | Meta-I:33045 | Meta-I:36855 | Meta-I:6501 | Meta-I:49871 | Meta-I:40489	Meta-I:37645 | Meta-I:33695 | Meta-I:1752 | Meta-I:2471 | Meta-I:20244 | Meta-I:35927 | Meta-I:5852 | Meta-I:42676 | Meta-I:3333 | Meta-I:31533 | Meta-I:46553 | Meta-I:39678 | Meta-I:14894 | Meta-I:33513				8	
Z6.24_Meta-I:39325	RXN-I:1717 | RXN-I:6093 | RXN-I:4445 | RXN-I:26797 | RXN-I:6038 | RXN-I:15653 | RXN-I:19224 | RXN-I:18295	Meta-I:2471	Meta-I:39325	Meta-I:36088 | Meta-I:20040 | Meta-I:33045 | Meta-I:36855 | Meta-I:6501 | Meta-I:49871 | Meta-I:40489	Meta-I:37645 | Meta-I:33695 | Meta-I:1752 | Meta-I:2471 | Meta-I:20244 | Meta-I:35927 | Meta-I:5852 | Meta-I:42676 | Meta-I:10422 | Meta-I:42703 | Meta-I:46553 | Meta-I:39678 | Meta-I:14894 | Meta-I:33513				8	
Z6.27_Meta-I:39325	RXN-I:1717 | RXN-I:6093 | RXN-I:4445 | RXN-I:26797 | RXN-I:6038 | RXN-I:23921 | RXN-I:19224 | RXN-I:18295	Meta-I:2471	Meta-I:39325	Meta-I:36088 | Meta-I:20040 | Meta-I:33045 | Meta-I:36855 | Meta-I:6501 | Meta-I:49871 | Meta-I:40489	Meta-I:37645 | Meta-I:33695 | Meta-I:1752 | Meta-I:2471 | Meta-I:20244 | Meta-I:35927 | Meta-I:5852 | Meta-I:42676 | Meta-I:12557 | Meta-I:41596 | Meta-I:46553 | Meta-I:39678 | Meta-I:14894 | Meta-I:33513				8	
Z6.26_Meta-I:39325	RXN-I:1717 | RXN-I:6093 | RXN-I:4445 | RXN-I:26797 | RXN-I:6038 | RXN-I:22614 | RXN-I:19224 | RXN-I:18295	Meta-I:2471	Meta-I:39325	Meta-I:36088 | Meta-I:20040 | Meta-I:33045 | Meta-I:36855 | Meta-I:6501 | Meta-I:49871 | Meta-I:40489	Meta-I:37645 | Meta-I:33695 | Meta-I:1752 | Meta-I:2471 | Meta-I:20244 | Meta-I:35927 | Meta-I:5852 | Meta-I:42676 | Meta-I:52041 | Meta-I:40685 | Meta-I:40686 | Meta-I:46553 | Meta-I:39678 | Meta-I:14894 | Meta-I:33513				8	
Z6.21_Meta-I:39325	RXN-I:1717 | RXN-I:6093 | RXN-I:4445 | RXN-I:26797 | RXN-I:6038 | RXN-I:11370 | RXN-I:33503 | RXN-I:18295	Meta-I:2471	Meta-I:39325	Meta-I:36088 | Meta-I:20040 | Meta-I:33045 | Meta-I:36855 | Meta-I:6501 | Meta-I:49871 | Meta-I:40489	Meta-I:37645 | Meta-I:33695 | Meta-I:1752 | Meta-I:2471 | Meta-I:20244 | Meta-I:35927 | Meta-I:5852 | Meta-I:42676 | Meta-I:39859 | Meta-I:40134 | Meta-I:46553 | Meta-I:39678 | Meta-I:13179 | Meta-I:33513				8	
Z6.20_Meta-I:39325	RXN-I:1717 | RXN-I:6093 | RXN-I:4445 | RXN-I:26797 | RXN-I:6038 | RXN-I:33241 | RXN-I:33503 | RXN-I:18295	Meta-I:2471	Meta-I:39325	Meta-I:36088 | Meta-I:20040 | Meta-I:33045 | Meta-I:36855 | Meta-I:6501 | Meta-I:49871 | Meta-I:40489	Meta-I:37645 | Meta-I:33695 | Meta-I:1752 | Meta-I:2471 | Meta-I:20244 | Meta-I:35927 | Meta-I:5852 | Meta-I:42676 | Meta-I:381 | Meta-I:12409 | Meta-I:46553 | Meta-I:39678 | Meta-I:13179 | Meta-I:33513				8	
Z6.23_Meta-I:39325	RXN-I:1717 | RXN-I:6093 | RXN-I:4445 | RXN-I:26797 | RXN-I:6038 | RXN-I:33517 | RXN-I:19224 | RXN-I:18295	Meta-I:2471	Meta-I:39325	Meta-I:36088 | Meta-I:20040 | Meta-I:33045 | Meta-I:36855 | Meta-I:6501 | Meta-I:49871 | Meta-I:40489	Meta-I:37645 | Meta-I:33695 | Meta-I:1752 | Meta-I:2471 | Meta-I:20244 | Meta-I:35927 | Meta-I:5852 | Meta-I:42676 | Meta-I:42953 | Meta-I:40729 | Meta-I:46553 | Meta-I:39678 | Meta-I:14894 | Meta-I:33513				8	
Z6.22_Meta-I:39325	RXN-I:1717 | RXN-I:6093 | RXN-I:4445 | RXN-I:26797 | RXN-I:6038 | RXN-I:12471 | RXN-I:33503 | RXN-I:18295	Meta-I:2471	Meta-I:39325	Meta-I:36088 | Meta-I:20040 | Meta-I:33045 | Meta-I:36855 | Meta-I:6501 | Meta-I:49871 | Meta-I:40489	Meta-I:37645 | Meta-I:33695 | Meta-I:1752 | Meta-I:2471 | Meta-I:20244 | Meta-I:35927 | Meta-I:5852 | Meta-I:42676 | Meta-I:17262 | Meta-I:42081 | Meta-I:46553 | Meta-I:39678 | Meta-I:13179 | Meta-I:33513				8	
Z26.9_Meta-I:39325	RXN-I:1717 | RXN-I:6093 | RXN-I:4445 | RXN-I:26797 | RXN-I:29964 | RXN-I:26281 | RXN-I:18295	Meta-I:2471	Meta-I:39325	Meta-I:36088 | Meta-I:20040 | Meta-I:33045 | Meta-I:36855 | Meta-I:48530 | Meta-I:40489	Meta-I:37645 | Meta-I:33695 | Meta-I:1752 | Meta-I:2471 | Meta-I:20244 | Meta-I:35927 | Meta-I:5852 | Meta-I:40685 | Meta-I:40686 | Meta-I:42953 | Meta-I:40729 | Meta-I:33513				7	
Z6.30_Meta-I:39325	RXN-I:1717 | RXN-I:6093 | RXN-I:4445 | RXN-I:26797 | RXN-I:6038 | RXN-I:23597 | RXN-I:19224 | RXN-I:18295	Meta-I:2471	Meta-I:39325	Meta-I:36088 | Meta-I:20040 | Meta-I:33045 | Meta-I:36855 | Meta-I:6501 | Meta-I:49871 | Meta-I:40489	Meta-I:37645 | Meta-I:33695 | Meta-I:1752 | Meta-I:2471 | Meta-I:20244 | Meta-I:35927 | Meta-I:5852 | Meta-I:42676 | Meta-I:52041 | Meta-I:39678 | Meta-I:8501 | Meta-I:46553 | Meta-I:14894 | Meta-I:33513				8	
Z26.8_Meta-I:39325	RXN-I:1717 | RXN-I:6093 | RXN-I:4445 | RXN-I:26797 | RXN-I:25401 | RXN-I:8506 | RXN-I:18295	Meta-I:2471	Meta-I:39325	Meta-I:36088 | Meta-I:20040 | Meta-I:33045 | Meta-I:36855 | Meta-I:48530 | Meta-I:40489	Meta-I:37645 | Meta-I:33695 | Meta-I:1752 | Meta-I:2471 | Meta-I:20244 | Meta-I:35927 | Meta-I:5852 | Meta-I:40688 | Meta-I:40690 | Meta-I:52041 | Meta-I:40685 | Meta-I:40686 | Meta-I:42676 | Meta-I:33513				7	
Z26.3_Meta-I:39325	RXN-I:1717 | RXN-I:6093 | RXN-I:4445 | RXN-I:26797 | RXN-I:29964 | RXN-I:33825 | RXN-I:18295	Meta-I:2471	Meta-I:39325	Meta-I:36088 | Meta-I:20040 | Meta-I:33045 | Meta-I:36855 | Meta-I:48530 | Meta-I:40489	Meta-I:37645 | Meta-I:33695 | Meta-I:1752 | Meta-I:2471 | Meta-I:20244 | Meta-I:35927 | Meta-I:5852 | Meta-I:40685 | Meta-I:40686 | Meta-I:10422 | Meta-I:42703 | Meta-I:33513				7	
Z26.2_Meta-I:39325	RXN-I:1717 | RXN-I:6093 | RXN-I:4445 | RXN-I:26797 | RXN-I:25401 | RXN-I:27532 | RXN-I:18295	Meta-I:2471	Meta-I:39325	Meta-I:36088 | Meta-I:20040 | Meta-I:33045 | Meta-I:36855 | Meta-I:48530 | Meta-I:40489	Meta-I:37645 | Meta-I:33695 | Meta-I:1752 | Meta-I:2471 | Meta-I:20244 | Meta-I:35927 | Meta-I:5852 | Meta-I:40688 | Meta-I:40690 | Meta-I:17262 | Meta-I:42081 | Meta-I:33513				7	
Z26.1_Meta-I:39325	RXN-I:1717 | RXN-I:6093 | RXN-I:4445 | RXN-I:26797 | RXN-I:29964 | RXN-I:27532 | RXN-I:18295	Meta-I:2471	Meta-I:39325	Meta-I:36088 | Meta-I:20040 | Meta-I:33045 | Meta-I:36855 | Meta-I:48530 | Meta-I:40489	Meta-I:37645 | Meta-I:33695 | Meta-I:1752 | Meta-I:2471 | Meta-I:20244 | Meta-I:35927 | Meta-I:5852 | Meta-I:40685 | Meta-I:40686 | Meta-I:17262 | Meta-I:42081 | Meta-I:33513				7	
Z26.7_Meta-I:39325	RXN-I:1717 | RXN-I:6093 | RXN-I:4445 | RXN-I:26797 | RXN-I:29964 | RXN-I:8506 | RXN-I:18295	Meta-I:2471	Meta-I:39325	Meta-I:36088 | Meta-I:20040 | Meta-I:33045 | Meta-I:36855 | Meta-I:48530 | Meta-I:40489	Meta-I:37645 | Meta-I:33695 | Meta-I:1752 | Meta-I:2471 | Meta-I:20244 | Meta-I:35927 | Meta-I:5852 | Meta-I:40685 | Meta-I:40686 | Meta-I:52041 | Meta-I:42676 | Meta-I:33513				7	
Z26.6_Meta-I:39325	RXN-I:1717 | RXN-I:6093 | RXN-I:4445 | RXN-I:26797 | RXN-I:25401 | RXN-I:4259 | RXN-I:18295	Meta-I:2471	Meta-I:39325	Meta-I:36088 | Meta-I:20040 | Meta-I:33045 | Meta-I:36855 | Meta-I:48530 | Meta-I:40489	Meta-I:37645 | Meta-I:33695 | Meta-I:1752 | Meta-I:2471 | Meta-I:20244 | Meta-I:35927 | Meta-I:5852 | Meta-I:40688 | Meta-I:40690 | Meta-I:39859 | Meta-I:40134 | Meta-I:33513				7	
Z26.5_Meta-I:39325	RXN-I:1717 | RXN-I:6093 | RXN-I:4445 | RXN-I:26797 | RXN-I:29964 | RXN-I:4259 | RXN-I:18295	Meta-I:2471	Meta-I:39325	Meta-I:36088 | Meta-I:20040 | Meta-I:33045 | Meta-I:36855 | Meta-I:48530 | Meta-I:40489	Meta-I:37645 | Meta-I:33695 | Meta-I:1752 | Meta-I:2471 | Meta-I:20244 | Meta-I:35927 | Meta-I:5852 | Meta-I:40685 | Meta-I:40686 | Meta-I:39859 | Meta-I:40134 | Meta-I:33513				7	
Z26.4_Meta-I:39325	RXN-I:1717 | RXN-I:6093 | RXN-I:4445 | RXN-I:26797 | RXN-I:25401 | RXN-I:33825 | RXN-I:18295	Meta-I:2471	Meta-I:39325	Meta-I:36088 | Meta-I:20040 | Meta-I:33045 | Meta-I:36855 | Meta-I:48530 | Meta-I:40489	Meta-I:37645 | Meta-I:33695 | Meta-I:1752 | Meta-I:2471 | Meta-I:20244 | Meta-I:35927 | Meta-I:5852 | Meta-I:40688 | Meta-I:40690 | Meta-I:10422 | Meta-I:42703 | Meta-I:33513				7	
Z6.39_Meta-I:39325	RXN-I:1717 | RXN-I:6093 | RXN-I:4445 | RXN-I:26797 | RXN-I:6038 | RXN-I:8629 | RXN-I:32808 | RXN-I:18295	Meta-I:2471	Meta-I:39325	Meta-I:36088 | Meta-I:20040 | Meta-I:33045 | Meta-I:36855 | Meta-I:6501 | Meta-I:49871 | Meta-I:40489	Meta-I:37645 | Meta-I:33695 | Meta-I:1752 | Meta-I:2471 | Meta-I:20244 | Meta-I:35927 | Meta-I:5852 | Meta-I:42676 | Meta-I:27537 | Meta-I:12409 | Meta-I:46553 | Meta-I:39678 | Meta-I:42741 | Meta-I:33513				8	
Z6.1_Meta-I:39325	RXN-I:1717 | RXN-I:6093 | RXN-I:4445 | RXN-I:26797 | RXN-I:6038 | RXN-I:33517 | RXN-I:18091 | RXN-I:18295	Meta-I:2471	Meta-I:39325	Meta-I:36088 | Meta-I:20040 | Meta-I:33045 | Meta-I:36855 | Meta-I:6501 | Meta-I:49871 | Meta-I:40489	Meta-I:37645 | Meta-I:33695 | Meta-I:1752 | Meta-I:2471 | Meta-I:20244 | Meta-I:35927 | Meta-I:5852 | Meta-I:42676 | Meta-I:42953 | Meta-I:40729 | Meta-I:39678 | Meta-I:42741 | Meta-I:20239 | Meta-I:33513				8	
Z6.36_Meta-I:39325	RXN-I:1717 | RXN-I:6093 | RXN-I:4445 | RXN-I:26797 | RXN-I:6038 | RXN-I:29613 | RXN-I:32808 | RXN-I:18295	Meta-I:2471	Meta-I:39325	Meta-I:36088 | Meta-I:20040 | Meta-I:33045 | Meta-I:36855 | Meta-I:6501 | Meta-I:49871 | Meta-I:40489	Meta-I:37645 | Meta-I:33695 | Meta-I:1752 | Meta-I:2471 | Meta-I:20244 | Meta-I:35927 | Meta-I:5852 | Meta-I:42676 | Meta-I:3333 | Meta-I:31533 | Meta-I:46553 | Meta-I:39678 | Meta-I:42741 | Meta-I:33513				8	
Z6.35_Meta-I:39325	RXN-I:1717 | RXN-I:6093 | RXN-I:4445 | RXN-I:26797 | RXN-I:6038 | RXN-I:15653 | RXN-I:32808 | RXN-I:18295	Meta-I:2471	Meta-I:39325	Meta-I:36088 | Meta-I:20040 | Meta-I:33045 | Meta-I:36855 | Meta-I:6501 | Meta-I:49871 | Meta-I:40489	Meta-I:37645 | Meta-I:33695 | Meta-I:1752 | Meta-I:2471 | Meta-I:20244 | Meta-I:35927 | Meta-I:5852 | Meta-I:42676 | Meta-I:10422 | Meta-I:42703 | Meta-I:46553 | Meta-I:39678 | Meta-I:42741 | Meta-I:33513				8	
Z6.38_Meta-I:39325	RXN-I:1717 | RXN-I:6093 | RXN-I:4445 | RXN-I:26797 | RXN-I:6038 | RXN-I:23921 | RXN-I:32808 | RXN-I:18295	Meta-I:2471	Meta-I:39325	Meta-I:36088 | Meta-I:20040 | Meta-I:33045 | Meta-I:36855 | Meta-I:6501 | Meta-I:49871 | Meta-I:40489	Meta-I:37645 | Meta-I:33695 | Meta-I:1752 | Meta-I:2471 | Meta-I:20244 | Meta-I:35927 | Meta-I:5852 | Meta-I:42676 | Meta-I:12557 | Meta-I:41596 | Meta-I:46553 | Meta-I:39678 | Meta-I:42741 | Meta-I:33513				8	
Z6.37_Meta-I:39325	RXN-I:1717 | RXN-I:6093 | RXN-I:4445 | RXN-I:26797 | RXN-I:6038 | RXN-I:22614 | RXN-I:32808 | RXN-I:18295	Meta-I:2471	Meta-I:39325	Meta-I:36088 | Meta-I:20040 | Meta-I:33045 | Meta-I:36855 | Meta-I:6501 | Meta-I:49871 | Meta-I:40489	Meta-I:37645 | Meta-I:33695 | Meta-I:1752 | Meta-I:2471 | Meta-I:20244 | Meta-I:35927 | Meta-I:5852 | Meta-I:42676 | Meta-I:52041 | Meta-I:40685 | Meta-I:40686 | Meta-I:46553 | Meta-I:39678 | Meta-I:42741 | Meta-I:33513				8	
Z6.32_Meta-I:39325	RXN-I:1717 | RXN-I:6093 | RXN-I:4445 | RXN-I:26797 | RXN-I:6038 | RXN-I:11370 | RXN-I:19224 | RXN-I:18295	Meta-I:2471	Meta-I:39325	Meta-I:36088 | Meta-I:20040 | Meta-I:33045 | Meta-I:36855 | Meta-I:6501 | Meta-I:49871 | Meta-I:40489	Meta-I:37645 | Meta-I:33695 | Meta-I:1752 | Meta-I:2471 | Meta-I:20244 | Meta-I:35927 | Meta-I:5852 | Meta-I:42676 | Meta-I:39859 | Meta-I:40134 | Meta-I:46553 | Meta-I:39678 | Meta-I:14894 | Meta-I:33513				8	
Z6.31_Meta-I:39325	RXN-I:1717 | RXN-I:6093 | RXN-I:4445 | RXN-I:26797 | RXN-I:6038 | RXN-I:33241 | RXN-I:19224 | RXN-I:18295	Meta-I:2471	Meta-I:39325	Meta-I:36088 | Meta-I:20040 | Meta-I:33045 | Meta-I:36855 | Meta-I:6501 | Meta-I:49871 | Meta-I:40489	Meta-I:37645 | Meta-I:33695 | Meta-I:1752 | Meta-I:2471 | Meta-I:20244 | Meta-I:35927 | Meta-I:5852 | Meta-I:42676 | Meta-I:381 | Meta-I:12409 | Meta-I:46553 | Meta-I:39678 | Meta-I:14894 | Meta-I:33513				8	
Z6.34_Meta-I:39325	RXN-I:1717 | RXN-I:6093 | RXN-I:4445 | RXN-I:26797 | RXN-I:6038 | RXN-I:33517 | RXN-I:32808 | RXN-I:18295	Meta-I:2471	Meta-I:39325	Meta-I:36088 | Meta-I:20040 | Meta-I:33045 | Meta-I:36855 | Meta-I:6501 | Meta-I:49871 | Meta-I:40489	Meta-I:37645 | Meta-I:33695 | Meta-I:1752 | Meta-I:2471 | Meta-I:20244 | Meta-I:35927 | Meta-I:5852 | Meta-I:42676 | Meta-I:42953 | Meta-I:40729 | Meta-I:46553 | Meta-I:39678 | Meta-I:42741 | Meta-I:33513				8	
Z6.33_Meta-I:39325	RXN-I:1717 | RXN-I:6093 | RXN-I:4445 | RXN-I:26797 | RXN-I:6038 | RXN-I:12471 | RXN-I:19224 | RXN-I:18295	Meta-I:2471	Meta-I:39325	Meta-I:36088 | Meta-I:20040 | Meta-I:33045 | Meta-I:36855 | Meta-I:6501 | Meta-I:49871 | Meta-I:40489	Meta-I:37645 | Meta-I:33695 | Meta-I:1752 | Meta-I:2471 | Meta-I:20244 | Meta-I:35927 | Meta-I:5852 | Meta-I:42676 | Meta-I:17262 | Meta-I:42081 | Meta-I:46553 | Meta-I:39678 | Meta-I:14894 | Meta-I:33513				8	
