R_PR_UID	R_PR_STOICH	R_PR_EC	R_PR_GIBBS	R_RF_PUBMED	R_XR_METACYC	R_XR_SEED	R_XR_KEGG	R_XR_BIGG	R_XR_METANETX	R_MT_ERROR	enumeration.map.ftof.reactions	enumeration.map.ftoz.reactions
RXN-I:1717	 + 1.0 * Meta-I:33695 + 1.0 * Meta-I:2471 ==> 1.0 * Meta-I:37645 + 1.0 * Meta-I:1752 + 1.0 * Meta-I:36088				SHIKIMATE-KINASE-RXN	rxn01739 | rxn38710 | rxn32794 | rxn38709 | rxn38708	R02412	SHKK | SKK	MNXR104379		RXN-I:1717	RXN-I:1717
RXN-I:6093	 + 1.0 * Meta-I:35927 + 1.0 * Meta-I:20040 <=> 1.0 * Meta-I:20244 + 1.0 * Meta-I:36088				2.5.1.19-RXN	rxn02476 | rxn33166	R03460	PSCVT | PSCIT	MNXR103226		RXN-I:6093	RXN-I:6093
RXN-I:4445	 + 1.0 * Meta-I:20040 ==> 1.0 * Meta-I:33045 + 1.0 * Meta-I:35927				CHORISMATE-SYNTHASE-RXN	rxn32460 | rxn01255	R01714	CHRS | CHORS	MNXR96709		RXN-I:4445	RXN-I:4445
RXN-I:26797	 + 1.0 * Meta-I:33045 ==> 1.0 * Meta-I:36855				CHORISMATEMUT-RXN	rxn33299 | rxn19309 | rxn01256	R01715	CHRM | CHORM	MNXR96708		RXN-I:26797	RXN-I:26797
RXN-I:25401	 + 1.0 * Meta-I:40688 + 1.0 * Meta-I:36855 ==> 1.0 * Meta-I:5852 + 1.0 * Meta-I:40690 + 1.0 * Meta-I:48530				PREPHENATE-DEHYDROGENASE-NADP+-RXN	rxn31750 | rxn01269	R01730	PPND2	MNXR103122		RXN-I:29964,RXN-I:25401	RZ_109
RXN-I:26281	 + 1.0 * Meta-I:40489 + 1.0 * Meta-I:40729 <=> 1.0 * Meta-I:42953 + 1.0 * Meta-I:48530				TYROSINE-AMINOTRANSFERASE-RXN	rxn00527 | rxn37937 | rxn30444 | rxn30445 | rxn27524	R00734	TYRTAip | TYRTAim | TYRTAi | TYRTAh | TYRTA	MNXR105000		RXN-I:27532,RXN-I:33825,RXN-I:4259,RXN-I:8506,RXN-I:26281,RXN-I:33015,RXN-I:10473,RXN-I:7025	RZ_99
RXN-I:18295	 + 1.0 * Meta-I:39325 <=> 1.0 * Meta-I:33513 + 1.0 * Meta-I:40489					rxn11205		aratyr4	MNXR136556		RXN-I:18295	RXN-I:18295
RXN-I:6038	 + 1.0 * Meta-I:1752 + 1.0 * Meta-I:36855 ==> 1.0 * Meta-I:6501 + 1.0 * Meta-I:5852 + 1.0 * Meta-I:42676				PREPHENATEDEHYDRAT-RXN	rxn01000 | rxn33346 | rxn28085	R01373	PPNDH	MNXR138717 | MNXR126086		RXN-I:6038	RXN-I:6038
RXN-I:23597	 + 1.0 * Meta-I:39678 + 1.0 * Meta-I:42676 + 1.0 * Meta-I:49871 <=> 1.0 * Meta-I:52041 + 1.0 * Meta-I:6501 + 1.0 * Meta-I:1752 + 1.0 * Meta-I:8501				RXN-17130	rxn00488	R00689	PHEOX	MNXR140658 | MNXR138700 | MNXR102628		RXN-I:33517,RXN-I:15653,RXN-I:29613,RXN-I:22614,RXN-I:23921,RXN-I:8629,RXN-I:20253,RXN-I:23597,RXN-I:33241,RXN-I:11370,RXN-I:12471	RZ_50
RXN-I:32808	 + 1.0 * Meta-I:46553 + 1.0 * Meta-I:39678 + 1.0 * Meta-I:49871 ==> 1.0 * Meta-I:40489 + 1.0 * Meta-I:42676 + 1.0 * Meta-I:42741					rxn01315	R01795	PHETHPTOX	MNXR138702 | MNXR139066		RXN-I:18091,RXN-I:33503,RXN-I:19224,RXN-I:32808,RXN-I:11161	RZ_14
RXN-I:20253	 + 1.0 * Meta-I:40736 + 1.0 * Meta-I:49871 <=> 1.0 * Meta-I:24872 + 1.0 * Meta-I:6501				2.6.1.58-RXN	rxn00491 | rxn37938	R00692		MNXR138983 | MNXR125716		RXN-I:33517,RXN-I:15653,RXN-I:29613,RXN-I:22614,RXN-I:23921,RXN-I:8629,RXN-I:20253,RXN-I:23597,RXN-I:33241,RXN-I:11370,RXN-I:12471	RZ_50
RXN-I:7025	 + 1.0 * Meta-I:39678 + 1.0 * Meta-I:40489 + 1.0 * Meta-I:42676 <=> 1.0 * Meta-I:52041 + 1.0 * Meta-I:8501 + 1.0 * Meta-I:48530				RXN-12487	rxn00522 | rxn38890	R00729	TYROX	MNXR104995		RXN-I:27532,RXN-I:33825,RXN-I:4259,RXN-I:8506,RXN-I:26281,RXN-I:33015,RXN-I:10473,RXN-I:7025	RZ_99
RXN-I:29613	 + 1.0 * Meta-I:6501 + 1.0 * Meta-I:31533 <=> 1.0 * Meta-I:3333 + 1.0 * Meta-I:49871				2.6.1.70-RXN	rxn00494	R00695		MNXR138984 | MNXR125757		RXN-I:33517,RXN-I:15653,RXN-I:29613,RXN-I:22614,RXN-I:23921,RXN-I:8629,RXN-I:20253,RXN-I:23597,RXN-I:33241,RXN-I:11370,RXN-I:12471	RZ_50
RXN-I:11161	 + 1.0 * Meta-I:39678 + 1.0 * Meta-I:20239 + 1.0 * Meta-I:49871 ==> 1.0 * Meta-I:40489 + 1.0 * Meta-I:14894				RXN66-569				MNXR140989		RXN-I:18091,RXN-I:33503,RXN-I:19224,RXN-I:32808,RXN-I:11161	RZ_14
RXN-I:29964	 + 1.0 * Meta-I:36855 + 1.0 * Meta-I:40686 ==> 1.0 * Meta-I:5852 + 1.0 * Meta-I:40685 + 1.0 * Meta-I:48530				PREPHENATEDEHYDROG-RXN	rxn28086 | rxn01268 | rxn33078	R01728	PPOR_1 | PPND	MNXR103121		RXN-I:29964,RXN-I:25401	RZ_109
RXN-I:15653	 + 1.0 * Meta-I:42703 + 1.0 * Meta-I:49871 <=> 1.0 * Meta-I:10422 + 1.0 * Meta-I:6501					rxn11209		araphe1	MNXR142411		RXN-I:33517,RXN-I:15653,RXN-I:29613,RXN-I:22614,RXN-I:23921,RXN-I:8629,RXN-I:20253,RXN-I:23597,RXN-I:33241,RXN-I:11370,RXN-I:12471	RZ_50
RXN-I:23921	 + 1.0 * Meta-I:6501 + 1.0 * Meta-I:41596 <=> 1.0 * Meta-I:12557 + 1.0 * Meta-I:49871				2.6.1.64-RXN	rxn33389 | rxn01001 | rxn33390	R01375		MNXR139039 | MNXR125927		RXN-I:33517,RXN-I:15653,RXN-I:29613,RXN-I:22614,RXN-I:23921,RXN-I:8629,RXN-I:20253,RXN-I:23597,RXN-I:33241,RXN-I:11370,RXN-I:12471	RZ_50
RXN-I:22614	 + 1.0 * Meta-I:52041 + 1.0 * Meta-I:6501 + 1.0 * Meta-I:1752 + 1.0 * Meta-I:40685 <=> 1.0 * Meta-I:42676 + 1.0 * Meta-I:40686 + 1.0 * Meta-I:49871				PHENYLALANINE-DEHYDROGENASE-RXN	rxn00487	R00688		MNXR126077 | MNXR138982		RXN-I:33517,RXN-I:15653,RXN-I:29613,RXN-I:22614,RXN-I:23921,RXN-I:8629,RXN-I:20253,RXN-I:23597,RXN-I:33241,RXN-I:11370,RXN-I:12471	RZ_50
RXN-I:33015	 + 1.0 * Meta-I:40736 + 1.0 * Meta-I:40489 <=> 1.0 * Meta-I:24872 + 1.0 * Meta-I:48530				RXN3O-4157	rxn38670 | rxn16114	R09254		MNXR112689		RXN-I:27532,RXN-I:33825,RXN-I:4259,RXN-I:8506,RXN-I:26281,RXN-I:33015,RXN-I:10473,RXN-I:7025	RZ_99
RXN-I:11370	 + 1.0 * Meta-I:39859 + 1.0 * Meta-I:6501 <=> 1.0 * Meta-I:40134 + 1.0 * Meta-I:49871								MNXR141462		RXN-I:33517,RXN-I:15653,RXN-I:29613,RXN-I:22614,RXN-I:23921,RXN-I:8629,RXN-I:20253,RXN-I:23597,RXN-I:33241,RXN-I:11370,RXN-I:12471	RZ_50
RXN-I:33241	 + 1.0 * Meta-I:6501 + 1.0 * Meta-I:12409 <=> 1.0 * Meta-I:381 + 1.0 * Meta-I:49871						R11068		MNXR139841		RXN-I:33517,RXN-I:15653,RXN-I:29613,RXN-I:22614,RXN-I:23921,RXN-I:8629,RXN-I:20253,RXN-I:23597,RXN-I:33241,RXN-I:11370,RXN-I:12471	RZ_50
RXN-I:10473	 + 1.0 * Meta-I:40935 + 1.0 * Meta-I:48530 <=> 1.0 * Meta-I:40489 + 1.0 * Meta-I:17126					rxn38908					RXN-I:27532,RXN-I:33825,RXN-I:4259,RXN-I:8506,RXN-I:26281,RXN-I:33015,RXN-I:10473,RXN-I:7025	RZ_99
RXN-I:33517	 + 1.0 * Meta-I:49871 + 1.0 * Meta-I:40729 <=> 1.0 * Meta-I:6501 + 1.0 * Meta-I:42953				PHEAMINOTRANS-RXN | RXN-10814	rxn38254 | rxn21134 | rxn00493 | rxn28060	R00694	PHETA1 | PHETA1m | POATh	MNXR126234 | MNXR138701		RXN-I:33517,RXN-I:15653,RXN-I:29613,RXN-I:22614,RXN-I:23921,RXN-I:8629,RXN-I:20253,RXN-I:23597,RXN-I:33241,RXN-I:11370,RXN-I:12471	RZ_50
RXN-I:12471	 + 1.0 * Meta-I:42081 + 1.0 * Meta-I:49871 <=> 1.0 * Meta-I:17262 + 1.0 * Meta-I:6501					rxn11210		araphe2	MNXR142412		RXN-I:33517,RXN-I:15653,RXN-I:29613,RXN-I:22614,RXN-I:23921,RXN-I:8629,RXN-I:20253,RXN-I:23597,RXN-I:33241,RXN-I:11370,RXN-I:12471	RZ_50
RXN-I:8629	 + 1.0 * Meta-I:6501 + 1.0 * Meta-I:12409 <=> 1.0 * Meta-I:27537 + 1.0 * Meta-I:49871				RXN-16297				MNXR140607		RXN-I:33517,RXN-I:15653,RXN-I:29613,RXN-I:22614,RXN-I:23921,RXN-I:8629,RXN-I:20253,RXN-I:23597,RXN-I:33241,RXN-I:11370,RXN-I:12471	RZ_50
RXN-I:33503	 + 1.0 * Meta-I:46553 + 1.0 * Meta-I:39678 + 1.0 * Meta-I:49871 ==> 1.0 * Meta-I:13179 + 1.0 * Meta-I:40489					rxn20538					RXN-I:18091,RXN-I:33503,RXN-I:19224,RXN-I:32808,RXN-I:11161	RZ_14
RXN-I:18091	 + 1.0 * Meta-I:39678 + 1.0 * Meta-I:20239 + 1.0 * Meta-I:49871 ==> 1.0 * Meta-I:40489 + 1.0 * Meta-I:42676 + 1.0 * Meta-I:42741				RXN-14206						RXN-I:18091,RXN-I:33503,RXN-I:19224,RXN-I:32808,RXN-I:11161	RZ_14
RXN-I:19224	 + 1.0 * Meta-I:46553 + 1.0 * Meta-I:39678 + 1.0 * Meta-I:49871 ==> 1.0 * Meta-I:40489 + 1.0 * Meta-I:14894					rxn04989	R07211		MNXR116124 | MNXR140128 | MNXR139508		RXN-I:18091,RXN-I:33503,RXN-I:19224,RXN-I:32808,RXN-I:11161	RZ_14
RXN-I:8506	 + 1.0 * Meta-I:40489 + 1.0 * Meta-I:40686 + 1.0 * Meta-I:42676 <=> 1.0 * Meta-I:52041 + 1.0 * Meta-I:1752 + 1.0 * Meta-I:40685 + 1.0 * Meta-I:48530					rxn16671	R09830		MNXR113232		RXN-I:27532,RXN-I:33825,RXN-I:4259,RXN-I:8506,RXN-I:26281,RXN-I:33015,RXN-I:10473,RXN-I:7025	RZ_99
RXN-I:33825	 + 1.0 * Meta-I:42703 + 1.0 * Meta-I:40489 <=> 1.0 * Meta-I:10422 + 1.0 * Meta-I:48530					rxn11206		aratyr1	MNXR136557		RXN-I:27532,RXN-I:33825,RXN-I:4259,RXN-I:8506,RXN-I:26281,RXN-I:33015,RXN-I:10473,RXN-I:7025	RZ_99
RXN-I:27532	 + 1.0 * Meta-I:17262 + 1.0 * Meta-I:48530 <=> 1.0 * Meta-I:42081 + 1.0 * Meta-I:40489					rxn11207		aratyr2	MNXR136558		RXN-I:27532,RXN-I:33825,RXN-I:4259,RXN-I:8506,RXN-I:26281,RXN-I:33015,RXN-I:10473,RXN-I:7025	RZ_99
RXN-I:4259	 + 1.0 * Meta-I:39859 + 1.0 * Meta-I:48530 <=> 1.0 * Meta-I:40489 + 1.0 * Meta-I:40134								MNXR132486		RXN-I:27532,RXN-I:33825,RXN-I:4259,RXN-I:8506,RXN-I:26281,RXN-I:33015,RXN-I:10473,RXN-I:7025	RZ_99
