M_PR_UID	M_PR_NAME	M_PR_FORMULA	M_PR_CHARGE	M_PR_INCHI	M_PR_SMILE-CAN-OB	M_PR_COFACTOR	M_XR_KEGG	M_XR_CHEBI
1	NAD+	C21H28N7O14P2	1	BAWFJGJZGIEFAR-UHFFFAOYSA-N	OC1C(O)C(OC1[n+]1cccc(c1)C(=O)N)COP(=O)(OP(=O)(OCC1OC(C(C1O)O)n1cnc2c1ncnc2N)O)O	1	C00003	15846
2	NADH	C21H29N7O14P2	0	BOPGDPNILDQYTO-UHFFFAOYSA-N	OC1C(O)C(OC1N1C=CCC(=C1)C(=O)N)COP(=O)(OP(=O)(OCC1OC(C(C1O)O)n1cnc2c1ncnc2N)O)O	1	C00004	16908
3	H+	H	1	-UHFFFAOYSA-N		1	C00080	15378
4	NADP+	C21H29N7O17P3	1	XJLXINKUBYWONI-UHFFFAOYSA-N	OC1C(O)C(OC1[n+]1cccc(c1)C(=O)N)COP(=O)(OP(=O)(OCC1OC(C(C1O)OP(=O)(O)O)n1cnc2c1ncnc2N)O)O	1	C00006	18009
5	NADPH	C21H30N7O17P3	0	ACFIXJIJDZMPPO-UHFFFAOYSA-N	OC1C(O)C(OC1N1C=CCC(=C1)C(=O)N)COP(=O)(OP(=O)(OCC1OC(C(C1O)OP(=O)(O)O)n1cnc2c1ncnc2N)O)O	1	C00005	16474
6	CO2	CO2	0	CURLTUGMZLYLDI-UHFFFAOYSA-N	O=C=O	1	C00011	16526
7	H2O	H2O	0	XLYOFNOQVPJJNP-UHFFFAOYSA-N	O	1	C00001	15377,16234,18219,6637,31341,31794,32035,32145,31344,33130,32108,49900,29191,81045,81882
9	CoA	C21H36N7O16P3S	0	COA_COMPOUND	SCCNC(=O)CCNC(=O)C(C(COP(=O)(OP(=O)(OCC1OC(C(C1OP(=O)(O)O)O)n1cnc2c1ncnc2N)O)O)(C)C)O	1	C00010	15346
10	Oxygen	O2	0	MYMOFIZGZYHOMD-UHFFFAOYSA-N	O=O	1	C00007	15379
13	Hydrogen peroxide	H2O2	0	MHAJPDPJQMAIIY-UHFFFAOYSA-N	OO	1	C00027	16240,18421,81304,48233
16	Ammonia	H3N	0	QGZKDVFQNNGYKY-UHFFFAOYSA-N	N	1	C00014	16134
53	3,4-Dihydroxymandelate	C8H8O5	0	RGHMISIYKIHAJW-UHFFFAOYSA-N	OC(=O)C(c1ccc(c(c1)O)O)O	0	C05580	27637
55	3,4-Dihydroxymandelaldehyde	C8H8O4	0	YUGMCLJIWGEKCK-UHFFFAOYSA-N	O=CC(c1ccc(c(c1)O)O)O	0	C05577	27852
94	L-Noradrenaline	C8H11NO3	0	SFLSHLFXELFNJZ-UHFFFAOYSA-N	NCC(c1ccc(c(c1)O)O)O	0	C00547	18357
488	L-Adrenaline	C9H13NO3	0	UCTWMZQNUQWSLP-UHFFFAOYSA-N	CNCC(c1ccc(c(c1)O)O)O	0	C00788	28918
496	Methylamine	CH6N	1	BAVYZALUXZFZLV-UHFFFAOYSA-N	CN	0	C00218	16830
1027	Phenylacetic acid	C8H7O2	-1	WLJVXDMOQOGPHL-UHFFFAOYSA-N	OC(=O)Cc1ccccc1	0	C07086	30745
2661	Phenylacetaldehyde	C8H8O	0	DTUQWGWMVIHBKE-UHFFFAOYSA-N	O=CCc1ccccc1	0	C00601	16424
3078	Phenylpyruvate	C9H7O3	-1	BTNMPGBKDVTSJY-UHFFFAOYSA-N	O=C(C(=O)O)Cc1ccccc1	0	C00166	18005,18005 30851
5323	Phenylacetyl-CoA	C29H39N7O17P3S	-3	COA_COMPOUND	O=C(NCCSC(=O)Cc1ccccc1)CCNC(=O)C(C(COP(=O)(OP(=O)(OCC1OC(C(C1OP(=O)(O)O)O)n1cnc2c1ncnc2N)O)O)(C)C)O	0	C00582	15537
5324	Phenylacetonitrile	C8H7N	0	SUSQOBVLVYHIEX-UHFFFAOYSA-N	N#CCc1ccccc1	0	C16074	25979
5334	2-Phenylacetamide	C8H9NO	0	LSBDFXRDZJMBSC-UHFFFAOYSA-N	NC(=O)Cc1ccccc1	0	C02505	16562
12285	L-Phenylalanine	C9H10NO2	-1	COLNVLDHVKWLRT-UHFFFAOYSA-N	NC(C(=O)O)Cc1ccccc1	0	C00079	17295,28044,16998
