M_PR_UID	M_PR_NAME	M_PR_FORMULA	M_PR_CHARGE	M_PR_INCHI	M_PR_SMILE-CAN-OB	M_PR_COFACTOR	M_XR_KEGG	M_XR_CHEBI
2	NADH	C21H29N7O14P2	0	BOPGDPNILDQYTO-UHFFFAOYSA-N	OC1C(O)C(OC1N1C=CCC(=C1)C(=O)N)COP(=O)(OP(=O)(OCC1OC(C(C1O)O)n1cnc2c1ncnc2N)O)O	1	C00004	16908
3	H+	H	1	-UHFFFAOYSA-N		1	C00080	15378
4	NADP+	C21H29N7O17P3	1	XJLXINKUBYWONI-UHFFFAOYSA-N	OC1C(O)C(OC1[n+]1cccc(c1)C(=O)N)COP(=O)(OP(=O)(OCC1OC(C(C1O)OP(=O)(O)O)n1cnc2c1ncnc2N)O)O	1	C00006	18009
5	NADPH	C21H30N7O17P3	0	ACFIXJIJDZMPPO-UHFFFAOYSA-N	OC1C(O)C(OC1N1C=CCC(=C1)C(=O)N)COP(=O)(OP(=O)(OCC1OC(C(C1O)OP(=O)(O)O)n1cnc2c1ncnc2N)O)O	1	C00005	16474
45	CO2	CO2	0	CURLTUGMZLYLDI-UHFFFAOYSA-N	O=C=O	1	C00011	16526
46	H2O	H2O	0	XLYOFNOQVPJJNP-UHFFFAOYSA-N	O	1	C00001	15377,16234,18219,6637,31341,31794,32035,32145,31344,33130,32108,49900,29191,81045,81882
47	Oxygen	O2	0	MYMOFIZGZYHOMD-UHFFFAOYSA-N	O=O	1	C00007	15379
52	HCO3-	CH2O3	0	BVKZGUZCCUSVTD-UHFFFAOYSA-N	OC(=O)O	1	C00288	17544,28976,6504,3311,32139,31793,81862
53	cis,cis-Muconate	C6H6O4	0	TXXHDPDFNKHHGW-UHFFFAOYSA-N	OC(=O)C=CC=CC(=O)O	0	C02480	16508,27671
54	Catechol	C6H6O2	0	YCIMNLLNPGFGHC-UHFFFAOYSA-N	Oc1ccccc1O	0	C00090	18135,17701,28301,18135
55	3,4-Dihydroxybenzoate	C7H6O4	0	YQUVCSBJEUQKSH-UHFFFAOYSA-N	OC(=O)c1ccc(c(c1)O)O	0	C00230	36062,36062 36241
69	3-Carboxy-cis,cis-muconate	C7H6O6	0	KJOVGYUGXHIVAY-UHFFFAOYSA-N	OC(=O)C=CC(=CC(=O)O)C(=O)O	0	C01163	15749
250	(5R)-3,4,5-trihydroxy-1-cyclohexa-1,3-dienecarboxylic acid|(5R)-3,4,5-trihydroxycyclohexa-1,3-diene-1-carboxylic acid	C7H8O5	0	HFMGXSXAGHUXTI-UHFFFAOYSA-N	OC(=O)C1=CC(=C(C(C1)O)O)O	0		15749
270	4-hydroxy-3-oxo-1-cyclohexa-1,5-dienecarboxylic acid|4-hydroxy-3-oxo-cyclohexa-1,5-diene-1-carboxylic acid	C7H6O4	0	KEQHSENILHESNV-UHFFFAOYSA-N	O=C1C=C(C=CC1O)C(=O)O	0		15749
2441	3-Dehydroshikimate	C7H7O5	-1	SLWWJZMPHJJOPH-UHFFFAOYSA-N	OC1CC(=CC(=O)C1O)C(=O)O	0	C02637	16630,16630 30918
