P_PR_UID	P_PR_REACTIONS	P_PR_ORIGIN	P_PR_TARGET	P_PR_INTERMEDIATES	P_PR_BOUNDARY	P_RF_PUBMED	P_MT_SCORE	P_MT_MAXYIELD	P_MT_LENGTH	P_MT_FEASIBILITY
Z1.2_Meta-I:30921	RXN-I:3335 | RXN-I:9051	Meta-I:34930	Meta-I:30921	Meta-I:46329	Meta-I:39678 | Meta-I:5852 | Meta-I:39867 | Meta-I:34930 | Meta-I:40729				2	
Z282.8_Meta-I:30921	RXN-I:22256 | RXN-I:11606 | RXN-I:15414 | RXN-I:26357 | RXN-I:9051	Meta-I:34930	Meta-I:30921	Meta-I:79 | Meta-I:29908 | Meta-I:35809 | Meta-I:46329	Meta-I:39678 | Meta-I:34930 | Meta-I:40688 | Meta-I:40690 | Meta-I:5852 | Meta-I:39867 | Meta-I:40729 | Meta-I:1752 | Meta-I:42676				5	
Z1.1_Meta-I:30921	RXN-I:3335 | RXN-I:33150	Meta-I:34930	Meta-I:30921	Meta-I:46329	Meta-I:39678 | Meta-I:5852 | Meta-I:39867 | Meta-I:34930 | Meta-I:40729 | Meta-I:1752 | Meta-I:42676				2	
Z282.6_Meta-I:30921	RXN-I:22256 | RXN-I:11606 | RXN-I:15414 | RXN-I:20071 | RXN-I:9051	Meta-I:34930	Meta-I:30921	Meta-I:79 | Meta-I:29908 | Meta-I:35809 | Meta-I:46329	Meta-I:39678 | Meta-I:34930 | Meta-I:40688 | Meta-I:40690 | Meta-I:5852 | Meta-I:39867 | Meta-I:40729 | Meta-I:1752 | Meta-I:42676				5	
Z282.7_Meta-I:30921	RXN-I:14214 | RXN-I:11606 | RXN-I:15414 | RXN-I:26357 | RXN-I:9051	Meta-I:34930	Meta-I:30921	Meta-I:79 | Meta-I:29908 | Meta-I:35809 | Meta-I:46329	Meta-I:39678 | Meta-I:34930 | Meta-I:1752 | Meta-I:40688 | Meta-I:42676 | Meta-I:40690 | Meta-I:5852 | Meta-I:39867 | Meta-I:40729				5	
Z282.4_Meta-I:30921	RXN-I:22256 | RXN-I:11606 | RXN-I:15414 | RXN-I:26357 | RXN-I:33150	Meta-I:34930	Meta-I:30921	Meta-I:79 | Meta-I:29908 | Meta-I:35809 | Meta-I:46329	Meta-I:39678 | Meta-I:34930 | Meta-I:40688 | Meta-I:40690 | Meta-I:5852 | Meta-I:39867 | Meta-I:40729 | Meta-I:1752 | Meta-I:42676				5	
Z282.5_Meta-I:30921	RXN-I:14214 | RXN-I:11606 | RXN-I:15414 | RXN-I:20071 | RXN-I:9051	Meta-I:34930	Meta-I:30921	Meta-I:79 | Meta-I:29908 | Meta-I:35809 | Meta-I:46329	Meta-I:39678 | Meta-I:34930 | Meta-I:1752 | Meta-I:40688 | Meta-I:42676 | Meta-I:40690 | Meta-I:5852 | Meta-I:39867 | Meta-I:40729				5	
Z282.2_Meta-I:30921	RXN-I:22256 | RXN-I:11606 | RXN-I:15414 | RXN-I:20071 | RXN-I:33150	Meta-I:34930	Meta-I:30921	Meta-I:79 | Meta-I:29908 | Meta-I:35809 | Meta-I:46329	Meta-I:39678 | Meta-I:34930 | Meta-I:40688 | Meta-I:40690 | Meta-I:5852 | Meta-I:39867 | Meta-I:40729 | Meta-I:1752 | Meta-I:42676				5	
Z282.3_Meta-I:30921	RXN-I:14214 | RXN-I:11606 | RXN-I:15414 | RXN-I:26357 | RXN-I:33150	Meta-I:34930	Meta-I:30921	Meta-I:79 | Meta-I:29908 | Meta-I:35809 | Meta-I:46329	Meta-I:39678 | Meta-I:34930 | Meta-I:1752 | Meta-I:40688 | Meta-I:42676 | Meta-I:40690 | Meta-I:5852 | Meta-I:39867 | Meta-I:40729				5	
Z282.1_Meta-I:30921	RXN-I:14214 | RXN-I:11606 | RXN-I:15414 | RXN-I:20071 | RXN-I:33150	Meta-I:34930	Meta-I:30921	Meta-I:79 | Meta-I:29908 | Meta-I:35809 | Meta-I:46329	Meta-I:39678 | Meta-I:34930 | Meta-I:1752 | Meta-I:40688 | Meta-I:42676 | Meta-I:40690 | Meta-I:5852 | Meta-I:39867 | Meta-I:40729				5	
