R_PR_UID	R_PR_STOICH	R_PR_EC	R_PR_GIBBS	R_RF_PUBMED	R_XR_METACYC	R_XR_SEED	R_XR_KEGG	R_XR_BIGG	R_XR_METANETX	R_MT_ERROR	enumeration.map.ftof.reactions	enumeration.map.ftoz.reactions
RXN-I:3335	 + 1.0 * Meta-I:39678 + 1.0 * Meta-I:34930 + 1.0 * Meta-I:40729 ==> 1.0 * Meta-I:5852 + 1.0 * Meta-I:46329 + 1.0 * Meta-I:39867				NARINGENIN-3-DIOXYGENASE-RXN	rxn01767	R02444		MNXR139108 | MNXR107509		RXN-I:3335	RXN-I:3335
RXN-I:9051	 + 1.0 * Meta-I:39678 + 1.0 * Meta-I:46329 + 1.0 * Meta-I:40729 ==> 1.0 * Meta-I:5852 + 1.0 * Meta-I:39867 + 1.0 * Meta-I:30921					rxn31013					RXN-I:33150,RXN-I:9051	RZ_93
RXN-I:22256	 + 1.0 * Meta-I:39678 + 1.0 * Meta-I:34930 + 1.0 * Meta-I:40690 ==> 1.0 * Meta-I:40688 + 1.0 * Meta-I:79					rxn30913					RXN-I:14214,RXN-I:22256	RZ_6
RXN-I:11606	 + 1.0 * Meta-I:39678 + 1.0 * Meta-I:79 + 1.0 * Meta-I:40729 ==> 1.0 * Meta-I:5852 + 1.0 * Meta-I:39867 + 1.0 * Meta-I:29908				RXN-7775	rxn02602	R03640		MNXR108319 | MNXR139215		RXN-I:11606	RXN-I:11606
RXN-I:15414	 + 1.0 * Meta-I:39678 + 1.0 * Meta-I:1752 + 1.0 * Meta-I:40690 + 1.0 * Meta-I:29908 ==> 1.0 * Meta-I:40688 + 1.0 * Meta-I:42676 + 1.0 * Meta-I:35809				RXN-13718	rxn02601	R03639		MNXR142001 | MNXR139214 | MNXR140347		RXN-I:15414	RXN-I:15414
RXN-I:26357	 + 2.0 * Meta-I:39678 + 2.0 * Meta-I:1752 + 1.0 * Meta-I:46329 + 2.0 * Meta-I:40690 <=> 2.0 * Meta-I:40688 + 1.0 * Meta-I:35809					rxn02240					RXN-I:20071,RXN-I:26357	RZ_87
RXN-I:33150	 + 1.0 * Meta-I:39678 + 1.0 * Meta-I:46329 + 1.0 * Meta-I:40729 ==> 1.0 * Meta-I:5852 + 1.0 * Meta-I:39867 + 1.0 * Meta-I:1752 + 1.0 * Meta-I:42676 + 1.0 * Meta-I:30921				RXN1F-93	rxn28380	R03126		MNXR107965		RXN-I:33150,RXN-I:9051	RZ_93
RXN-I:20071	 + 2.0 * Meta-I:39678 + 1.0 * Meta-I:46329 + 1.0 * Meta-I:1752 + 2.0 * Meta-I:40690 <=> 2.0 * Meta-I:40688 + 2.0 * Meta-I:42676 + 1.0 * Meta-I:35809				RXN-7782	rxn06317			MNXR140794 | MNXR122033		RXN-I:20071,RXN-I:26357	RZ_87
RXN-I:14214	 + 1.0 * Meta-I:39678 + 1.0 * Meta-I:34930 + 1.0 * Meta-I:1752 + 1.0 * Meta-I:40690 ==> 1.0 * Meta-I:40688 + 1.0 * Meta-I:42676 + 1.0 * Meta-I:79				RXN-7652	rxn28346 | rxn24348 | rxn01765	R02442		MNXR139107 | MNXR107508		RXN-I:14214,RXN-I:22256	RZ_6
