M_PR_UID	M_PR_NAME	M_PR_FORMULA	M_PR_CHARGE	M_PR_INCHI	M_PR_SMILE-CAN-OB	M_PR_COFACTOR	M_XR_KEGG	M_XR_CHEBI
1	NAD+	C21H28N7O14P2	1	BAWFJGJZGIEFAR-UHFFFAOYSA-N	OC1C(O)C(OC1[n+]1cccc(c1)C(=O)N)COP(=O)(OP(=O)(OCC1OC(C(C1O)O)n1cnc2c1ncnc2N)O)O	1	C00003	15846
2	NADH	C21H29N7O14P2	0	BOPGDPNILDQYTO-UHFFFAOYSA-N	OC1C(O)C(OC1N1C=CCC(=C1)C(=O)N)COP(=O)(OP(=O)(OCC1OC(C(C1O)O)n1cnc2c1ncnc2N)O)O	1	C00004	16908
3	H+	H	1	-UHFFFAOYSA-N		1	C00080	15378
4	NADP+	C21H29N7O17P3	1	XJLXINKUBYWONI-UHFFFAOYSA-N	OC1C(O)C(OC1[n+]1cccc(c1)C(=O)N)COP(=O)(OP(=O)(OCC1OC(C(C1O)OP(=O)(O)O)n1cnc2c1ncnc2N)O)O	1	C00006	18009
5	NADPH	C21H30N7O17P3	0	ACFIXJIJDZMPPO-UHFFFAOYSA-N	OC1C(O)C(OC1N1C=CCC(=C1)C(=O)N)COP(=O)(OP(=O)(OCC1OC(C(C1O)OP(=O)(O)O)n1cnc2c1ncnc2N)O)O	1	C00005	16474
6	CO2	CO2	0	CURLTUGMZLYLDI-UHFFFAOYSA-N	O=C=O	1	C00011	16526
7	H2O	H2O	0	XLYOFNOQVPJJNP-UHFFFAOYSA-N	O	1	C00001	15377,16234,18219,6637,31341,31794,32035,32145,31344,33130,32108,49900,29191,81045,81882
10	Oxygen	O2	0	MYMOFIZGZYHOMD-UHFFFAOYSA-N	O=O	1	C00007	15379
13	Hydrogen peroxide	H2O2	0	MHAJPDPJQMAIIY-UHFFFAOYSA-N	OO	1	C00027	16240,18421,81304,48233
18	Tetrahydrobiopterin	C9H15N5O3	0	FNKQXYHWGSIFBK-UHFFFAOYSA-N	CC(C(C1CNc2c(N1)c(=O)[nH]c(n2)N)O)O	1	C00272	15372
51	HCO3-	CH2O3	0	BVKZGUZCCUSVTD-UHFFFAOYSA-N	OC(=O)O	1	C00288	17544,28976,6504,3311,32139,31793,81862
52	Ammonia	H3N	0	QGZKDVFQNNGYKY-UHFFFAOYSA-N	N	1	C00014	16134,28938
53	(S)-Norcoclaurine	C16H17NO3	0	WZRCQWQRFZITDX-UHFFFAOYSA-N	Oc1ccc(cc1)CC1NCCc2c1cc(O)c(c2)O	0	C06160	17729,18418,27751
54	4-Hydroxyphenylacetaldehyde	C8H8O2	0	IPRPPFIAVHPVJH-UHFFFAOYSA-N	O=CCc1ccc(cc1)O	0	C03765	15621
55	3-(4-Hydroxyphenyl)pyruvate	C9H8O4	0	KKADPXVIOXHVKN-UHFFFAOYSA-N	Oc1ccc(cc1)CC(=O)C(=O)O	0	C01179	15999,15999 36242
56	4-Hydroxyphenylethanol	C8H10O2	0	YCCILVSKPBXVIP-UHFFFAOYSA-N	OCCc1ccc(cc1)O	0	C06044	1879
57	3-(4-Hydroxyphenyl)lactate	C9H10O4	0	JVGVDSSUAVXRDY-UHFFFAOYSA-N	OC(=O)C(Cc1ccc(cc1)O)O	0	C03672	17385,10980,17385 36659
61	2-[(4-hydroxyphenyl)methyl]propanedioate	C10H10O5	0	JXJNPXPDKYRHJT-UHFFFAOYSA-N	OC(=O)C(C(=O)O)Cc1ccc(cc1)O	0		17385,10980,17385 36659
64	1-[(4-hydroxyphenyl)methyl]-1,2,3,4-tetrahydroisoquinolin-7-ol	C16H17NO2	0	MIKCPYWDNYPWTR-UHFFFAOYSA-N	Oc1ccc(cc1)CC1NCCc2c1cc(O)cc2	0		17385,10980,17385 36659
90	4a-Hydroxytetrahydrobiopterin	C9H15N5O4	0	KJKIEFUPAPPGBC-UHFFFAOYSA-N	NC1=NC(=O)C2(C(=N1)NCC(N2)C(C(O)C)O)O	0	C15522	15642,15374
95	Tyramine	C8H11NO	0	DZGWFCGJZKJUFP-UHFFFAOYSA-N	NCCc1ccc(cc1)O	0	C00483	15760
96	L-Tyrosine	C9H11NO3	0	OUYCCCASQSFEME-UHFFFAOYSA-N	OC(=O)C(Cc1ccc(cc1)O)N	0	C00082	17895,18186,28479
124	6,7-dihydroxy-1-[(4-hydroxyphenyl)methyl]-1,2,3,4-tetrahydroisoquinoline-3-carboxylic acid	C17H17NO5	0	GOUBOADQMOWVPF-UHFFFAOYSA-N	Oc1ccc(cc1)CC1NC(Cc2c1cc(O)c(c2)O)C(=O)O	0		17895,18186,28479
127	2-(4-hydroxyphenyl)ethane-1,1-diol	C8H10O3	0	PDBPIBUAQRGAKI-UHFFFAOYSA-N	OC(Cc1ccc(cc1)O)O	0		17895,18186,28479
128	Dopamine	C8H11NO2	0	VYFYYTLLBUKUHU-UHFFFAOYSA-N	NCCc1ccc(c(c1)O)O	0	C03758	18243
139	2-[4-(4-hydroxyphenoxy)phenyl]acetaldehyde	C14H12O3	0	ZALPMMVYSVBINN-UHFFFAOYSA-N	O=CCc1ccc(cc1)Oc1ccc(cc1)O	0		18243
140	ethenol	C2H4O	0	IMROMDMJAWUWLK-UHFFFAOYSA-N	OC=C	0		18243
171	2-hydroxyacrylic acid	C3H3O3	-1	FEWFXBUNENSNBQ-UHFFFAOYSA-N	OC(=O)C(=C)O	0		86354
220	2-methylenepropanedioic acid	C4H2O4	-2	PSZAEHPBBUYICS-UHFFFAOYSA-N	C=C(C(=O)O)C(=O)O	0		86354
427	3,4-Dihydroxy-L-phenylalanine	C9H10NO4	-1	WTDRDQBEARUVNC-UHFFFAOYSA-N	OC(=O)C(Cc1ccc(c(c1)O)O)N	0	C00355	15765,3396
517	aminoethylene|(PUBCHEM "20460421" NIL |kothari| 3619399090 NIL NIL)	C2H5N	0	UYMKPFRHYYNDTL-UHFFFAOYSA-N	NC=C	0		15765,3396
544	Dehydroalanine	C3H4NO2	-1	UQBOJOOOTLPNST-UHFFFAOYSA-N	NC(=C)C(=O)O	0	C02218	17123
732	ethene-1,1-diol	C2H4O2	0	LONYOMRPNGXPGP-UHFFFAOYSA-N	OC(=C)O	0		17123
