R_PR_UID	R_PR_STOICH	R_PR_EC	R_PR_GIBBS	R_RF_PUBMED	R_XR_METACYC	R_XR_SEED	R_XR_KEGG	R_XR_BIGG	R_XR_METANETX	R_MT_ERROR	enumeration.map.ftof.reactions	enumeration.map.ftoz.reactions
RXN-I:26797	 + 1.0 * Meta-I:33045 ==> 1.0 * Meta-I:36855				CHORISMATEMUT-RXN	rxn33299 | rxn19309 | rxn01256	R01715	CHRM | CHORM	MNXR96708		RXN-I:26797	RXN-I:26797
RXN-I:6038	 + 1.0 * Meta-I:1752 + 1.0 * Meta-I:36855 ==> 1.0 * Meta-I:6501 + 1.0 * Meta-I:5852 + 1.0 * Meta-I:42676				PREPHENATEDEHYDRAT-RXN	rxn01000 | rxn33346 | rxn28085	R01373	PPNDH	MNXR138717 | MNXR126086		RXN-I:6038	RXN-I:6038
RXN-I:33241	 + 1.0 * Meta-I:6501 + 1.0 * Meta-I:12409 <=> 1.0 * Meta-I:381 + 1.0 * Meta-I:49871						R11068		MNXR139841		RXN-I:33517,RXN-I:15653,RXN-I:29613,RXN-I:22614,RXN-I:23921,RXN-I:8629,RXN-I:20253,RXN-I:23597,RXN-I:33241,RXN-I:11370,RXN-I:12471	RZ_50
RXN-I:19224	 + 1.0 * Meta-I:46553 + 1.0 * Meta-I:39678 + 1.0 * Meta-I:49871 ==> 1.0 * Meta-I:40489 + 1.0 * Meta-I:14894					rxn04989	R07211		MNXR116124 | MNXR140128 | MNXR139508		RXN-I:18091,RXN-I:33503,RXN-I:19224,RXN-I:32808,RXN-I:11161	RZ_14
RXN-I:33015	 + 1.0 * Meta-I:40736 + 1.0 * Meta-I:40489 <=> 1.0 * Meta-I:24872 + 1.0 * Meta-I:48530				RXN3O-4157	rxn38670 | rxn16114	R09254		MNXR112689		RXN-I:27532,RXN-I:33825,RXN-I:4259,RXN-I:8506,RXN-I:26281,RXN-I:33015,RXN-I:10473,RXN-I:7025	RZ_99
RXN-I:10070	 + 1.0 * Meta-I:39678 + 1.0 * Meta-I:48530 ==> 1.0 * Meta-I:5852 + 1.0 * Meta-I:42676 + 1.0 * Meta-I:6762					rxn17205					RXN-I:10070,RXN-I:14491	RZ_36
RXN-I:32298	 + 1.0 * Meta-I:41303 + 1.0 * Meta-I:40688 + 1.0 * Meta-I:42676 <=> 1.0 * Meta-I:1752 + 1.0 * Meta-I:6762 + 1.0 * Meta-I:40690					rxn01944	R02697	4HOXPACDOX_NADP	MNXR95016 | MNXR139131		RXN-I:8221,RXN-I:32298	RZ_17
RXN-I:29716	 + 1.0 * Meta-I:1752 + 1.0 * Meta-I:41303 + 1.0 * Meta-I:40690 ==> 1.0 * Meta-I:4214 + 1.0 * Meta-I:40688								MNXR133034 | MNXR133035		RXN-I:29716,RXN-I:3240	RZ_21
RXN-I:11370	 + 1.0 * Meta-I:39859 + 1.0 * Meta-I:6501 <=> 1.0 * Meta-I:40134 + 1.0 * Meta-I:49871								MNXR141462		RXN-I:33517,RXN-I:15653,RXN-I:29613,RXN-I:22614,RXN-I:23921,RXN-I:8629,RXN-I:20253,RXN-I:23597,RXN-I:33241,RXN-I:11370,RXN-I:12471	RZ_50
RXN-I:20253	 + 1.0 * Meta-I:40736 + 1.0 * Meta-I:49871 <=> 1.0 * Meta-I:24872 + 1.0 * Meta-I:6501				2.6.1.58-RXN	rxn00491 | rxn37938	R00692		MNXR138983 | MNXR125716		RXN-I:33517,RXN-I:15653,RXN-I:29613,RXN-I:22614,RXN-I:23921,RXN-I:8629,RXN-I:20253,RXN-I:23597,RXN-I:33241,RXN-I:11370,RXN-I:12471	RZ_50
RXN-I:23597	 + 1.0 * Meta-I:39678 + 1.0 * Meta-I:42676 + 1.0 * Meta-I:49871 <=> 1.0 * Meta-I:52041 + 1.0 * Meta-I:6501 + 1.0 * Meta-I:1752 + 1.0 * Meta-I:8501				RXN-17130	rxn00488	R00689	PHEOX	MNXR140658 | MNXR138700 | MNXR102628		RXN-I:33517,RXN-I:15653,RXN-I:29613,RXN-I:22614,RXN-I:23921,RXN-I:8629,RXN-I:20253,RXN-I:23597,RXN-I:33241,RXN-I:11370,RXN-I:12471	RZ_50
RXN-I:23921	 + 1.0 * Meta-I:6501 + 1.0 * Meta-I:41596 <=> 1.0 * Meta-I:12557 + 1.0 * Meta-I:49871				2.6.1.64-RXN	rxn33389 | rxn01001 | rxn33390	R01375		MNXR139039 | MNXR125927		RXN-I:33517,RXN-I:15653,RXN-I:29613,RXN-I:22614,RXN-I:23921,RXN-I:8629,RXN-I:20253,RXN-I:23597,RXN-I:33241,RXN-I:11370,RXN-I:12471	RZ_50
RXN-I:8629	 + 1.0 * Meta-I:6501 + 1.0 * Meta-I:12409 <=> 1.0 * Meta-I:27537 + 1.0 * Meta-I:49871				RXN-16297				MNXR140607		RXN-I:33517,RXN-I:15653,RXN-I:29613,RXN-I:22614,RXN-I:23921,RXN-I:8629,RXN-I:20253,RXN-I:23597,RXN-I:33241,RXN-I:11370,RXN-I:12471	RZ_50
RXN-I:29613	 + 1.0 * Meta-I:6501 + 1.0 * Meta-I:31533 <=> 1.0 * Meta-I:3333 + 1.0 * Meta-I:49871				2.6.1.70-RXN	rxn00494	R00695		MNXR138984 | MNXR125757		RXN-I:33517,RXN-I:15653,RXN-I:29613,RXN-I:22614,RXN-I:23921,RXN-I:8629,RXN-I:20253,RXN-I:23597,RXN-I:33241,RXN-I:11370,RXN-I:12471	RZ_50
RXN-I:22614	 + 1.0 * Meta-I:52041 + 1.0 * Meta-I:6501 + 1.0 * Meta-I:1752 + 1.0 * Meta-I:40685 <=> 1.0 * Meta-I:42676 + 1.0 * Meta-I:40686 + 1.0 * Meta-I:49871				PHENYLALANINE-DEHYDROGENASE-RXN	rxn00487	R00688		MNXR126077 | MNXR138982		RXN-I:33517,RXN-I:15653,RXN-I:29613,RXN-I:22614,RXN-I:23921,RXN-I:8629,RXN-I:20253,RXN-I:23597,RXN-I:33241,RXN-I:11370,RXN-I:12471	RZ_50
RXN-I:33517	 + 1.0 * Meta-I:49871 + 1.0 * Meta-I:40729 <=> 1.0 * Meta-I:6501 + 1.0 * Meta-I:42953				PHEAMINOTRANS-RXN | RXN-10814	rxn38254 | rxn21134 | rxn00493 | rxn28060	R00694	PHETA1 | PHETA1m | POATh	MNXR126234 | MNXR138701		RXN-I:33517,RXN-I:15653,RXN-I:29613,RXN-I:22614,RXN-I:23921,RXN-I:8629,RXN-I:20253,RXN-I:23597,RXN-I:33241,RXN-I:11370,RXN-I:12471	RZ_50
RXN-I:32808	 + 1.0 * Meta-I:46553 + 1.0 * Meta-I:39678 + 1.0 * Meta-I:49871 ==> 1.0 * Meta-I:40489 + 1.0 * Meta-I:42676 + 1.0 * Meta-I:42741					rxn01315	R01795	PHETHPTOX	MNXR138702 | MNXR139066		RXN-I:18091,RXN-I:33503,RXN-I:19224,RXN-I:32808,RXN-I:11161	RZ_14
RXN-I:8506	 + 1.0 * Meta-I:40489 + 1.0 * Meta-I:40686 + 1.0 * Meta-I:42676 <=> 1.0 * Meta-I:52041 + 1.0 * Meta-I:1752 + 1.0 * Meta-I:40685 + 1.0 * Meta-I:48530					rxn16671	R09830		MNXR113232		RXN-I:27532,RXN-I:33825,RXN-I:4259,RXN-I:8506,RXN-I:26281,RXN-I:33015,RXN-I:10473,RXN-I:7025	RZ_99
RXN-I:8221	 + 1.0 * Meta-I:41303 + 1.0 * Meta-I:40686 + 1.0 * Meta-I:42676 <=> 2.0 * Meta-I:1752 + 1.0 * Meta-I:40685 + 1.0 * Meta-I:6762				1.2.1.53-RXN	rxn01943	R02695	4HALDD	MNXR95004 | MNXR139130		RXN-I:8221,RXN-I:32298	RZ_17
RXN-I:12471	 + 1.0 * Meta-I:42081 + 1.0 * Meta-I:49871 <=> 1.0 * Meta-I:17262 + 1.0 * Meta-I:6501					rxn11210		araphe2	MNXR142412		RXN-I:33517,RXN-I:15653,RXN-I:29613,RXN-I:22614,RXN-I:23921,RXN-I:8629,RXN-I:20253,RXN-I:23597,RXN-I:33241,RXN-I:11370,RXN-I:12471	RZ_50
RXN-I:33503	 + 1.0 * Meta-I:46553 + 1.0 * Meta-I:39678 + 1.0 * Meta-I:49871 ==> 1.0 * Meta-I:13179 + 1.0 * Meta-I:40489					rxn20538					RXN-I:18091,RXN-I:33503,RXN-I:19224,RXN-I:32808,RXN-I:11161	RZ_14
RXN-I:15653	 + 1.0 * Meta-I:42703 + 1.0 * Meta-I:49871 <=> 1.0 * Meta-I:10422 + 1.0 * Meta-I:6501					rxn11209		araphe1	MNXR142411		RXN-I:33517,RXN-I:15653,RXN-I:29613,RXN-I:22614,RXN-I:23921,RXN-I:8629,RXN-I:20253,RXN-I:23597,RXN-I:33241,RXN-I:11370,RXN-I:12471	RZ_50
RXN-I:18091	 + 1.0 * Meta-I:39678 + 1.0 * Meta-I:20239 + 1.0 * Meta-I:49871 ==> 1.0 * Meta-I:40489 + 1.0 * Meta-I:42676 + 1.0 * Meta-I:42741				RXN-14206						RXN-I:18091,RXN-I:33503,RXN-I:19224,RXN-I:32808,RXN-I:11161	RZ_14
RXN-I:11161	 + 1.0 * Meta-I:39678 + 1.0 * Meta-I:20239 + 1.0 * Meta-I:49871 ==> 1.0 * Meta-I:40489 + 1.0 * Meta-I:14894				RXN66-569				MNXR140989		RXN-I:18091,RXN-I:33503,RXN-I:19224,RXN-I:32808,RXN-I:11161	RZ_14
RXN-I:26281	 + 1.0 * Meta-I:40489 + 1.0 * Meta-I:40729 <=> 1.0 * Meta-I:42953 + 1.0 * Meta-I:48530				TYROSINE-AMINOTRANSFERASE-RXN	rxn00527 | rxn37937 | rxn30444 | rxn30445 | rxn27524	R00734	TYRTAip | TYRTAim | TYRTAi | TYRTAh | TYRTA	MNXR105000		RXN-I:27532,RXN-I:33825,RXN-I:4259,RXN-I:8506,RXN-I:26281,RXN-I:33015,RXN-I:10473,RXN-I:7025	RZ_99
RXN-I:25401	 + 1.0 * Meta-I:40688 + 1.0 * Meta-I:36855 ==> 1.0 * Meta-I:5852 + 1.0 * Meta-I:40690 + 1.0 * Meta-I:48530				PREPHENATE-DEHYDROGENASE-NADP+-RXN	rxn31750 | rxn01269	R01730	PPND2	MNXR103122		RXN-I:29964,RXN-I:25401	RZ_109
RXN-I:4259	 + 1.0 * Meta-I:39859 + 1.0 * Meta-I:48530 <=> 1.0 * Meta-I:40489 + 1.0 * Meta-I:40134								MNXR132486		RXN-I:27532,RXN-I:33825,RXN-I:4259,RXN-I:8506,RXN-I:26281,RXN-I:33015,RXN-I:10473,RXN-I:7025	RZ_99
RXN-I:35781	 + 1.0 * Meta-I:1752 + 1.0 * Meta-I:40489 ==> 1.0 * Meta-I:5852 + 1.0 * Meta-I:2473				TYROSINE-DECARBOXYLASE-RXN	rxn00529 | rxn31401	R00736	TYRCBOX	MNXR104990		RXN-I:35781	RXN-I:35781
RXN-I:30461	 + 1.0 * Meta-I:39678 + 1.0 * Meta-I:42676 + 1.0 * Meta-I:2473 ==> 1.0 * Meta-I:52041 + 1.0 * Meta-I:41303 + 1.0 * Meta-I:8501				RXN-5821	rxn01715 | rxn29967	R02382	TYROXDApp | TYROXDAc	MNXR104996		RXN-I:29617,RXN-I:30461,RXN-I:23	RZ_100
RXN-I:29964	 + 1.0 * Meta-I:36855 + 1.0 * Meta-I:40686 ==> 1.0 * Meta-I:5852 + 1.0 * Meta-I:40685 + 1.0 * Meta-I:48530				PREPHENATEDEHYDROG-RXN	rxn28086 | rxn01268 | rxn33078	R01728	PPOR_1 | PPND	MNXR103121		RXN-I:29964,RXN-I:25401	RZ_109
RXN-I:33825	 + 1.0 * Meta-I:42703 + 1.0 * Meta-I:40489 <=> 1.0 * Meta-I:10422 + 1.0 * Meta-I:48530					rxn11206		aratyr1	MNXR136557		RXN-I:27532,RXN-I:33825,RXN-I:4259,RXN-I:8506,RXN-I:26281,RXN-I:33015,RXN-I:10473,RXN-I:7025	RZ_99
RXN-I:14491	 + 1.0 * Meta-I:39678 + 2.0 * Meta-I:48530 ==> 2.0 * Meta-I:5852 + 2.0 * Meta-I:6762				1.2.3.13-RXN	rxn00033	R00042		MNXR138953		RXN-I:10070,RXN-I:14491	RZ_36
RXN-I:27532	 + 1.0 * Meta-I:17262 + 1.0 * Meta-I:48530 <=> 1.0 * Meta-I:42081 + 1.0 * Meta-I:40489					rxn11207		aratyr2	MNXR136558		RXN-I:27532,RXN-I:33825,RXN-I:4259,RXN-I:8506,RXN-I:26281,RXN-I:33015,RXN-I:10473,RXN-I:7025	RZ_99
RXN-I:26548	 + 1.0 * Meta-I:1752 + 1.0 * Meta-I:48530 ==> 1.0 * Meta-I:5852 + 1.0 * Meta-I:41303				4.1.1.80-RXN	rxn02396	R03341		MNXR108106		RXN-I:26548	RXN-I:26548
RXN-I:3240	 + 1.0 * Meta-I:1752 + 1.0 * Meta-I:41303 + 1.0 * Meta-I:40685 ==> 1.0 * Meta-I:4214 + 1.0 * Meta-I:40686				RXN3O-4113	rxn26743 | rxn38667 | rxn38668 | rxn38669 | rxn02996	R04304		MNXR108795		RXN-I:29716,RXN-I:3240	RZ_21
RXN-I:29617	 + 1.0 * Meta-I:659 + 1.0 * Meta-I:42676 + 1.0 * Meta-I:2473 ==> 1.0 * Meta-I:52041 + 1.0 * Meta-I:41303 + 1.0 * Meta-I:28864								MNXR131270		RXN-I:29617,RXN-I:30461,RXN-I:23	RZ_100
RXN-I:7025	 + 1.0 * Meta-I:39678 + 1.0 * Meta-I:40489 + 1.0 * Meta-I:42676 <=> 1.0 * Meta-I:52041 + 1.0 * Meta-I:8501 + 1.0 * Meta-I:48530				RXN-12487	rxn00522 | rxn38890	R00729	TYROX	MNXR104995		RXN-I:27532,RXN-I:33825,RXN-I:4259,RXN-I:8506,RXN-I:26281,RXN-I:33015,RXN-I:10473,RXN-I:7025	RZ_99
RXN-I:10473	 + 1.0 * Meta-I:40935 + 1.0 * Meta-I:48530 <=> 1.0 * Meta-I:40489 + 1.0 * Meta-I:17126					rxn38908					RXN-I:27532,RXN-I:33825,RXN-I:4259,RXN-I:8506,RXN-I:26281,RXN-I:33015,RXN-I:10473,RXN-I:7025	RZ_99
RXN-I:27730	 + 1.0 * Meta-I:46553 + 1.0 * Meta-I:39678 + 1.0 * Meta-I:40489 ==> 1.0 * Meta-I:16416 + 1.0 * Meta-I:42676 + 1.0 * Meta-I:42741					rxn01326	R01815	HMR_6728	MNXR141671 | MNXR139069		RXN-I:27730,RXN-I:11075,RXN-I:3491,RXN-I:14963,RXN-I:21425,RXN-I:2928,RXN-I:24553,RXN-I:20472	RZ_23
RXN-I:9970	 + 1.0 * Meta-I:16416 ==> 1.0 * Meta-I:5852 + 1.0 * Meta-I:6316				RXN66-221	rxn01499	R02080	3HLYTCL	MNXR94896 | MNXR107302		RXN-I:9970	RXN-I:9970
RXN-I:12421	 + 1.0 * Meta-I:6316 + 1.0 * Meta-I:40686 + 1.0 * Meta-I:42676 <=> 1.0 * Meta-I:37645 + 1.0 * Meta-I:39678 + 1.0 * Meta-I:40685 + 1.0 * Meta-I:2473					rxn31661					RXN-I:12421,RXN-I:26506,RXN-I:32353,RXN-I:28361,RXN-I:2386	RZ_53
RXN-I:23	 + 1.0 * Meta-I:2473 ==> 1.0 * Meta-I:41303					rxn24117					RXN-I:29617,RXN-I:30461,RXN-I:23	RZ_100
RXN-I:34831	 + 1.0 * Meta-I:39678 + 1.0 * Meta-I:40489 + 1.0 * Meta-I:42676 ==> 1.0 * Meta-I:52041 + 1.0 * Meta-I:5852 + 1.0 * Meta-I:41303 + 1.0 * Meta-I:8501				RXN-19274		R11917				RXN-I:34831	RXN-I:34831
RXN-I:18295	 + 1.0 * Meta-I:39325 <=> 1.0 * Meta-I:33513 + 1.0 * Meta-I:40489					rxn11205		aratyr4	MNXR136556		RXN-I:18295	RXN-I:18295
RXN-I:18250	 + 1.0 * Meta-I:39325 ==> 1.0 * Meta-I:33513 + 1.0 * Meta-I:49871				2.6.1.28-RXN	rxn01002	R01376	araphe3	MNXR139040 | MNXR125745		RXN-I:18250	RXN-I:18250
RXN-I:31905	 + 1.0 * Meta-I:39678 + 1.0 * Meta-I:1752 + 1.0 * Meta-I:42676 + 1.0 * Meta-I:49871 ==> 1.0 * Meta-I:52041 + 1.0 * Meta-I:5852 + 1.0 * Meta-I:41479 + 1.0 * Meta-I:8501				RXN-8990	rxn25282	R11918		MNXR122572		RXN-I:31905	RXN-I:31905
RXN-I:32248	 + 1.0 * Meta-I:41479 + 1.0 * Meta-I:40688 + 1.0 * Meta-I:42676 <=> 2.0 * Meta-I:1752 + 1.0 * Meta-I:18337 + 1.0 * Meta-I:40690					rxn01841	R02537	ALDD19x_P | r0548	MNXR141949 | MNXR95742		RXN-I:32248,RXN-I:146	RZ_58
RXN-I:2059	 + 1.0 * Meta-I:18337 ==> 1.0 * Meta-I:6762					rxn04605	R06790		MNXR139469 | MNXR142104		RXN-I:2059	RXN-I:2059
RXN-I:23911	 + 1.0 * Meta-I:6501 + 1.0 * Meta-I:1752 ==> 1.0 * Meta-I:5852 + 1.0 * Meta-I:41479				PHENYLPYRUVATE-DECARBOXYLASE-RXN	rxn20539 | rxn01003	R01377	PPYRDC	MNXR125761 | MNXR138719		RXN-I:23911	RXN-I:23911
RXN-I:146	 + 1.0 * Meta-I:41479 + 1.0 * Meta-I:42676 + 1.0 * Meta-I:40686 <=> 1.0 * Meta-I:1752 + 1.0 * Meta-I:18337 + 1.0 * Meta-I:40685				PHENDEHYD-RXN	rxn01840 | rxn20533 | rxn29989	R02536	r0546 | ALDD19xr	MNXR95743 | MNXR141948		RXN-I:32248,RXN-I:146	RZ_58
