M_PR_UID	M_PR_SMILE-CAN-OB
CMPD_0000000003	CC(=O)OCC=Cc1ccc(cc1)O
CMPD_0000000005	OCC=Cc1ccc(cc1)O
CMPD_0000000010	O=CC=Cc1ccc(cc1)O
CMPD_0000000023	O=C(C=Cc1ccc(cc1)O)SCCN=C(CCN=C(C(C(COP(=O)(OP(=O)(OCC1OC(C(C1OP(=O)(O)O)O)n1cnc2c1ncnc2N)O)O)(C)C)O)O)O
CMPD_0000000030	O=Cc1ccc(cc1)O
CMPD_0000000032	O=C(C=Cc1ccc(cc1)O)SCCN=C(CCN=C(C(C(COP(=O)(OP(=O)(OCC1OC(C(C1O)O)n1cnc2c1ncnc2N)O)O)(C)C)O)O)O
CMPD_0000000035	O=C(C=Cc1ccc(cc1)O)SCCN=C(CCN=C(C(C(COP(=O)(O)O)(C)C)O)O)O
CMPD_0000000050	OC(=O)C=Cc1ccc(cc1)O
MNXM01	[H+]
MNXM12	SCCN=C(CCN=C(C(C(COP(=O)(OP(=O)(OCC1OC(C(C1OP(=O)(O)O)O)n1cnc2c1ncnc2N)O)O)(C)C)O)O)O
MNXM14	OC1C(O)C(OC1n1cnc2c1ncnc2N)COP(=O)(O)O
MNXM2	O
MNXM21	CC(=O)SCCN=C(CCN=C(C(C(COP(=O)(OP(=O)(OCC1OC(C(C1OP(=O)(O)O)O)n1cnc2c1ncnc2N)O)O)(C)C)O)O)O
MNXM3	OC1C(COP(=O)(OP(=O)(OP(=O)(O)O)O)O)OC(C1O)n1cnc2c1ncnc2N
MNXM373	SCCN=C(CCN=C(C(C(COP(=O)(O)O)(C)C)O)O)O
MNXM45	OC1C(OP(=O)(O)O)C(OC1n1cnc2c1ncnc2N)COP(=O)(O)O
MNXM481	SCCN=C(CCN=C(C(C(COP(=O)(OP(=O)(OCC1OC(C(C1O)O)n1cnc2c1ncnc2N)O)O)(C)C)O)O)O
MNXM6	OC1C(O)C(OC1N1C=CCC(=C1)C(=N)O)COP(=O)(OP(=O)(OCC1OC(C(C1O)OP(=O)(O)O)n1cnc2c1ncnc2N)O)O
MNXM9	OP(=O)(O)O
TARGET_0000000001	C=CCc1ccc(cc1)O
