M_PR_UID	M_PR_NAME	M_PR_SYNONYMS	M_PR_FORMULA	M_PR_CHARGE	M_PR_INCHI	M_PR_SMILE	M_PR_SMILE-CAN-OB	M_PR_BIO	M_PR_COFACTOR	M_RF_PUBMED	M_XR_KEGG	M_XR_METACYC	M_XR_CHEBI	M_XR_BIGG	M_XR_METANETX	M_MT_ENERGY	M_MT_ERROR
Meta-I:41194				0			Oc1ccc(cc1)CC1[NH2+]CCc2c1cc(O)c(c2)O				C06160	S-NORCOCLAURINE			MNXM1396		
Meta-I:41181				0			COc1cc2CC[NH2+]C(c2cc1O)Cc1ccc(cc1)O				C06161 | C06348	S-COCLAURINE			MNXM154900 | MNXM1096 | MNXM47472		
Meta-I:757				0			[O-]C(=O)C(CCSCC1OC(C(C1O)O)n1cnc2c1ncnc2N)[NH3+]				C00021	ADENOSYL-HOMO-CYS		ahcys	MNXM19		
Meta-I:1752				0							C00080	PROTON		h	MNXM1		
Meta-I:40771				0			C[S+](CC1OC(C(C1O)O)n1cnc2c1ncnc2N)CCC(C(=O)[O-])[NH3+]				C00019	S-ADENOSYLMETHIONINE		amet	MNXM16		
Meta-I:11827				0			COc1cc2CC[NH+](C(c2cc1O)Cc1ccc(cc1)O)C				C05176	S-N-METHYLCOCLAURINE			MNXM934		
Meta-I:38969				0			COc1cc2CC[NH+](C3c2cc1Oc1cc(ccc1O)CC1c2c(CC[N+]1(C)C)cc(c(c2Oc1ccc(C3)cc1)O)OC)C				C07547				MNXM13197		
Meta-I:47962				0			COc1cc2CC[NH+](C(c2cc1O)Cc1ccc(cc1)O)C				C05243	R-N-METHYLCOCLAURINE			MNXM6558		
