M_PR_UID	M_PR_NAME	M_PR_SYNONYMS	M_PR_FORMULA	M_PR_CHARGE	M_PR_INCHI	M_PR_SMILE	M_PR_SMILE-CAN-OB	M_PR_BIO	M_PR_COFACTOR	M_RF_PUBMED	M_XR_KEGG	M_XR_METACYC	M_XR_CHEBI	M_XR_BIGG	M_XR_METANETX	M_MT_ENERGY	M_MT_ERROR
Meta-I:5852				0			O=C=O				C00011 | D00004	CARBON-DIOXIDE		co2	MNXM13		
Meta-I:1752				0							C00080	PROTON		h	MNXM1		
Meta-I:40489				0			[NH3+]C(C(=O)[O-])Cc1ccc(cc1)O				C00082 | D00022 | C01536	TYR		tyr__L	MNXM76		
Meta-I:2473				0			[NH3+]CCc1ccc(cc1)O				C00483	TYRAMINE		tym	MNXM603		
Meta-I:6316				0			[NH3+]CCc1ccc(c(c1)O)O				D07870 | C03758	DOPAMINE		dopa	MNXM205		
Meta-I:39926				0			O=CCCc1ccc(cc1)O				C16706				MNXM10199		
Meta-I:10384				0			COc1cc(CCC2[NH+](C)CCc3c2cc(O)c(c3)OC)cc(c1OC)O				C16707	CPD-9790			MNXM13767		
Meta-I:10785				0			COC1=CC23CC[NH+](C(CC2=CC1=O)Cc1c3c(OC)c(c(c1)O)OC)C | COC1=CC23CC[NH+](C(C2=CC1=O)CCc1c3c(OC)c(c(c1)O)OC)C				C16708	CPD-9789			MNXM722919 | MNXM91210		
Meta-I:40688				0			OC1C(O)C(OC1[n+]1cccc(c1)C(=O)N)COP(=O)(OP(=O)(OCC1OC(C(C1O)OP(=O)([O-])[O-])n1cnc2c1ncnc2N)[O-])[O-]				C00006	NADP		nadp	MNXM5		
Meta-I:40690				0			OC1C(O)C(OC1N1C=CCC(=C1)C(=O)N)COP(=O)(OP(=O)(OCC1OC(C(C1O)OP(=O)([O-])[O-])n1cnc2c1ncnc2N)[O-])[O-]				C00005	NADPH		nadph	MNXM6		
Meta-I:757				0			[O-]C(=O)C(CCSCC1OC(C(C1O)O)n1cnc2c1ncnc2N)[NH3+]				C00021	ADENOSYL-HOMO-CYS		ahcys	MNXM19		
Meta-I:8069				0			COC1=CC23CC[NH+](C(C2=CC1=O)CCc1c3c(OC)c(c(c1)OC)OC)C				C16709	CPD-9788			MNXM5859		
Meta-I:40771				0			C[S+](CC1OC(C(C1O)O)n1cnc2c1ncnc2N)CCC(C(=O)[O-])[NH3+]				C00019	S-ADENOSYLMETHIONINE		amet	MNXM16		
Meta-I:39946				0			O=CN(C1CCc2c(c3c1cc(=O)c(cc3)OC)c(OC)c(c(c2)OC)OC)C				C16710	CPD-14544			MNXM7570		
Meta-I:39678				0			O=O				D00003 | C00007	OXYGEN-MOLECULE		o2	MNXM4		
Meta-I:42676				0			[OH3+] | [OH-] | *O | [O-2].[Cu+].[Cu+] | O				C00001 | D06322 | D03703 | C18714 | D00001 | C01328	OH | OXONIUM | HYDROXYL-GROUP | WATER		h2o | oh1	MNXM124831 | MNXM154962 | MNXM126605 | MNXM2 | MNXM145357		
Meta-I:10781				0			C[NH2+]C1CCc2c(c3c1cc(=O)c(cc3)OC)c(OC)c(c(c2)OC)OC				C11250	CPD-9787			MNXM30282		
Meta-I:17838				0			COc1c(OC)cc2c(c1OC)c1ccc(c(=O)cc1C(CC2)[NH3+])OC				C16712	CPD-9786			MNXM11303		
Meta-I:10771				0			COc1c(OC)cc2c(c1OC)c1ccc(c(=O)cc1C(CC2)NC(=O)C)OC				C07592 | D00570	CPD-9785			MNXM723017 | MNXM8442		
Meta-I:12273				0			SCCNC(=O)CCNC(=O)C(C(COP(=O)(OP(=O)(OCC1OC(C(C1OP(=O)([O-])[O-])O)n1cnc2c1ncnc2N)[O-])[O-])(C)C)O				C00010	CO-A | COA-GROUP		coa	MNXM12		
Meta-I:41497				0			O=C(NCCSC(=O)C)CCNC(=O)C(C(COP(=O)(OP(=O)(OCC1OC(C(C1OP(=O)([O-])[O-])O)n1cnc2c1ncnc2N)[O-])[O-])(C)C)O				C00024	ACETYL-COA		accoa	MNXM21		
Meta-I:37645				0			OC1C(COP(=O)(OP(=O)([O-])[O-])[O-])OC(C1O)n1cnc2c1ncnc2N				G11113 | C00008	ADP		adp	MNXM7		
Meta-I:40685				0			OC1C(O)C(OC1N1C=CCC(=C1)C(=O)N)COP(=O)(OP(=O)(OCC1OC(C(C1O)O)n1cnc2c1ncnc2N)[O-])[O-]				C00004	NADH		nadh	MNXM10		
Meta-I:40686				0			OC1C(O)C(OC1[n+]1cccc(c1)C(=O)N)COP(=O)(OP(=O)(OCC1OC(C(C1O)O)n1cnc2c1ncnc2N)[O-])[O-]				C00003 | D00002	NAD		nad	MNXM8 | MNXM165571		
Meta-I:46553				0			CC(C(C1CNc2c(N1)c(=O)[nH]c(n2)N)O)O | CC(C(C1CNc2c(N1)c(=O)nc([nH]2)N)O)O | CC(C(C1CNc2c(N1)c([O-])[nH+]c(=[NH2+])[nH]2)O)O				C00272 | D08505	TETRA-H-BIOPTERIN		thbpt	MNXM722714 | MNXM89658 | MNXM725412 | MNXM725468		
Meta-I:16416				0			[O-]C(=O)C(Cc1ccc(c(c1)O)O)[NH3+]				C00355 | D00059	L-DIHYDROXY-PHENYLALANINE		34dhphe	MNXM279 | MNXM162631		
Meta-I:42741				0			CC(C(C1CNc2c([N]1)c(=O)[nH]c(n2)N)O)O | CC(C(C1=Nc2c(NC1)nc([nH]c2=O)N)O)O | CC(C(C1CN[C+]2=N[C+](=NC(=O)C2=N1)N)O)O | CC(C(C1=Nc2c(NC1)[nH]c(nc2=O)N)O)O | CC(C(C1=Nc2c(NC1)[nH]c(=[NH2+])[nH+]c2[O-])O)O				C00268 | C02953	CPD-15159 | CPD-14202 | BIOPTERIN		CE2705 | dhbpt	MNXM90267 | MNXM90604 | MNXM6118 | MNXM722829 | MNXM723641 | MNXM162257		
Meta-I:12464				0			C=O				C00067 | D00017	FORMALDEHYDE		fald	MNXM56		
Meta-I:14894				0			CC(C(C1CN[C+]2=N[C+](=NC(=O)C2([NH2+]1)O)N)O)O				C15522	CPD-5881			MNXM722800 | MNXM380		
Meta-I:13179				0			[O-]C1=[NH+][C+](=[NH2+])N[C+]2=NCC([NH2+]C12O)C(C(O)C)O								MNXM487425		
Meta-I:20239				0			CC(C(C1CNc2c(N1)c(=O)[nH]c(n2)N)O)O					CPD-14053			MNXM59378		
Meta-I:31494				0			O=c1[nH]c(=O)c2c([nH]1)n(CC(C(C(COP(=O)(OP(=O)(OCC1OC(C(C1O)O)n1cnc3c1ncnc3N)[O-])[O-])O)O)O)c1c([nH]2)cc(c(c1)C)C				C01352	FADH2		fadh2	MNXM38		
Meta-I:40769				0			O=C1[N-]C(=O)C2C(N1)[NH+](CC(C(C(COP(=O)(OP(=O)(OCC1OC(C(C1O)O)n1cnc3c1ncnc3N)[O-])[O-])O)O)O)C1C([NH2+]2)CC(C(C1)C)C | O=c1[n-]c(=O)c2c(n1)n(CC(C(C(COP(=O)(OP(=O)(OCC1OC(C(C1O)O)n1cnc3c1ncnc3N)[O-])[O-])O)O)O)c1c(n2)cc(c(c1)C)C | O=c1[nH]c(=O)c2c(n1)n(CC(C(C(COP(=O)(OP(=O)(OCC1OC(C(C1O)O)n1cnc3c1ncnc3N)[O-])[O-])O)O)O)c1c(n2)cc(c(c1)C)C				D00005 | C00016	FAD		fad	MNXM33		
Meta-I:40072				0			[O-]C=O | [O-]C(=O)*				C00058	CARBOXYL-GROUP | FORMATE		for	MNXM39 | MNXM45621		
