M_PR_UID	M_PR_SMILE-CAN-OB
CMPD_0000000004	Oc1cc(O)c(c(c1)O)C(=O)C=Cc1ccccc1
CMPD_0000000007	O=C(C=Cc1ccccc1)SCCN=C(CCN=C(C(C(COP(=O)(OP(=O)(OCC1OC(C(C1OP(=O)(O)O)O)n1cnc2c1ncnc2N)O)O)(C)C)O)O)O
CMPD_0000000041	O=C(C=Cc1ccccc1)SCCN=C(CCN=C(C(C(COP(=O)(OP(=O)(OCC1OC(C(C1O)O)n1cnc2c1ncnc2N)O)O)(C)C)O)O)O
CMPD_0000000048	OC(=O)C=Cc1ccccc1
MNXM12	SCCN=C(CCN=C(C(C(COP(=O)(OP(=O)(OCC1OC(C(C1OP(=O)(O)O)O)n1cnc2c1ncnc2N)O)O)(C)C)O)O)O
MNXM3	OC1C(COP(=O)(OP(=O)(OP(=O)(O)O)O)O)OC(C1O)n1cnc2c1ncnc2N
MNXM40	OC(=O)CC(=O)SCCN=C(CCN=C(C(C(COP(=O)(OP(=O)(OCC1OC(C(C1OP(=O)(O)O)O)n1cnc2c1ncnc2N)O)O)(C)C)O)O)O
MNXM481	SCCN=C(CCN=C(C(C(COP(=O)(OP(=O)(OCC1OC(C(C1O)O)n1cnc2c1ncnc2N)O)O)(C)C)O)O)O
MNXM9	OP(=O)(O)O
TARGET_0000000001	Oc1cc2OC(CC(=O)c2c(c1)O)c1ccccc1
