M_PR_UID	M_PR_NAME	M_PR_FORMULA	M_PR_CHARGE	M_PR_INCHI	M_PR_SMILE-CAN-OB	M_PR_COFACTOR	M_XR_KEGG	M_XR_CHEBI
1	NAD+	C21H28N7O14P2	1	BAWFJGJZGIEFAR-UHFFFAOYSA-N	OC1C(O)C(OC1[n+]1cccc(c1)C(=O)N)COP(=O)(OP(=O)(OCC1OC(C(C1O)O)n1cnc2c1ncnc2N)O)O	1	C00003	15846
2	NADH	C21H29N7O14P2	0	BOPGDPNILDQYTO-UHFFFAOYSA-N	OC1C(O)C(OC1N1C=CCC(=C1)C(=O)N)COP(=O)(OP(=O)(OCC1OC(C(C1O)O)n1cnc2c1ncnc2N)O)O	1	C00004	16908
3	H+	H	1	-UHFFFAOYSA-N		1	C00080	15378
4	NADP+	C21H29N7O17P3	1	XJLXINKUBYWONI-UHFFFAOYSA-N	OC1C(O)C(OC1[n+]1cccc(c1)C(=O)N)COP(=O)(OP(=O)(OCC1OC(C(C1O)OP(=O)(O)O)n1cnc2c1ncnc2N)O)O	1	C00006	18009
5	NADPH	C21H30N7O17P3	0	ACFIXJIJDZMPPO-UHFFFAOYSA-N	OC1C(O)C(OC1N1C=CCC(=C1)C(=O)N)COP(=O)(OP(=O)(OCC1OC(C(C1O)OP(=O)(O)O)n1cnc2c1ncnc2N)O)O	1	C00005	16474
7	H2O	H2O	0	XLYOFNOQVPJJNP-UHFFFAOYSA-N	O	1	C00001	15377,16234,18219,6637,31341,31794,32035,32145,31344,33130,32108,49900,29191,81045,81882
10	Oxygen	O2	0	MYMOFIZGZYHOMD-UHFFFAOYSA-N	O=O	1	C00007	15379
13	Hydrogen peroxide	H2O2	0	MHAJPDPJQMAIIY-UHFFFAOYSA-N	OO	1	C00027	16240,18421,81304,48233
24	S-Adenosyl-L-methionine	C15H23N6O5S	1	MEFKEPWMEQBLKI-UHFFFAOYSA-N	C[S+](CC1OC(C(C1O)O)n1cnc2c1ncnc2N)CCC(C(=O)O)N	1	C00019	15414
25	S-Adenosyl-L-homocysteine	C14H20N6O5S	0	ZJUKTBDSGOFHSH-UHFFFAOYSA-N	OC(=O)C(CCSCC1OC(C(C1O)O)n1cnc2c1ncnc2N)N	1	C00021	16680
53	(S)-Scoulerine	C19H21NO4	0	KNWVMRVOBAFFMH-UHFFFAOYSA-N	COc1cc2CCN3C(c2cc1O)Cc1c(C3)c(O)c(cc1)OC	0	C02106	17129,31033
56	Methanol	CH4O	0	OKKJLVBELUTLKV-UHFFFAOYSA-N	CO	0	C00132	17790
57	10-methoxy-6,8,13,13a-tetrahydro-5H-isoquinolino[2,1-b]isoquinoline-2,3,9-triol	C18H19NO4	0	WDZUKYLSGVBAHN-UHFFFAOYSA-N	COc1ccc2c(c1O)CN1C(C2)c2cc(O)c(cc2CC1)O	0		17790
62	(S)-Reticuline	C19H23NO4	0	BHLYRWXGMIUIHG-UHFFFAOYSA-N	COc1ccc(cc1O)CC1N(C)CCc2c1cc(O)c(c2)OC	0	C02105	16718,17428,26533
73	2,3,9,10-Tetrahydroxyberbine	C17H17NO4	0	TVKAUFJQMRSZFH-UHFFFAOYSA-N	Oc1cc2CCN3C(c2cc1O)Cc1c(C3)c(O)c(cc1)O	0	C12330	31071
77	1-[(3-hydroxy-4-methoxyphenyl)methyl]-2-methyl-3,4-dihydro-1H-isoquinoline-6,7-diol|1-[(3-hydroxy-4-methoxy-phenyl)methyl]-2-methyl-3,4-dihydro-1H-isoquinoline-6,7-diol	C18H21NO4	0	HNZXQEFQDFGSPN-UHFFFAOYSA-N	COc1ccc(cc1O)CC1N(C)CCc2c1cc(O)c(c2)O	0		31071
100	Formaldehyde	CH2O	0	WSFSSNUMVMOOMR-UHFFFAOYSA-N	C=O	0	C00067	16842
101	(R)-Norreticuline	C18H21NO4	0	FVEMXQCEJGGXJB-UHFFFAOYSA-N	COc1ccc(cc1O)CC1NCCc2c1cc(O)c(c2)OC	0	C06516	28658,28611,46816
102	(1R)-6-methoxy-1-[(4-methoxyphenyl)methyl]-2-methyl-3,4-dihydro-1H-isoquinolin-7-ol	C19H23NO3	0	DLDZDBDYUZLISX-UHFFFAOYSA-N	COc1ccc(cc1)CC1N(C)CCc2c1cc(O)c(c2)OC	0		28658,28611,46816
105	3'-Hydroxy-N-methyl-(S)-coclaurine	C18H21NO4	0	DAUPWJBRVZCBQB-UHFFFAOYSA-N	COc1cc2CCN(C(c2cc1O)Cc1ccc(c(c1)O)O)C	0	C05202	17079
150	Laudanosoline	C17H19NO4	0	VHRSWCTVFBWHKE-UHFFFAOYSA-N	CN1CCc2c(C1Cc1ccc(c(c1)O)O)cc(c(c2)O)O	0	C12327	31764
160	1-[(3-hydroxy-4-methoxyphenyl)methyl]-1,2,3,4-tetrahydroisoquinoline-6,7-diol|1-[(3-hydroxy-4-methoxy-phenyl)methyl]-1,2,3,4-tetrahydroisoquinoline-6,7-diol	C17H19NO4	0	MGQLHNKARZOXFH-UHFFFAOYSA-N	COc1ccc(cc1O)CC1NCCc2c1cc(O)c(c2)O	0		31764
161	(1R)-1-[(4-methoxyphenyl)methyl]-2-methyl-3,4-dihydro-1H-isoquinoline-6,7-diol	C18H21NO3	0	JTJGGGGXMKPXAA-UHFFFAOYSA-N	COc1ccc(cc1)CC1N(C)CCc2c1cc(O)c(c2)O	0		31764
230	6-methoxy-1-[(4-methoxyphenyl)methyl]-1,2,3,4-tetrahydroisoquinolin-7-ol	C18H21NO3	0	XIEZJSPLHXEHSK-UHFFFAOYSA-N	COc1ccc(cc1)CC1NCCc2c1cc(O)c(c2)OC	0		31764
231	6-O-Methylnorlaudanosoline	C17H19NO4	0	RHMGJTZOFARRHB-UHFFFAOYSA-N	COc1cc2CCNC(c2cc1O)Cc1ccc(c(c1)O)O	0	C05203	15944,27460
236	(S)-N-Methylcoclaurine	C18H21NO3	0	BOKVLBSSPUTWLV-UHFFFAOYSA-N	COc1cc2CCN(C(c2cc1O)Cc1ccc(cc1)O)C	0	C05176	17041,16387
361	(S)-Norlaudanosoline	C16H17NO4	0	ABXZOXDTHTTZJW-UHFFFAOYSA-N	Oc1cc(ccc1O)CC1NCCc2c1cc(O)c(c2)O	0	C02916	28651,28770,27702
362	1-[(4-hydroxyphenyl)methyl]-2-methyl-3,4-dihydro-1H-isoquinoline-6,7-diol	C17H19NO3	0	IIOUIJTYVIHHEI-UHFFFAOYSA-N	Oc1ccc(cc1)CC1N(C)CCc2c1cc(O)c(c2)O	0		28651,28770,27702
384	(1S)-1-[(4-methoxyphenyl)methyl]-1,2,3,4-tetrahydroisoquinoline-6,7-diol	C17H19NO3	0	FWQAUIPLDHTNCB-UHFFFAOYSA-N	COc1ccc(cc1)CC1NCCc2c1cc(O)c(c2)O	0		28651,28770,27702
525	(S)-Coclaurine	C17H19NO3	0	LVVKXRQZSRUVPY-UHFFFAOYSA-N	COc1cc2CCNC(c2cc1O)Cc1ccc(cc1)O	0	C06161	15950,18417,27482
760	(S)-Norcoclaurine	C16H17NO3	0	WZRCQWQRFZITDX-UHFFFAOYSA-N	Oc1ccc(cc1)CC1NCCc2c1cc(O)c(c2)O	0	C06160	17729,18418,27751
