M_PR_UID	M_PR_SMILE-CAN-OB
CMPD_0000000006	O=C(C=Cc1ccc(c(c1)O)O)SCCN=C(CCN=C(C(C(COP(=O)(OP(=O)(OCC1OC(C(C1OP(=O)(O)O)O)n1cnc2c1ncnc2N)O)O)(C)C)O)O)O
CMPD_0000000007	OC(=O)C(Cc1ccc(c(c1)O)O)O
CMPD_0000000011	O=Cc1ccc(c(c1)O)O
CMPD_0000000015	OC(=O)C(=O)Cc1ccc(c(c1)O)O
CMPD_0000000026	OC(=O)C=Cc1ccc(c(c1)O)O
CMPD_0000000163	OC(=O)C(Cc1ccc(c(c1)O)O)N
CMPD_0000000169	OC(=O)C=Cc1ccc(cc1)O
CMPD_0000000171	O=C(OC1CC(O)(CC(C1O)O)C(=O)O)C=Cc1ccc(c(c1)O)O
CMPD_0000000179	O=Cc1ccc(cc1)O
MNXM01	[H+]
MNXM1	[H+]
MNXM10	OC1C(O)C(OC1N1C=CCC(=C1)C(=N)O)COP(=O)(OP(=O)(OCC1OC(C(C1O)O)n1cnc2c1ncnc2N)O)O
MNXM15	[NH4+]
MNXM2	O
MNXM20	OC(=O)CCC(=O)C(=O)O
MNXM21	CC(=O)SCCN=C(CCN=C(C(C(COP(=O)(OP(=O)(OCC1OC(C(C1OP(=O)(O)O)O)n1cnc2c1ncnc2N)O)O)(C)C)O)O)O
MNXM4	O=O
MNXM474	OC1C(O)CC(CC1O)(O)C(=O)O
MNXM6	OC1C(O)C(OC1N1C=CCC(=C1)C(=N)O)COP(=O)(OP(=O)(OCC1OC(C(C1O)OP(=O)(O)O)n1cnc2c1ncnc2N)O)O
TARGET_0000000001	O=C(OC(C(=O)O)Cc1ccc(c(c1)O)O)C=Cc1ccc(c(c1)O)O
