M_PR_UID	M_PR_NAME	M_PR_FORMULA	M_PR_CHARGE	M_PR_INCHI	M_PR_SMILE-CAN-OB	M_PR_COFACTOR	M_XR_KEGG	M_XR_CHEBI
1	NAD+	C21H28N7O14P2	1	BAWFJGJZGIEFAR-UHFFFAOYSA-N	OC1C(O)C(OC1[n+]1cccc(c1)C(=O)N)COP(=O)(OP(=O)(OCC1OC(C(C1O)O)n1cnc2c1ncnc2N)O)O	1	C00003	15846
2	NADH	C21H29N7O14P2	0	BOPGDPNILDQYTO-UHFFFAOYSA-N	OC1C(O)C(OC1N1C=CCC(=C1)C(=O)N)COP(=O)(OP(=O)(OCC1OC(C(C1O)O)n1cnc2c1ncnc2N)O)O	1	C00004	16908
3	H+	H	1	-UHFFFAOYSA-N		1	C00080	15378
4	NADP+	C21H29N7O17P3	1	XJLXINKUBYWONI-UHFFFAOYSA-N	OC1C(O)C(OC1[n+]1cccc(c1)C(=O)N)COP(=O)(OP(=O)(OCC1OC(C(C1O)OP(=O)(O)O)n1cnc2c1ncnc2N)O)O	1	C00006	18009
5	NADPH	C21H30N7O17P3	0	ACFIXJIJDZMPPO-UHFFFAOYSA-N	OC1C(O)C(OC1N1C=CCC(=C1)C(=O)N)COP(=O)(OP(=O)(OCC1OC(C(C1O)OP(=O)(O)O)n1cnc2c1ncnc2N)O)O	1	C00005	16474
6	H2O	H2O	0	XLYOFNOQVPJJNP-UHFFFAOYSA-N	O	1	C00001	15377,16234,18219,6637,31341,31794,32035,32145,31344,33130,32108,49900,29191,81045,81882
9	Oxygen	O2	0	MYMOFIZGZYHOMD-UHFFFAOYSA-N	O=O	1	C00007	15379
23	S-Adenosyl-L-methionine	C15H23N6O5S	1	MEFKEPWMEQBLKI-UHFFFAOYSA-N	C[S+](CC1OC(C(C1O)O)n1cnc2c1ncnc2N)CCC(C(=O)O)N	1	C00019	15414
24	S-Adenosyl-L-homocysteine	C14H20N6O5S	0	ZJUKTBDSGOFHSH-UHFFFAOYSA-N	OC(=O)C(CCSCC1OC(C(C1O)O)n1cnc2c1ncnc2N)N	1	C00021	16680
27	L-Homocysteine	C4H9NO2S	0	FFFHZYDWPBMWHY-UHFFFAOYSA-N	NC(C(=O)O)CCS	1	C00155	17588,17230
28	L-Methionine	C5H11NO2S	0	FFEARJCKVFRZRR-UHFFFAOYSA-N	CSCCC(C(=O)O)N	1	C00073	16643,16867,16811
50	Formate	CH2O2	0	BDAGIHXWWSANSR-UHFFFAOYSA-N	OC=O	1	C00058	15740,15740 30751
52	Papaverine	C20H21NO4	0	XQYZDYMELSJDRZ-UHFFFAOYSA-N	COc1ccc(cc1OC)Cc1nccc2c1cc(OC)c(c2)OC	1	C06533	28241
53	(S)-Norcoclaurine	C16H17NO3	0	WZRCQWQRFZITDX-UHFFFAOYSA-N	Oc1ccc(cc1)CC1NCCc2c1cc(O)c(c2)O	0	C06160	17729,18418,27751
54	(S)-Coclaurine	C17H19NO3	0	LVVKXRQZSRUVPY-UHFFFAOYSA-N	COc1cc2CCNC(c2cc1O)Cc1ccc(cc1)O	0	C06161	15950,18417,27482
55	(S)-Tetrahydropapaverine	C20H25NO4	0	YXWQTVWJNHKSCC-UHFFFAOYSA-N	COc1cc(ccc1OC)CC1NCCc2c1cc(OC)c(c2)OC	0	C21631	15950,18417,27482
56	(S)-Norlaudanine	C19H23NO4	0	PBARFBACJNHQIC-UHFFFAOYSA-N	COc1ccc(cc1O)CC1NCCc2c1cc(OC)c(c2)OC	0	C21630	28658
57	(R)-Norreticuline	C18H21NO4	0	FVEMXQCEJGGXJB-UHFFFAOYSA-N	COc1ccc(cc1O)CC1NCCc2c1cc(O)c(c2)OC	0	C06516	28658,28611,46816,15944
58	6-O-Methylnorlaudanosoline	C17H19NO4	0	RHMGJTZOFARRHB-UHFFFAOYSA-N	COc1cc2CCNC(c2cc1O)Cc1ccc(c(c1)O)O	0	C05203	15944,27460
67	6,7-dimethoxy-1-[(4-methoxyphenyl)methyl]-1,2,3,4-tetrahydroisoquinoline	C19H23NO3	0	GXTUEUWFEKEQHJ-UHFFFAOYSA-N	COc1ccc(cc1)CC1NCCc2c1cc(OC)c(c2)OC	0		15944,27460
69	6-methoxy-1-[(4-methoxyphenyl)methyl]-1,2,3,4-tetrahydroisoquinolin-7-ol	C18H21NO3	0	XIEZJSPLHXEHSK-UHFFFAOYSA-N	COc1ccc(cc1)CC1NCCc2c1cc(O)c(c2)OC	0		15944,27460
80	1-[(4-hydroxyphenyl)methyl]-1,2,3,4-tetrahydroisoquinoline-4,6,7-triol	C16H17NO4	0	FFDNLOCJNMIMIK-UHFFFAOYSA-N	Oc1ccc(cc1)CC1NCC(c2c1cc(O)c(c2)O)O	0		15944,27460
81	(S)-Norlaudanosoline	C16H17NO4	0	ABXZOXDTHTTZJW-UHFFFAOYSA-N	Oc1cc(ccc1O)CC1NCCc2c1cc(O)c(c2)O	0	C02916	28651,28770,27702
83	(S)-(3,4-dimethoxyphenyl)-[(1S)-6,7-dimethoxy-1,2,3,4-tetrahydroisoquinolin-1-yl]methanol	C20H25NO5	0	KLRIVPGGWAEQKR-UHFFFAOYSA-N	COc1cc(ccc1OC)C(C1NCCc2c1cc(OC)c(c2)OC)O	0		28651,28770,27702
90	Methanol	CH4O	0	OKKJLVBELUTLKV-UHFFFAOYSA-N	CO	0	C00132	17790
91	PUBCHEM135449424|1-[(3,4-dimethoxyphenyl)methyl]-7-methoxy-6-isoquinolinol|1-[(3,4-dimethoxyphenyl)methyl]-7-methoxy-isoquinolin-6-ol	C19H19NO4	0	BFMUDRSIIFRJOG-UHFFFAOYSA-N	COc1cc(ccc1OC)Cc1nccc2c1cc(OC)c(c2)O	0		17790
92	Palaudine|1-(3-Hydroxy-4-methoxybenzyl)-6,7-dimethoxyisoquinoline|5-[(6,7-dimethoxyisoquinolin-1-yl)methyl]-2-methoxyphenol|5-[(6,7-dimethoxyisoquinolin-1-yl)methyl]-2-methoxyphenol</traditional_iupac>	C19H19NO4	0	MTJSWIPYMFUEPW-UHFFFAOYSA-N	COc1ccc(cc1O)Cc1nccc2c1cc(OC)c(c2)OC	0		17790
93	4-[(6,7-dimethoxy-1-isoquinolyl)methyl]-2-methoxy-phenol|4-[(6,7-dimethoxy-1-isoquinolinyl)methyl]-2-methoxyphenol	C19H19NO4	0	NKHOXTRNHKKYSU-UHFFFAOYSA-N	COc1cc2c(nccc2cc1OC)Cc1ccc(c(c1)OC)O	0		17790
94	1-[(3,4-dimethoxyphenyl)methyl]-6-methoxy-1,2,3,4-tetrahydroisoquinolin-7-ol	C19H23NO4	0	YUUVQMNYXHZRSK-UHFFFAOYSA-N	COc1cc2CCNC(c2cc1O)Cc1ccc(c(c1)OC)OC	0		17790
95	1-[(3,4-dimethoxyphenyl)methyl]-7-methoxy-1,2,3,4-tetrahydroisoquinolin-6-ol	C19H23NO4	0	CXHAJJHPKBGSJS-UHFFFAOYSA-N	COc1cc(ccc1OC)CC1NCCc2c1cc(OC)c(c2)O	0		17790
96	(S)-norlaudanine|(PUBCHEM "90657949" NIL |kothari| 3641818092 NIL NIL)	C19H23NO4	0	FUTZESSLBXJDFG-UHFFFAOYSA-N	COc1cc2C(NCCc2cc1OC)Cc1ccc(c(c1)OC)O	0		17790
97	1-[(3-hydroxy-4-methoxyphenyl)methyl]-7-methoxy-1,2,3,4-tetrahydroisoquinolin-6-ol|1-[(3-hydroxy-4-methoxy-phenyl)methyl]-7-methoxy-1,2,3,4-tetrahydroisoquinolin-6-ol	C18H21NO4	0	IZAGEUPZVNIFBT-UHFFFAOYSA-N	COc1ccc(cc1O)CC1NCCc2c1cc(OC)c(c2)O	0		17790
98	1-[(3-hydroxy-4-methoxyphenyl)methyl]-1,2,3,4-tetrahydroisoquinoline-6,7-diol|1-[(3-hydroxy-4-methoxy-phenyl)methyl]-1,2,3,4-tetrahydroisoquinoline-6,7-diol	C17H19NO4	0	MGQLHNKARZOXFH-UHFFFAOYSA-N	COc1ccc(cc1O)CC1NCCc2c1cc(O)c(c2)O	0		17790
103	1-[(3,4-dimethoxyphenyl)methyl]-6,7-dimethoxy-3,4-dihydroisoquinoline	C20H23NO4	0	UCJDFFOXXPPGLJ-UHFFFAOYSA-N	COc1cc(ccc1OC)CC1=NCCc2c1cc(OC)c(c2)OC	0		17790
104	(1E)-1-[(3,4-dimethoxyphenyl)methylene]-6,7-dimethoxy-3,4-dihydro-2H-isoquinoline|(1E)-1-[(3,4-dimethoxyphenyl)methylidene]-6,7-dimethoxy-3,4-dihydro-2H-isoquinoline	C20H23NO4	0	MMNJYNVJPBYWIJ-UHFFFAOYSA-N	COc1cc(ccc1OC)C=C1NCCc2c1cc(OC)c(c2)OC	0		17790
105	dihydropapaverine|(PUBCHEM "90658894" NIL |kothari| 3641818092 NIL NIL)	C20H23NO4	0	BWRURUOKCJLFSV-UHFFFAOYSA-N	COc1cc(ccc1OC)CC1NC=Cc2c1cc(OC)c(c2)OC	0		17790
107	5-[(6,7-dimethoxy-3,4-dihydroisoquinolin-1-yl)methyl]-2-methoxyphenol|5-[(6,7-dimethoxy-3,4-dihydroisoquinolin-1-yl)methyl]-2-methoxy-phenol	C19H21NO4	0	AJABGMAHVMUQNG-UHFFFAOYSA-N	COc1ccc(cc1O)CC1=NCCc2c1cc(OC)c(c2)OC	0		17790
108	1-[(3-hydroxy-4-methoxyphenyl)methyl]-6-methoxy-3,4-dihydroisoquinolin-7-ol|1-[(3-hydroxy-4-methoxy-phenyl)methyl]-6-methoxy-3,4-dihydroisoquinolin-7-ol	C18H19NO4	0	QBKHZIPQAFQYOE-UHFFFAOYSA-N	COc1ccc(cc1O)CC1=NCCc2c1cc(O)c(c2)OC	0		17790
109	1-[(4-hydroxyphenyl)methyl]-6-methoxy-3,4-dihydroisoquinolin-7-ol	C17H17NO3	0	VBTSVTGGLWQFQP-UHFFFAOYSA-N	COc1cc2CCN=C(c2cc1O)Cc1ccc(cc1)O	0		17790
113	1-[(4-hydroxyphenyl)methyl]-2-methyl-3,4-dihydro-1H-isoquinoline-6,7-diol	C17H19NO3	0	IIOUIJTYVIHHEI-UHFFFAOYSA-N	Oc1ccc(cc1)CC1N(C)CCc2c1cc(O)c(c2)O	0		17790
114	1-[(4-hydroxyphenyl)methyl]-7-methoxy-1,2,3,4-tetrahydroisoquinolin-6-ol	C17H19NO3	0	HDQFMSLXNCGZDJ-UHFFFAOYSA-N	COc1cc2C(NCCc2cc1O)Cc1ccc(cc1)O	0		17790
115	(1S)-1-[(4-methoxyphenyl)methyl]-1,2,3,4-tetrahydroisoquinoline-6,7-diol	C17H19NO3	0	FWQAUIPLDHTNCB-UHFFFAOYSA-N	COc1ccc(cc1)CC1NCCc2c1cc(O)c(c2)O	0		17790
116	Laudanosine	C21H27NO4	0	KGPAYJZAMGEDIQ-UHFFFAOYSA-N	COc1cc(ccc1OC)CC1N(C)CCc2c1cc(OC)c(c2)OC	0	C09558	6389
118	(-)-Laudanidine	C20H25NO4	0	MPYHGNAJOKCMAQ-UHFFFAOYSA-N	COc1ccc(cc1O)CC1N(C)CCc2c1cc(OC)c(c2)OC	0	C09555	76105,76103
119	(S)-Reticuline	C19H23NO4	0	BHLYRWXGMIUIHG-UHFFFAOYSA-N	COc1ccc(cc1O)CC1N(C)CCc2c1cc(O)c(c2)OC	0	C02105	16718,17428,26533
121	3'-Hydroxy-N-methyl-(S)-coclaurine	C18H21NO4	0	DAUPWJBRVZCBQB-UHFFFAOYSA-N	COc1cc2CCN(C(c2cc1O)Cc1ccc(c(c1)O)O)C	0	C05202	17079
123	Nororientaline	C18H21NO4	0	WQTCGADWPORGNB-UHFFFAOYSA-N	COc1cc2CCNC(c2cc1O)Cc1ccc(c(c1)OC)O	0	C05317	17048,28594
125	(S)-N-Methylcoclaurine	C18H21NO3	0	BOKVLBSSPUTWLV-UHFFFAOYSA-N	COc1cc2CCN(C(c2cc1O)Cc1ccc(cc1)O)C	0	C05176	17041,16387
126	4-[(6,7-dimethoxy-1,2,3,4-tetrahydroisoquinolin-1-yl)methyl]phenol	C18H21NO3	0	NKBBUUNAVOMVER-UHFFFAOYSA-N	COc1cc2C(NCCc2cc1OC)Cc1ccc(cc1)O	0		17041,16387
128	1-[(3,4-dimethoxyphenyl)methyl]-6,7-dimethoxy-2-methylisoquinolin-2-ium|1-[(3,4-dimethoxyphenyl)methyl]-6,7-dimethoxy-2-methyl-isoquinolin-2-ium	C21H24NO4	1	GLAAELKYFVHNPM-UHFFFAOYSA-N	COc1ccc(cc1OC)Cc1[n+](C)ccc2c1cc(OC)c(c2)OC	0		17041,16387
141	(1S)-1-[(3,4-dimethoxyphenyl)methyl]-6,7-dimethoxy-3,4-dihydro-1H-isoquinoline-2-carbaldehyde|(1S)-1-[(3,4-dimethoxyphenyl)methyl]-6,7-dimethoxy-3,4-dihydro-1H-isoquinoline-2-carboxaldehyde	C21H25NO5	0	UFUAVFDPXUVIHH-UHFFFAOYSA-N	O=CN1CCc2c(C1Cc1ccc(c(c1)OC)OC)cc(c(c2)OC)OC	0		17041,16387
142	7-hydroxy-1-[(3-hydroxy-4-methoxy-phenyl)methyl]-6-methoxy-3,4-dihydro-1H-isoquinoline-2-carbaldehyde|7-hydroxy-1-[(3-hydroxy-4-methoxyphenyl)methyl]-6-methoxy-3,4-dihydro-1H-isoquinoline-2-carboxaldehyde	C19H21NO5	0	QYKLIFNJBMPXQU-UHFFFAOYSA-N	O=CN1CCc2c(C1Cc1ccc(c(c1)O)OC)cc(c(c2)OC)O	0		17041,16387
212	7-methoxy-1-[(4-methoxyphenyl)methyl]-1,2,3,4-tetrahydroisoquinolin-6-ol	C18H21NO3	0	HIMHLENXDBHLCU-UHFFFAOYSA-N	COc1ccc(cc1)CC1NCCc2c1cc(OC)c(c2)O	0		17041,16387
213	6,7-dimethoxy-1-[(4-methoxyphenyl)methyl]-3,4-dihydroisoquinoline	C19H21NO3	0	CXBLBVLSNALLKJ-UHFFFAOYSA-N	COc1ccc(cc1)CC1=NCCc2c1cc(OC)c(c2)OC	0		17041,16387
214	(+)-O-Methylarmepavine|6,7-dimethoxy-1-[(4-methoxyphenyl)methyl]-2-methyl-1,2,3,4-tetrahydroisoquinoline|6,7-dimethoxy-1-[(4-methoxyphenyl)methyl]-2-methyl-3,4-dihydro-1H-isoquinoline</traditional_iupac>	C20H25NO3	0	LZJWNVLTWYMMDJ-UHFFFAOYSA-N	COc1ccc(cc1)CC1N(C)CCc2c1cc(OC)c(c2)OC	0		17041,16387
223	(1R)-6-methoxy-1-[(4-methoxyphenyl)methyl]-2-methyl-3,4-dihydro-1H-isoquinolin-7-ol	C19H23NO3	0	DLDZDBDYUZLISX-UHFFFAOYSA-N	COc1ccc(cc1)CC1N(C)CCc2c1cc(O)c(c2)OC	0		17041,16387
258	1-[(3,4-dihydroxyphenyl)methyl]-1,2,3,4-tetrahydroisoquinoline-4,6,7-triol	C16H17NO5	0	VFVFBMFZRFHZRD-UHFFFAOYSA-N	OC1CNC(c2c1cc(O)c(c2)O)Cc1ccc(c(c1)O)O	0		17041,16387
259	Laudanosoline	C17H19NO4	0	VHRSWCTVFBWHKE-UHFFFAOYSA-N	CN1CCc2c(C1Cc1ccc(c(c1)O)O)cc(c(c2)O)O	0	C12327	31764
260	4-[(6-hydroxy-7-methoxy-1,2,3,4-tetrahydroisoquinolin-1-yl)methyl]benzene-1,2-diol	C17H19NO4	0	PXMMBMTVLFCPQZ-UHFFFAOYSA-N	COc1cc2C(NCCc2cc1O)Cc1ccc(c(c1)O)O	0		31764
262	1-[(4-hydroxy-3-methoxyphenyl)methyl]-1,2,3,4-tetrahydroisoquinoline-6,7-diol|1-[(4-hydroxy-3-methoxy-phenyl)methyl]-1,2,3,4-tetrahydroisoquinoline-6,7-diol	C17H19NO4	0	GOIJDLAWUUTOIP-UHFFFAOYSA-N	COc1cc(ccc1O)CC1NCCc2c1cc(O)c(c2)O	0		31764
302	PUBCHEM136748366|1-[(3-hydroxy-4-methoxyphenyl)methyl]-7-methoxy-6-isoquinolinol|1-[(3-hydroxy-4-methoxy-phenyl)methyl]-7-methoxy-isoquinolin-6-ol	C18H17NO4	0	YDAFNVFYSIFVND-UHFFFAOYSA-N	COc1ccc(cc1O)Cc1nccc2c1cc(OC)c(c2)O	0		31764
303	PUBCHEM136219917|1-[(4-hydroxy-3-methoxyphenyl)methyl]-7-methoxy-6-isoquinolinol|1-[(4-hydroxy-3-methoxy-phenyl)methyl]-7-methoxy-isoquinolin-6-ol	C18H17NO4	0	SSLURVVRTRZFQY-UHFFFAOYSA-N	COc1cc(ccc1O)Cc1nccc2c1cc(OC)c(c2)O	0		31764
307	1-[(3-hydroxy-4-methoxyphenyl)methyl]-6-methoxy-7-isoquinolinol|1-[(3-hydroxy-4-methoxy-phenyl)methyl]-6-methoxy-isoquinolin-7-ol	C18H17NO4	0	NUJCRHAXQLFIQW-UHFFFAOYSA-N	COc1ccc(cc1O)Cc1nccc2c1cc(O)c(c2)OC	0		31764
308	4-[(6,7-dimethoxy-1-isoquinolyl)methyl]benzene-1,2-diol|4-[(6,7-dimethoxy-1-isoquinolinyl)methyl]benzene-1,2-diol	C18H17NO4	0	YMRONPDYRLPBFN-UHFFFAOYSA-N	COc1cc2c(nccc2cc1OC)Cc1ccc(c(c1)O)O	0		31764
312	4-[(6,7-dimethoxy-3,4-dihydroisoquinolin-1-yl)methyl]-2-methoxyphenol|4-[(6,7-dimethoxy-3,4-dihydroisoquinolin-1-yl)methyl]-2-methoxy-phenol	C19H21NO4	0	IBURTUFMECKBEQ-UHFFFAOYSA-N	COc1cc2C(=NCCc2cc1OC)Cc1ccc(c(c1)OC)O	0		31764
314	1-[(3,4-dimethoxyphenyl)methyl]-1,2,3,4-tetrahydroisoquinoline-6,7-diol	C18H21NO4	0	GWCFOZUNGBECRW-UHFFFAOYSA-N	COc1cc(ccc1OC)CC1NCCc2c1cc(O)c(c2)O	0		31764
316	Codamine|DL-codamine|(+)-Codamine|(S)-Codamine|(.+-.)-Codamine|codamine</traditional_iupac>|1-[(3,4-dimethoxyphenyl)methyl]-6-methoxy-2-methyl-1,2,3,4-tetrahydroisoquinolin-7-ol	C20H25NO4	0	OKORHWXYDBSYNO-UHFFFAOYSA-N	COc1cc2CCN(C(c2cc1O)Cc1ccc(c(c1)OC)OC)C	0		31764
317	1-[(3,4-dimethoxyphenyl)methyl]-7-hydroxy-6-methoxy-3,4-dihydro-1H-isoquinoline-2-carbaldehyde|1-[(3,4-dimethoxyphenyl)methyl]-7-hydroxy-6-methoxy-3,4-dihydro-1H-isoquinoline-2-carboxaldehyde	C20H23NO5	0	VNLKMLHINMKNRJ-UHFFFAOYSA-N	O=CN1CCc2c(C1Cc1ccc(c(c1)OC)OC)cc(c(c2)OC)O	0		31764
319	1-[(3,4-dimethoxyphenyl)methyl]-7-methoxy-2-methyl-3,4-dihydro-1H-isoquinolin-6-ol	C20H25NO4	0	MOHQPHOGSYSNPJ-UHFFFAOYSA-N	COc1cc(ccc1OC)CC1N(C)CCc2c1cc(OC)c(c2)O	0		31764
320	1-[(3,4-dimethoxyphenyl)methyl]-6-hydroxy-7-methoxy-3,4-dihydro-1H-isoquinoline-2-carbaldehyde|1-[(3,4-dimethoxyphenyl)methyl]-6-hydroxy-7-methoxy-3,4-dihydro-1H-isoquinoline-2-carboxaldehyde	C20H23NO5	0	ALPSULYUTPAJPO-UHFFFAOYSA-N	O=CN1CCc2c(C1Cc1ccc(c(c1)OC)OC)cc(c(c2)O)OC	0		31764
322	4-[(6,7-dimethoxy-2-methyl-3,4-dihydro-1H-isoquinolin-1-yl)methyl]-2-methoxyphenol|4-[(6,7-dimethoxy-2-methyl-3,4-dihydro-1H-isoquinolin-1-yl)methyl]-2-methoxy-phenol	C20H25NO4	0	SSBPHQDXIDTEDU-UHFFFAOYSA-N	COc1cc2c(cc1OC)CCN(C2Cc1ccc(c(c1)OC)O)C	0		31764
324	(1S)-1-[(3-hydroxy-4-methoxyphenyl)methyl]-7-methoxy-2-methyl-3,4-dihydro-1H-isoquinolin-6-ol|(1S)-1-[(3-hydroxy-4-methoxy-phenyl)methyl]-7-methoxy-2-methyl-3,4-dihydro-1H-isoquinolin-6-ol	C19H23NO4	0	HZRFPHXHCRIHFX-UHFFFAOYSA-N	COc1ccc(cc1O)CC1N(C)CCc2c1cc(OC)c(c2)O	0		31764
329	1-[(3-hydroxy-4-methoxyphenyl)methyl]-2-methyl-3,4-dihydro-1H-isoquinoline-6,7-diol|1-[(3-hydroxy-4-methoxy-phenyl)methyl]-2-methyl-3,4-dihydro-1H-isoquinoline-6,7-diol	C18H21NO4	0	HNZXQEFQDFGSPN-UHFFFAOYSA-N	COc1ccc(cc1O)CC1N(C)CCc2c1cc(O)c(c2)O	0		31764
341	1-[(3,4-dimethoxyphenyl)methyl]-6,7-dimethoxy-2-methyl-3,4-dihydroisoquinolin-2-ium	C21H26NO4	1	PLKJOOZHDCZCGL-UHFFFAOYSA-N	COc1cc(ccc1OC)CC1=[N+](C)CCc2c1cc(OC)c(c2)OC	0		31764
350	1-[(3,4-dimethoxyphenyl)methyl]-6,7-dimethoxy-2-methyl-1H-isoquinoline	C21H25NO4	0	JTPHLUJGSNTOFP-UHFFFAOYSA-N	COc1cc(ccc1OC)CC1N(C)C=Cc2c1cc(OC)c(c2)OC	0		31764
351	1-[(3,4-dimethoxyphenyl)methyl]-6,7-dimethoxy-1H-isoquinoline-2-carbaldehyde|1-[(3,4-dimethoxyphenyl)methyl]-6,7-dimethoxy-1H-isoquinoline-2-carboxaldehyde	C21H23NO5	0	ARGDLVHDRUFOGT-UHFFFAOYSA-N	O=CN1C=Cc2c(C1Cc1ccc(c(c1)OC)OC)cc(c(c2)OC)OC	0		31764
357	4-[(6,7-dimethoxy-3,4-dihydroisoquinolin-1-yl)methyl]phenol	C18H19NO3	0	GPQZPNPTKHRCDM-UHFFFAOYSA-N	COc1cc2C(=NCCc2cc1OC)Cc1ccc(cc1)O	0		31764
370	1-[(4-hydroxyphenyl)methyl]-7-methoxy-2-methyl-3,4-dihydro-1H-isoquinolin-6-ol	C18H21NO3	0	HTSOYRHMEMWMRT-UHFFFAOYSA-N	COc1cc2c(cc1O)CCN(C2Cc1ccc(cc1)O)C	0		31764
371	(1R)-1-[(4-methoxyphenyl)methyl]-2-methyl-3,4-dihydro-1H-isoquinoline-6,7-diol	C18H21NO3	0	JTJGGGGXMKPXAA-UHFFFAOYSA-N	COc1ccc(cc1)CC1N(C)CCc2c1cc(O)c(c2)O	0		31764
400	(1S)-1-[(4-hydroxy-3-methoxyphenyl)methyl]-6-methoxy-2-methyl-3,4-dihydro-1H-isoquinolin-7-ol|(1S)-1-[(4-hydroxy-3-methoxy-phenyl)methyl]-6-methoxy-2-methyl-3,4-dihydro-1H-isoquinolin-7-ol	C19H23NO4	0	RUPUUZZJJXCDHS-UHFFFAOYSA-N	COc1cc2CCN(C(c2cc1O)Cc1ccc(c(c1)OC)O)C	0		31764
415	Armepavine	C19H23NO3	0	ZBKFZIUKXTWQTP-UHFFFAOYSA-N	COc1cc2c(cc1OC)CCN(C2Cc1ccc(cc1)O)C	0	C09342	2826
