P_PR_UID	P_PR_REACTIONS	P_PR_ORIGIN	P_PR_TARGET	P_PR_INTERMEDIATES	P_PR_BOUNDARY	P_RF_PUBMED	P_MT_SCORE	P_MT_MAXYIELD	P_MT_LENGTH	P_MT_FEASIBILITY
Z3914.1_Meta-I:2100	RXN-I:15545 | RXN-I:1046 | RXN-I:4458 | RXN-I:25536 | RXN-I:14335	Meta-I:12609	Meta-I:2100	Meta-I:42694 | Meta-I:18308 | Meta-I:4582 | Meta-I:2013	Meta-I:33695 | Meta-I:40733 | Meta-I:35208 | Meta-I:12609 | Meta-I:12273 | Meta-I:1752 | Meta-I:40688 | Meta-I:40690 | Meta-I:42676 | Meta-I:8501 | Meta-I:39678 | Meta-I:757 | Meta-I:40771				5	
Z3914.2_Meta-I:2100	RXN-I:15545 | RXN-I:1046 | RXN-I:14434 | RXN-I:25536 | RXN-I:14335	Meta-I:12609	Meta-I:2100	Meta-I:42694 | Meta-I:18308 | Meta-I:4582 | Meta-I:2013	Meta-I:33695 | Meta-I:40733 | Meta-I:35208 | Meta-I:12609 | Meta-I:12273 | Meta-I:1752 | Meta-I:40688 | Meta-I:40690 | Meta-I:39678 | Meta-I:8501 | Meta-I:757 | Meta-I:40771				5	
Z839.1_Meta-I:2100	RXN-I:15545 | RXN-I:1046 | RXN-I:26767 | RXN-I:10859 | RXN-I:33779 | RXN-I:25536 | RXN-I:14335	Meta-I:12609	Meta-I:2100	Meta-I:42694 | Meta-I:18308 | Meta-I:5798 | Meta-I:31559 | Meta-I:4582 | Meta-I:2013	Meta-I:33695 | Meta-I:40733 | Meta-I:35208 | Meta-I:12609 | Meta-I:12273 | Meta-I:1752 | Meta-I:40688 | Meta-I:40690 | Meta-I:757 | Meta-I:40771 | Meta-I:39678 | Meta-I:8501				7	
Z3914.3_Meta-I:2100	RXN-I:15545 | RXN-I:1046 | RXN-I:18026 | RXN-I:25536 | RXN-I:14335	Meta-I:12609	Meta-I:2100	Meta-I:42694 | Meta-I:18308 | Meta-I:4582 | Meta-I:2013	Meta-I:33695 | Meta-I:40733 | Meta-I:35208 | Meta-I:12609 | Meta-I:12273 | Meta-I:1752 | Meta-I:40688 | Meta-I:40690 | Meta-I:40685 | Meta-I:40686 | Meta-I:39678 | Meta-I:8501 | Meta-I:757 | Meta-I:40771				5	
