R_PR_UID	R_PR_STOICH	R_PR_EC	R_PR_GIBBS	R_RF_PUBMED	R_XR_METACYC	R_XR_SEED	R_XR_KEGG	R_XR_BIGG	R_XR_METANETX	R_MT_ERROR	enumeration.map.ftof.reactions	enumeration.map.ftoz.reactions
RXN-I:31905	 + 1.0 * Meta-I:39678 + 1.0 * Meta-I:1752 + 1.0 * Meta-I:42676 + 1.0 * Meta-I:49871 ==> 1.0 * Meta-I:52041 + 1.0 * Meta-I:5852 + 1.0 * Meta-I:41479 + 1.0 * Meta-I:8501				RXN-8990	rxn25282	R11918		MNXR122572		RXN-I:31905	RXN-I:31905
RXN-I:32248	 + 1.0 * Meta-I:41479 + 1.0 * Meta-I:40688 + 1.0 * Meta-I:42676 <=> 2.0 * Meta-I:1752 + 1.0 * Meta-I:18337 + 1.0 * Meta-I:40690					rxn01841	R02537	ALDD19x_P | r0548	MNXR141949 | MNXR95742		RXN-I:32248,RXN-I:146	RZ_58
RXN-I:19379	 + 1.0 * Meta-I:36885 + 1.0 * Meta-I:42676 <=> 1.0 * Meta-I:18337 + 1.0 * Meta-I:12273				RXN0-7104	rxn16681	R09840	PACOAT | PHACTE	MNXR102614		RXN-I:13694,RXN-I:19379	RZ_73
RXN-I:28895	 + 1.0 * Meta-I:36885 + 2.0 * Meta-I:19655 + 1.0 * Meta-I:1752 + 1.0 * Meta-I:42676 <=> 2.0 * Meta-I:34918 + 1.0 * Meta-I:27286					rxn35637					RXN-I:19924,RXN-I:28895,RXN-I:34642,RXN-I:16506,RXN-I:29904,RXN-I:4939,RXN-I:29035	RZ_86
RXN-I:7236	 + 1.0 * Meta-I:42676 + 1.0 * Meta-I:27286 ==> 1.0 * Meta-I:37359 + 1.0 * Meta-I:12273				3.1.2.25-RXN	rxn05047	R07294		MNXR110969		RXN-I:7236	RXN-I:7236
RXN-I:11579	 + 1.0 * Meta-I:37359 + 1.0 * Meta-I:40686 + 1.0 * Meta-I:12273 ==> 1.0 * Meta-I:17163 + 1.0 * Meta-I:5852 + 1.0 * Meta-I:40685				1.2.1.58-RXN	rxn01772	R02450		MNXR107514		RXN-I:11579	RXN-I:11579
RXN-I:35229	 + 1.0 * Meta-I:17163 + 1.0 * Meta-I:39859 ==> 1.0 * Meta-I:51259 + 1.0 * Meta-I:12273				GLYCINE-N-BENZOYLTRANSFERASE-RXN	rxn01773	R02452	BGLYFm	MNXR107516 | MNXR139111		RXN-I:35229	RXN-I:35229
RXN-I:18324	 + 1.0 * Meta-I:51259 + 1.0 * Meta-I:42676 ==> 1.0 * Meta-I:51967 + 1.0 * Meta-I:39859				HIPPURATE-HYDROLASE-RXN	rxn01037	R01424	NBAH	MNXR139045 | MNXR101917		RXN-I:18324	RXN-I:18324
RXN-I:11904	 + 1.0 * Meta-I:51967 ==> 1.0 * Meta-I:48514					rxn01040	R01427		MNXR106987		RXN-I:11904	RXN-I:11904
RXN-I:33792	 + 1.0 * Meta-I:48514 + 1.0 * Meta-I:40736 <=> 1.0 * Meta-I:33045				RXN-14940		R10597		MNXR113924		RXN-I:33792	RXN-I:33792
RXN-I:26797	 + 1.0 * Meta-I:33045 ==> 1.0 * Meta-I:36855				CHORISMATEMUT-RXN	rxn33299 | rxn19309 | rxn01256	R01715	CHRM | CHORM	MNXR96708		RXN-I:26797	RXN-I:26797
RXN-I:29964	 + 1.0 * Meta-I:36855 + 1.0 * Meta-I:40686 ==> 1.0 * Meta-I:5852 + 1.0 * Meta-I:40685 + 1.0 * Meta-I:48530				PREPHENATEDEHYDROG-RXN	rxn28086 | rxn01268 | rxn33078	R01728	PPOR_1 | PPND	MNXR103121		RXN-I:29964,RXN-I:25401	RZ_109
RXN-I:27532	 + 1.0 * Meta-I:17262 + 1.0 * Meta-I:48530 <=> 1.0 * Meta-I:42081 + 1.0 * Meta-I:40489					rxn11207		aratyr2	MNXR136558		RXN-I:27532,RXN-I:33825,RXN-I:4259,RXN-I:8506,RXN-I:26281,RXN-I:33015,RXN-I:10473,RXN-I:7025	RZ_99
RXN-I:35781	 + 1.0 * Meta-I:1752 + 1.0 * Meta-I:40489 ==> 1.0 * Meta-I:5852 + 1.0 * Meta-I:2473				TYROSINE-DECARBOXYLASE-RXN	rxn00529 | rxn31401	R00736	TYRCBOX	MNXR104990		RXN-I:35781	RXN-I:35781
RXN-I:27979	 + 1.0 * Meta-I:47941 + 1.0 * Meta-I:39678 + 1.0 * Meta-I:1752 + 1.0 * Meta-I:40690 <=> 1.0 * Meta-I:40688 + 1.0 * Meta-I:42676 + 1.0 * Meta-I:2473							TYMc			RXN-I:27979	RXN-I:27979
RXN-I:146	 + 1.0 * Meta-I:41479 + 1.0 * Meta-I:42676 + 1.0 * Meta-I:40686 <=> 1.0 * Meta-I:1752 + 1.0 * Meta-I:18337 + 1.0 * Meta-I:40685				PHENDEHYD-RXN	rxn01840 | rxn20533 | rxn29989	R02536	r0546 | ALDD19xr	MNXR95743 | MNXR141948		RXN-I:32248,RXN-I:146	RZ_58
RXN-I:13694	 + 1.0 * Meta-I:33695 + 1.0 * Meta-I:18337 + 1.0 * Meta-I:12273 <=> 1.0 * Meta-I:36885 + 1.0 * Meta-I:40733 + 1.0 * Meta-I:35208				RXN-10819	rxn30045 | rxn01842	R02539	PACCOAL | PACCOALm	MNXR102315 | MNXR141950		RXN-I:13694,RXN-I:19379	RZ_73
RXN-I:19924	 + 1.0 * Meta-I:36885 + 1.0 * Meta-I:1752 + 2.0 * Meta-I:43636 + 1.0 * Meta-I:42676 <=> 2.0 * Meta-I:20695 + 1.0 * Meta-I:27286					rxn35640					RXN-I:19924,RXN-I:28895,RXN-I:34642,RXN-I:16506,RXN-I:29904,RXN-I:4939,RXN-I:29035	RZ_86
RXN-I:34642	 + 1.0 * Meta-I:36885 + 1.0 * Meta-I:42676 + 2.0 * Meta-I:37829 <=> 2.0 * Meta-I:41074 + 1.0 * Meta-I:27286					rxn04999			MNXR134786		RXN-I:19924,RXN-I:28895,RXN-I:34642,RXN-I:16506,RXN-I:29904,RXN-I:4939,RXN-I:29035	RZ_86
RXN-I:24521	 + 1.0 * Meta-I:49871 ==> 1.0 * Meta-I:52041 + 1.0 * Meta-I:22678				PHENYLALANINE-AMMONIA-LYASE-RXN	rxn32187 | rxn32185 | rxn32193 | rxn00495 | rxn30552 | rxn32189	R00697		MNXR106649		RXN-I:24521	RXN-I:24521
RXN-I:6584	 + 1.0 * Meta-I:22678 + 1.0 * Meta-I:40686 + 2.0 * Meta-I:42676 ==> 1.0 * Meta-I:51967 + 1.0 * Meta-I:1752 + 1.0 * Meta-I:40685 + 1.0 * Meta-I:40186				RXN-9336	rxn31419 | rxn01039	R01426		MNXR106986		RXN-I:6584	RXN-I:6584
RXN-I:8506	 + 1.0 * Meta-I:40489 + 1.0 * Meta-I:40686 + 1.0 * Meta-I:42676 <=> 1.0 * Meta-I:52041 + 1.0 * Meta-I:1752 + 1.0 * Meta-I:40685 + 1.0 * Meta-I:48530					rxn16671	R09830		MNXR113232		RXN-I:27532,RXN-I:33825,RXN-I:4259,RXN-I:8506,RXN-I:26281,RXN-I:33015,RXN-I:10473,RXN-I:7025	RZ_99
RXN-I:3491	 + 1.0 * Meta-I:39678 + 1.0 * Meta-I:40489 ==> 1.0 * Meta-I:16416					rxn24119					RXN-I:27730,RXN-I:11075,RXN-I:3491,RXN-I:14963,RXN-I:21425,RXN-I:2928,RXN-I:24553,RXN-I:20472	RZ_23
RXN-I:9970	 + 1.0 * Meta-I:16416 ==> 1.0 * Meta-I:5852 + 1.0 * Meta-I:6316				RXN66-221	rxn01499	R02080	3HLYTCL	MNXR94896 | MNXR107302		RXN-I:9970	RXN-I:9970
RXN-I:12421	 + 1.0 * Meta-I:6316 + 1.0 * Meta-I:40686 + 1.0 * Meta-I:42676 <=> 1.0 * Meta-I:37645 + 1.0 * Meta-I:39678 + 1.0 * Meta-I:40685 + 1.0 * Meta-I:2473					rxn31661					RXN-I:12421,RXN-I:26506,RXN-I:32353,RXN-I:28361,RXN-I:2386	RZ_53
RXN-I:25401	 + 1.0 * Meta-I:40688 + 1.0 * Meta-I:36855 ==> 1.0 * Meta-I:5852 + 1.0 * Meta-I:40690 + 1.0 * Meta-I:48530				PREPHENATE-DEHYDROGENASE-NADP+-RXN	rxn31750 | rxn01269	R01730	PPND2	MNXR103122		RXN-I:29964,RXN-I:25401	RZ_109
RXN-I:4259	 + 1.0 * Meta-I:39859 + 1.0 * Meta-I:48530 <=> 1.0 * Meta-I:40489 + 1.0 * Meta-I:40134								MNXR132486		RXN-I:27532,RXN-I:33825,RXN-I:4259,RXN-I:8506,RXN-I:26281,RXN-I:33015,RXN-I:10473,RXN-I:7025	RZ_99
RXN-I:7025	 + 1.0 * Meta-I:39678 + 1.0 * Meta-I:40489 + 1.0 * Meta-I:42676 <=> 1.0 * Meta-I:52041 + 1.0 * Meta-I:8501 + 1.0 * Meta-I:48530				RXN-12487	rxn00522 | rxn38890	R00729	TYROX	MNXR104995		RXN-I:27532,RXN-I:33825,RXN-I:4259,RXN-I:8506,RXN-I:26281,RXN-I:33015,RXN-I:10473,RXN-I:7025	RZ_99
RXN-I:11075	 + 1.0 * Meta-I:31494 + 1.0 * Meta-I:39678 + 1.0 * Meta-I:40489 ==> 1.0 * Meta-I:40769 + 1.0 * Meta-I:16416 + 1.0 * Meta-I:1752 + 1.0 * Meta-I:42676				RXN-14990				MNXR119056		RXN-I:27730,RXN-I:11075,RXN-I:3491,RXN-I:14963,RXN-I:21425,RXN-I:2928,RXN-I:24553,RXN-I:20472	RZ_23
RXN-I:27730	 + 1.0 * Meta-I:46553 + 1.0 * Meta-I:39678 + 1.0 * Meta-I:40489 ==> 1.0 * Meta-I:16416 + 1.0 * Meta-I:42676 + 1.0 * Meta-I:42741					rxn01326	R01815	HMR_6728	MNXR141671 | MNXR139069		RXN-I:27730,RXN-I:11075,RXN-I:3491,RXN-I:14963,RXN-I:21425,RXN-I:2928,RXN-I:24553,RXN-I:20472	RZ_23
RXN-I:28361	 + 1.0 * Meta-I:2473 <=> 1.0 * Meta-I:6316				RXN-9978	rxn25956			MNXR123091		RXN-I:12421,RXN-I:26506,RXN-I:32353,RXN-I:28361,RXN-I:2386	RZ_53
RXN-I:10473	 + 1.0 * Meta-I:40935 + 1.0 * Meta-I:48530 <=> 1.0 * Meta-I:40489 + 1.0 * Meta-I:17126					rxn38908					RXN-I:27532,RXN-I:33825,RXN-I:4259,RXN-I:8506,RXN-I:26281,RXN-I:33015,RXN-I:10473,RXN-I:7025	RZ_99
RXN-I:33825	 + 1.0 * Meta-I:42703 + 1.0 * Meta-I:40489 <=> 1.0 * Meta-I:10422 + 1.0 * Meta-I:48530					rxn11206		aratyr1	MNXR136557		RXN-I:27532,RXN-I:33825,RXN-I:4259,RXN-I:8506,RXN-I:26281,RXN-I:33015,RXN-I:10473,RXN-I:7025	RZ_99
RXN-I:33015	 + 1.0 * Meta-I:40736 + 1.0 * Meta-I:40489 <=> 1.0 * Meta-I:24872 + 1.0 * Meta-I:48530				RXN3O-4157	rxn38670 | rxn16114	R09254		MNXR112689		RXN-I:27532,RXN-I:33825,RXN-I:4259,RXN-I:8506,RXN-I:26281,RXN-I:33015,RXN-I:10473,RXN-I:7025	RZ_99
RXN-I:26281	 + 1.0 * Meta-I:40489 + 1.0 * Meta-I:40729 <=> 1.0 * Meta-I:42953 + 1.0 * Meta-I:48530				TYROSINE-AMINOTRANSFERASE-RXN	rxn00527 | rxn37937 | rxn30444 | rxn30445 | rxn27524	R00734	TYRTAip | TYRTAim | TYRTAi | TYRTAh | TYRTA	MNXR105000		RXN-I:27532,RXN-I:33825,RXN-I:4259,RXN-I:8506,RXN-I:26281,RXN-I:33015,RXN-I:10473,RXN-I:7025	RZ_99
RXN-I:4939	 + 1.0 * Meta-I:36885 + 1.0 * Meta-I:42676 + 2.0 * Meta-I:9025 <=> 2.0 * Meta-I:41074 + 1.0 * Meta-I:1752 + 1.0 * Meta-I:27286					rxn35636					RXN-I:19924,RXN-I:28895,RXN-I:34642,RXN-I:16506,RXN-I:29904,RXN-I:4939,RXN-I:29035	RZ_86
RXN-I:29904	 + 1.0 * Meta-I:36885 + 1.0 * Meta-I:42676 + 2.0 * Meta-I:1791 <=> 2.0 * Meta-I:6131 + 1.0 * Meta-I:27286								MNXR125840		RXN-I:19924,RXN-I:28895,RXN-I:34642,RXN-I:16506,RXN-I:29904,RXN-I:4939,RXN-I:29035	RZ_86
RXN-I:16506	 + 1.0 * Meta-I:36885 + 1.0 * Meta-I:1752 + 2.0 * Meta-I:51354 + 1.0 * Meta-I:42676 <=> 2.0 * Meta-I:20723 + 1.0 * Meta-I:27286					rxn35641					RXN-I:19924,RXN-I:28895,RXN-I:34642,RXN-I:16506,RXN-I:29904,RXN-I:4939,RXN-I:29035	RZ_86
RXN-I:20472	 + 1.0 * Meta-I:39678 + 2.0 * Meta-I:1752 + 1.0 * Meta-I:40489 ==> 1.0 * Meta-I:16416 + 1.0 * Meta-I:42676					rxn00524	R00731	HMR_6729	MNXR106657		RXN-I:27730,RXN-I:11075,RXN-I:3491,RXN-I:14963,RXN-I:21425,RXN-I:2928,RXN-I:24553,RXN-I:20472	RZ_23
RXN-I:32353	 + 1.0 * Meta-I:39678 + 2.0 * Meta-I:1752 + 1.0 * Meta-I:2473 <=> 1.0 * Meta-I:6316 + 1.0 * Meta-I:42676								MNXR130692		RXN-I:12421,RXN-I:26506,RXN-I:32353,RXN-I:28361,RXN-I:2386	RZ_53
RXN-I:29035	 + 1.0 * Meta-I:36885 + 1.0 * Meta-I:1752 + 1.0 * Meta-I:42676 + 2.0 * Meta-I:8708 <=> 2.0 * Meta-I:51483 + 1.0 * Meta-I:27286					rxn35635					RXN-I:19924,RXN-I:28895,RXN-I:34642,RXN-I:16506,RXN-I:29904,RXN-I:4939,RXN-I:29035	RZ_86
RXN-I:24553	 + 1.0 * Meta-I:39678 + 2.0 * Meta-I:40489 ==> 2.0 * Meta-I:16416				RXN-5861	rxn00024	R00031	TYRDOPO	MNXR104991 | MNXR106346		RXN-I:27730,RXN-I:11075,RXN-I:3491,RXN-I:14963,RXN-I:21425,RXN-I:2928,RXN-I:24553,RXN-I:20472	RZ_23
RXN-I:32808	 + 1.0 * Meta-I:46553 + 1.0 * Meta-I:39678 + 1.0 * Meta-I:49871 ==> 1.0 * Meta-I:40489 + 1.0 * Meta-I:42676 + 1.0 * Meta-I:42741					rxn01315	R01795	PHETHPTOX	MNXR138702 | MNXR139066		RXN-I:18091,RXN-I:33503,RXN-I:19224,RXN-I:32808,RXN-I:11161	RZ_14
RXN-I:2928	 + 1.0 * Meta-I:46553 + 1.0 * Meta-I:39678 + 1.0 * Meta-I:40489 ==> 1.0 * Meta-I:16416 + 1.0 * Meta-I:14894					rxn04990	R07212		MNXR141023 | MNXR124081 | MNXR139509		RXN-I:27730,RXN-I:11075,RXN-I:3491,RXN-I:14963,RXN-I:21425,RXN-I:2928,RXN-I:24553,RXN-I:20472	RZ_23
RXN-I:4536	 + 1.0 * Meta-I:51967 + 1.0 * Meta-I:29051 <=> 1.0 * Meta-I:17163 + 1.0 * Meta-I:39867							SUCBZT1	MNXR104614		RXN-I:12397,RXN-I:4536,RXN-I:14656,RXN-I:20893	RZ_4
RXN-I:21425	 + 1.0 * Meta-I:46553 + 1.0 * Meta-I:39678 + 1.0 * Meta-I:40489 ==> 1.0 * Meta-I:16416 + 1.0 * Meta-I:13179					rxn27400					RXN-I:27730,RXN-I:11075,RXN-I:3491,RXN-I:14963,RXN-I:21425,RXN-I:2928,RXN-I:24553,RXN-I:20472	RZ_23
RXN-I:11161	 + 1.0 * Meta-I:39678 + 1.0 * Meta-I:20239 + 1.0 * Meta-I:49871 ==> 1.0 * Meta-I:40489 + 1.0 * Meta-I:14894				RXN66-569				MNXR140989		RXN-I:18091,RXN-I:33503,RXN-I:19224,RXN-I:32808,RXN-I:11161	RZ_14
RXN-I:18091	 + 1.0 * Meta-I:39678 + 1.0 * Meta-I:20239 + 1.0 * Meta-I:49871 ==> 1.0 * Meta-I:40489 + 1.0 * Meta-I:42676 + 1.0 * Meta-I:42741				RXN-14206						RXN-I:18091,RXN-I:33503,RXN-I:19224,RXN-I:32808,RXN-I:11161	RZ_14
RXN-I:33503	 + 1.0 * Meta-I:46553 + 1.0 * Meta-I:39678 + 1.0 * Meta-I:49871 ==> 1.0 * Meta-I:13179 + 1.0 * Meta-I:40489					rxn20538					RXN-I:18091,RXN-I:33503,RXN-I:19224,RXN-I:32808,RXN-I:11161	RZ_14
RXN-I:19224	 + 1.0 * Meta-I:46553 + 1.0 * Meta-I:39678 + 1.0 * Meta-I:49871 ==> 1.0 * Meta-I:40489 + 1.0 * Meta-I:14894					rxn04989	R07211		MNXR116124 | MNXR140128 | MNXR139508		RXN-I:18091,RXN-I:33503,RXN-I:19224,RXN-I:32808,RXN-I:11161	RZ_14
RXN-I:14963	 + 1.0 * Meta-I:39678 + 1.0 * Meta-I:40489 + 1.0 * Meta-I:20239 ==> 1.0 * Meta-I:16416 + 1.0 * Meta-I:14894				TYROSINE-3-MONOOXYGENASE-RXN						RXN-I:27730,RXN-I:11075,RXN-I:3491,RXN-I:14963,RXN-I:21425,RXN-I:2928,RXN-I:24553,RXN-I:20472	RZ_23
RXN-I:2386	 + 1.0 * Meta-I:39678 + 1.0 * Meta-I:1752 + 1.0 * Meta-I:40685 + 1.0 * Meta-I:2473 <=> 1.0 * Meta-I:6316 + 1.0 * Meta-I:40686 + 1.0 * Meta-I:42676					rxn01716	R02383		MNXR107479		RXN-I:12421,RXN-I:26506,RXN-I:32353,RXN-I:28361,RXN-I:2386	RZ_53
RXN-I:12397	 + 1.0 * Meta-I:51967 + 1.0 * Meta-I:33695 + 1.0 * Meta-I:12273 <=> 1.0 * Meta-I:17163 + 1.0 * Meta-I:40733 + 1.0 * Meta-I:35208				BENZOATE--COA-LIGASE-RXN	rxn01035	R01422	BCOALIG | BZCOAFm	MNXR96223		RXN-I:12397,RXN-I:4536,RXN-I:14656,RXN-I:20893	RZ_4
RXN-I:15653	 + 1.0 * Meta-I:42703 + 1.0 * Meta-I:49871 <=> 1.0 * Meta-I:10422 + 1.0 * Meta-I:6501					rxn11209		araphe1	MNXR142411		RXN-I:33517,RXN-I:15653,RXN-I:29613,RXN-I:22614,RXN-I:23921,RXN-I:8629,RXN-I:20253,RXN-I:23597,RXN-I:33241,RXN-I:11370,RXN-I:12471	RZ_50
RXN-I:23911	 + 1.0 * Meta-I:6501 + 1.0 * Meta-I:1752 ==> 1.0 * Meta-I:5852 + 1.0 * Meta-I:41479				PHENYLPYRUVATE-DECARBOXYLASE-RXN	rxn20539 | rxn01003	R01377	PPYRDC	MNXR125761 | MNXR138719		RXN-I:23911	RXN-I:23911
RXN-I:20893	 + 1.0 * Meta-I:17163 <=> 1.0 * Meta-I:51967 + 1.0 * Meta-I:12273					rxn30800					RXN-I:12397,RXN-I:4536,RXN-I:14656,RXN-I:20893	RZ_4
RXN-I:14656	 + 1.0 * Meta-I:17163 + 1.0 * Meta-I:42676 <=> 1.0 * Meta-I:51967 + 1.0 * Meta-I:1752 + 1.0 * Meta-I:12273				RXN-2005	rxn33321 | rxn33322 | rxn23759 | rxn23760			MNXR121609		RXN-I:12397,RXN-I:4536,RXN-I:14656,RXN-I:20893	RZ_4
RXN-I:26506	 + 1.0 * Meta-I:39678 + 1.0 * Meta-I:1752 + 1.0 * Meta-I:2473 + 1.0 * Meta-I:40690 <=> 1.0 * Meta-I:6316 + 1.0 * Meta-I:40688 + 1.0 * Meta-I:42676							DOPAc			RXN-I:12421,RXN-I:26506,RXN-I:32353,RXN-I:28361,RXN-I:2386	RZ_53
RXN-I:22614	 + 1.0 * Meta-I:52041 + 1.0 * Meta-I:6501 + 1.0 * Meta-I:1752 + 1.0 * Meta-I:40685 <=> 1.0 * Meta-I:42676 + 1.0 * Meta-I:40686 + 1.0 * Meta-I:49871				PHENYLALANINE-DEHYDROGENASE-RXN	rxn00487	R00688		MNXR126077 | MNXR138982		RXN-I:33517,RXN-I:15653,RXN-I:29613,RXN-I:22614,RXN-I:23921,RXN-I:8629,RXN-I:20253,RXN-I:23597,RXN-I:33241,RXN-I:11370,RXN-I:12471	RZ_50
RXN-I:19634	 + 1.0 * Meta-I:1752 + 1.0 * Meta-I:49871 ==> 1.0 * Meta-I:47941 + 1.0 * Meta-I:5852				PHENYLALANINE-DECARBOXYLASE-RXN	rxn00497	R00699	PHYCBOXL	MNXR102650		RXN-I:19634,RXN-I:9923,RXN-I:31475,RXN-I:25419,RXN-I:3740,RXN-I:6002,RXN-I:2133,RXN-I:27122	RZ_30
