M_PR_UID	M_PR_NAME	M_PR_FORMULA	M_PR_CHARGE	M_PR_INCHI	M_PR_SMILE-CAN-OB	M_PR_COFACTOR	M_XR_KEGG	M_XR_CHEBI
1	NAD+	C21H28N7O14P2	1	BAWFJGJZGIEFAR-UHFFFAOYSA-N	OC1C(O)C(OC1[n+]1cccc(c1)C(=O)N)COP(=O)(OP(=O)(OCC1OC(C(C1O)O)n1cnc2c1ncnc2N)O)O	1	C00003	15846
2	NADH	C21H29N7O14P2	0	BOPGDPNILDQYTO-UHFFFAOYSA-N	OC1C(O)C(OC1N1C=CCC(=C1)C(=O)N)COP(=O)(OP(=O)(OCC1OC(C(C1O)O)n1cnc2c1ncnc2N)O)O	1	C00004	16908
3	H+	H	1	-UHFFFAOYSA-N		1	C00080	15378
4	NADP+	C21H29N7O17P3	1	XJLXINKUBYWONI-UHFFFAOYSA-N	OC1C(O)C(OC1[n+]1cccc(c1)C(=O)N)COP(=O)(OP(=O)(OCC1OC(C(C1O)OP(=O)(O)O)n1cnc2c1ncnc2N)O)O	1	C00006	18009
5	NADPH	C21H30N7O17P3	0	ACFIXJIJDZMPPO-UHFFFAOYSA-N	OC1C(O)C(OC1N1C=CCC(=C1)C(=O)N)COP(=O)(OP(=O)(OCC1OC(C(C1O)OP(=O)(O)O)n1cnc2c1ncnc2N)O)O	1	C00005	16474
6	CO2	CO2	0	CURLTUGMZLYLDI-UHFFFAOYSA-N	O=C=O	1	C00011	16526
7	H2O	H2O	0	XLYOFNOQVPJJNP-UHFFFAOYSA-N	O	1	C00001	15377,16234,18219,6637,31341,31794,32035,32145,31344,33130,32108,49900,29191,81045,81882
10	Oxygen	O2	0	MYMOFIZGZYHOMD-UHFFFAOYSA-N	O=O	1	C00007	15379
13	Hydrogen peroxide	H2O2	0	MHAJPDPJQMAIIY-UHFFFAOYSA-N	OO	1	C00027	16240,18421,81304,48233
16	Ammonia	H3N	0	QGZKDVFQNNGYKY-UHFFFAOYSA-N	N	1	C00014	16134
19	Tetrahydrobiopterin	C9H15N5O3	0	FNKQXYHWGSIFBK-UHFFFAOYSA-N	CC(C(C1CNc2c(N1)c(=O)[nH]c(n2)N)O)O	1	C00272	15372
51	Formate	CH2O2	0	BDAGIHXWWSANSR-UHFFFAOYSA-N	OC=O	1	C00058	15740
52	HCO3-	CH2O3	0	BVKZGUZCCUSVTD-UHFFFAOYSA-N	OC(=O)O	1	C00288	17544,28976,6504,3311,32139,31793,81862
53	Dopamine	C8H11NO2	0	VYFYYTLLBUKUHU-UHFFFAOYSA-N	NCCc1ccc(c(c1)O)O	0	C03758	18243
54	Tyramine	C8H11NO	0	DZGWFCGJZKJUFP-UHFFFAOYSA-N	NCCc1ccc(cc1)O	0	C00483	15760
57	L-Noradrenaline	C8H11NO3	0	SFLSHLFXELFNJZ-UHFFFAOYSA-N	NCC(c1ccc(c(c1)O)O)O	0	C00547	18357
62	5-(2-aminoethyl)-2-hydroxybenzoic acid|5-(2-aminoethyl)-2-hydroxy-benzoic acid	C9H11NO3	0	UVHVULDKNLJNRZ-UHFFFAOYSA-N	NCCc1ccc(c(c1)C(=O)O)O	0		18357
65	Dopamine quinone	C8H9NO2	0	PQPXZWUZIOASKS-UHFFFAOYSA-N	NCCC1=CC(=O)C(=O)C=C1	0	C17755	74684
67	4-(2-aminoethyl)cyclohexa-3,5-diene-1,2-diol	C8H13NO2	0	KWCIWVCMDMTKSP-UHFFFAOYSA-N	NCCC1=CC(C(C=C1)O)O	0		74684
70	3,4-Dihydroxyphenylacetaldehyde	C8H8O3	0	IADQVXRMSNIUEL-UHFFFAOYSA-N	O=CCc1ccc(c(c1)O)O	0	C04043	27978
96	3,4-Dihydroxy-L-phenylalanine	C9H11NO4	0	WTDRDQBEARUVNC-UHFFFAOYSA-N	OC(=O)C(Cc1ccc(c(c1)O)O)N	0	C00355	15765,3396
98	4-(2-aminoethyl)cyclohexa-3,5-diene-1,1,2-triol	C8H13NO3	0	WTJBBNOVSLEOFR-UHFFFAOYSA-N	NCCC1=CC(C(C=C1)(O)O)O	0		15765,3396
113	4a-Hydroxytetrahydrobiopterin	C9H15N5O4	0	KJKIEFUPAPPGBC-UHFFFAOYSA-N	NC1=NC(=O)C2(C(=N1)NCC(N2)C(C(O)C)O)O	0	C15522	15642,15374
131	L-Tyrosine	C9H10NO3	-1	OUYCCCASQSFEME-UHFFFAOYSA-N	OC(=O)C(Cc1ccc(cc1)O)N	0	C00082	17895,18186,28479
133	5-(2-aminoethyl)cyclohexa-2,4-diene-1,2-diol	C8H13NO2	0	UCTMLZBVNPSJHC-UHFFFAOYSA-N	NCCC1=CC=C(C(C1)O)O	0		17895,18186,28479
167	4-(2-amino-1-hydroxy-ethyl)-1,2-benzoquinone|4-(2-amino-1-hydroxyethyl)cyclohexa-3,5-diene-1,2-dione	C8H9NO3	0	WCHGCMBSJBGAKH-UHFFFAOYSA-N	NCC(C1=CC(=O)C(=O)C=C1)O	0		17895,18186,28479
228	5-[(2S)-2-amino-2-carboxyethyl]-2-hydroxybenzoic acid|5-[(2S)-2-amino-2-carboxy-ethyl]-2-hydroxy-benzoic acid	C10H9NO5	-2	AZXBADPWXOWMKQ-UHFFFAOYSA-N	NC(C(=O)O)Cc1ccc(c(c1)C(=O)O)O	0		17895,18186,28479
240	Formamide	CH3NO	0	ZHNUHDYFZUAESO-UHFFFAOYSA-N	NC=O	0	C00488	16397
365	4-[(2S)-2-amino-3,3-dihydroxypropyl]benzene-1,2-diol|4-[(2S)-2-amino-3,3-dihydroxy-propyl]benzene-1,2-diol	C9H13NO4	0	ZPINNCIQDJYQOO-UHFFFAOYSA-N	OC(C(Cc1ccc(c(c1)O)O)N)O	0		16397
377	(2S)-2-amino-3-(3,4,4-trihydroxy-1-cyclohexa-1,5-dienyl)propanoic acid|(2S)-2-amino-3-(3,4,4-trihydroxycyclohexa-1,5-dien-1-yl)propanoic acid	C9H12NO5	-1	ZPFXDHITRAQHSA-UHFFFAOYSA-N	OC(=O)C(CC1=CC(C(C=C1)(O)O)O)N	0		16397
649	(2S)-2-amino-3-(4-hydroxyphenyl)propane-1,1-diol	C9H13NO3	0	APPGMLFFWAMCJO-UHFFFAOYSA-N	OC(C(Cc1ccc(cc1)O)N)O	0		16397
652	3-amino-2-hydroxy-4-(4-hydroxyphenyl)butanoic acid	C10H12NO4	-1	KOBISDMNPZJQLN-UHFFFAOYSA-N	NC(C(C(=O)O)O)Cc1ccc(cc1)O	0		16397
659	4-[(2S)-2,3-diamino-3-hydroxypropyl]phenol|4-[(2S)-2,3-diamino-3-hydroxy-propyl]phenol	C9H14N2O2	0	XWQINQUHTRCZFU-UHFFFAOYSA-N	NC(C(Cc1ccc(cc1)O)N)O	0		16397
681	(2S)-2-amino-3-(4-hydroxyphenyl)propane-1,1,1-triol	C9H13NO4	0	WWEMZUONWNACET-UHFFFAOYSA-N	Oc1ccc(cc1)CC(C(O)(O)O)N	0		16397
937	Glyoxylate	C2HO3	-1	HHLFWLYXYJOTON-UHFFFAOYSA-N	O=CC(=O)O	0	C00048	16891
