M_PR_UID	M_PR_NAME	M_PR_FORMULA	M_PR_CHARGE	M_PR_INCHI	M_PR_SMILE-CAN-OB	M_PR_COFACTOR	M_XR_KEGG	M_XR_CHEBI
1	NAD+	C21H28N7O14P2	1	BAWFJGJZGIEFAR-UHFFFAOYSA-N	OC1C(O)C(OC1[n+]1cccc(c1)C(=O)N)COP(=O)(OP(=O)(OCC1OC(C(C1O)O)n1cnc2c1ncnc2N)O)O	1	C00003	15846
2	NADH	C21H29N7O14P2	0	BOPGDPNILDQYTO-UHFFFAOYSA-N	OC1C(O)C(OC1N1C=CCC(=C1)C(=O)N)COP(=O)(OP(=O)(OCC1OC(C(C1O)O)n1cnc2c1ncnc2N)O)O	1	C00004	16908
3	H+	H	1	-UHFFFAOYSA-N		1	C00080	15378
4	NADP+	C21H29N7O17P3	1	XJLXINKUBYWONI-UHFFFAOYSA-N	OC1C(O)C(OC1[n+]1cccc(c1)C(=O)N)COP(=O)(OP(=O)(OCC1OC(C(C1O)OP(=O)(O)O)n1cnc2c1ncnc2N)O)O	1	C00006	18009
5	NADPH	C21H30N7O17P3	0	ACFIXJIJDZMPPO-UHFFFAOYSA-N	OC1C(O)C(OC1N1C=CCC(=C1)C(=O)N)COP(=O)(OP(=O)(OCC1OC(C(C1O)OP(=O)(O)O)n1cnc2c1ncnc2N)O)O	1	C00005	16474
6	CO2	CO2	0	CURLTUGMZLYLDI-UHFFFAOYSA-N	O=C=O	1	C00011	16526
7	H2O	H2O	0	XLYOFNOQVPJJNP-UHFFFAOYSA-N	O	1	C00001	15377,16234,18219,6637,31341,31794,32035,32145,31344,33130,32108,49900,29191,81045,81882
9	CoA	C21H36N7O16P3S	0	COA_COMPOUND	SCCNC(=O)CCNC(=O)C(C(COP(=O)(OP(=O)(OCC1OC(C(C1OP(=O)(O)O)O)n1cnc2c1ncnc2N)O)O)(C)C)O	1	C00010	15346
10	Oxygen	O2	0	MYMOFIZGZYHOMD-UHFFFAOYSA-N	O=O	1	C00007	15379
11	Ubiquinone	C19H26O4	0	SQQWBSBBCSFQGC-UHFFFAOYSA-N	COC1=C(OC)C(=O)C(=C(C1=O)CC=C(CCC=C(C)C)C)C	1	C00399	16389
12	Ubiquinol	C19H28O4	0	RNUCUWWMTTWKAH-UHFFFAOYSA-N	COc1c(O)c(CC=C(CCC=C(C)C)C)c(c(c1OC)O)C	1	C00390	17976
13	Hydrogen peroxide	H2O2	0	MHAJPDPJQMAIIY-UHFFFAOYSA-N	OO	1	C00027	16240,18421,81304,48233
16	Ammonia	H3N	0	QGZKDVFQNNGYKY-UHFFFAOYSA-N	N	1	C00014	16134
24	S-Adenosyl-L-methionine	C15H23N6O5S	1	MEFKEPWMEQBLKI-UHFFFAOYSA-N	C[S+](CC1OC(C(C1O)O)n1cnc2c1ncnc2N)CCC(C(=O)O)N	1	C00019	15414
25	S-Adenosyl-L-homocysteine	C14H20N6O5S	0	ZJUKTBDSGOFHSH-UHFFFAOYSA-N	OC(=O)C(CCSCC1OC(C(C1O)O)n1cnc2c1ncnc2N)N	1	C00021	16680
31	Acetyl-CoA	C23H38N7O17P3S	0	COA_COMPOUND	O=C(NCCSC(=O)C)CCNC(=O)C(C(COP(=O)(OP(=O)(OCC1OC(C(C1OP(=O)(O)O)O)n1cnc2c1ncnc2N)O)O)(C)C)O	1	C00024	15351
40	Diphosphate	H4O7P2	0	XPPKVPWEQAFLFU-UHFFFAOYSA-N	OP(=O)(OP(=O)(O)O)O	1	C00013	18361
42	ATP	C10H16N5O13P3	0	ZKHQWZAMYRWXGA-UHFFFAOYSA-N	OC1C(COP(=O)(OP(=O)(OP(=O)(O)O)O)O)OC(C1O)n1cnc2c1ncnc2N	1	C00002	15422
45	AMP	C10H14N5O7P	0	UDMBCSSLTHHNCD-UHFFFAOYSA-N	OC1C(O)C(OC1n1cnc2c1ncnc2N)COP(=O)(O)O	1	C00020	16027,81690
53	Methyl benzoate	C8H8O2	0	QPJVMBTYPHYUOC-UHFFFAOYSA-N	COC(=O)c1ccccc1	0	C20645	16027,81690
55	2-methoxy-2-phenylacetic acid|2-methoxy-2-phenyl-acetic acid	C9H10O3	0	DIWVBIXQCNRCFE-UHFFFAOYSA-N	COC(c1ccccc1)C(=O)O	0		16027,81690
62	hydroxymethyl benzoate|benzoic acid hydroxymethyl ester	C8H8O3	0	RIMIDGSPFGJFCN-UHFFFAOYSA-N	OCOC(=O)c1ccccc1	0		16027,81690
65	Methanol	CH4O	0	OKKJLVBELUTLKV-UHFFFAOYSA-N	CO	0	C00132	17790
66	Benzoate	C7H6O2	0	WPYMKLBDIGXBTP-UHFFFAOYSA-N	OC(=O)c1ccccc1	0	C00180	16150,30746,32140,16150 30746
67	methyl formate	C2H4O2	0	TZIHFWKZFHZASV-UHFFFAOYSA-N	COC=O	0		77699
68	Phenol	C6H6O	0	ISWSIDIOOBJBQZ-UHFFFAOYSA-N	Oc1ccccc1	0	C00146	15882,15882
70	Aromatic aldehyde	C7H6O	0	HUMNYLRZRPPJDN-UHFFFAOYSA-N	O=Cc1ccccc1	0	C00193	17169,17169,17169 33855
79	ethyl benzoate|benzoic acid ethyl ester	C9H10O2	0	MTZQAGJQAFMTAQ-UHFFFAOYSA-N	CCOC(=O)c1ccccc1	0		17169,17169,17169 33855
86	2-benzoyloxyacetic acid	C9H8O4	0	GLRLYEVLJAZIFU-UHFFFAOYSA-N	O=C(c1ccccc1)OCC(=O)O	0		17169,17169,17169 33855
93	[5-(6-aminopurin-9-yl)-3,4-dihydroxy-2-oxolanyl]methyl methyl hydrogen phosphate|[5-(6-aminopurin-9-yl)-3,4-dihydroxy-tetrahydrofuran-2-yl]methyl methyl hydrogen phosphate	C11H16N5O7P	0	OYQVPLDFZZKUTQ-UHFFFAOYSA-N	COP(=O)(OCC1OC(C(C1O)O)n1cnc2c1ncnc2N)O	0		17169,17169,17169 33855
94	Benzamide	C7H7NO	0	KXDAEFPNCMNJSK-UHFFFAOYSA-N	NC(=O)c1ccccc1	0	C09815	28179
115	(2R,3R)-2-hydroxy-3-methoxy-3-phenylpropanoic acid|(2R,3R)-2-hydroxy-3-methoxy-3-phenyl-propanoic acid	C10H11O4	-1	GXFJZAOTDOMEEI-UHFFFAOYSA-N	COC(C(C(=O)O)O)c1ccccc1	0		28179
120	3-methoxy-2-oxo-3-phenylpropanoic acid|3-methoxy-2-oxo-3-phenyl-propanoic acid	C10H9O4	-1	CHIQFEKFEXKAOA-UHFFFAOYSA-N	COC(C(=O)C(=O)O)c1ccccc1	0		28179
124	(R)-Mandelate	C8H7O3	-1	IWYDHOAUDWTVEP-UHFFFAOYSA-N	OC(c1ccccc1)C(=O)O	0	C01983	17656,17756,17656 32382
137	2-methoxy-2-phenylacetamide|2-methoxy-2-phenyl-acetamide	C9H11NO2	0	KZHUULABPNPTEO-UHFFFAOYSA-N	COC(c1ccccc1)C(=O)N	0		17656,17756,17656 32382
252	2-Hydroxyacetophenone	C8H8O2	0	ZWVHTXAYIKBMEE-UHFFFAOYSA-N	OCC(=O)c1ccccc1	0	C07189	28341
254	methanediol	CH4O2	0	CKFGINPQOCXMAZ-UHFFFAOYSA-N	OCO	0		48397
381	Phenylacetic acid	C8H7O2	-1	WLJVXDMOQOGPHL-UHFFFAOYSA-N	OC(=O)Cc1ccccc1	0	C07086	30745
448	Oxalate	C2O4	-2	MUBZPKHOEPUJKR-UHFFFAOYSA-N	OC(=O)C(=O)O	0	C00209	16995,60579,16995 30623
500	Ethanol	C2H6O	0	LFQSCWFLJHTTHZ-UHFFFAOYSA-N	CCO	0	C00469	16236
516	[(2R,3S,4R,5R)-5-(6-aminopurin-9-yl)-3,4-dihydroxy-2-oxolanyl]methyl ethyl hydrogen phosphate|[(2R,3S,4R,5R)-5-(6-aminopurin-9-yl)-3,4-dihydroxy-tetrahydrofuran-2-yl]methyl ethyl hydrogen phosphate	C12H17N5O7P	-1	MXYRBUKSSSUFQO-UHFFFAOYSA-N	CCOP(=O)(OCC1OC(C(C1O)O)n1cnc2c1ncnc2N)O	0		16236
559	3-Oxo-3-phenylpropanoate	C9H7O3	-1	HXUIDZOMTRMIOE-UHFFFAOYSA-N	O=C(c1ccccc1)CC(=O)O	0	C07114	28759
562	Glycolate	C2H3O3	-1	AEMRFAOFKBGASW-UHFFFAOYSA-N	OCC(=O)O	0	C00160	17497,10615,17497 29805
582	L-Phenylglycine	C8H8NO2	-1	ZGUNAGUHMKGQNY-UHFFFAOYSA-N	NC(c1ccccc1)C(=O)O	0	C18623	439819
584	Formamide	CH3NO	0	ZHNUHDYFZUAESO-UHFFFAOYSA-N	NC=O	0	C00488	16397
737	3-methoxy-3-phenylpropanoic acid|3-methoxy-3-phenyl-propanoic acid	C10H11O3	-1	HVLYJUCOMBTMTA-UHFFFAOYSA-N	COC(c1ccccc1)CC(=O)O	0		16397
738	3-Hydroxyphenyllactate|2,3-dihydroxy-3-phenylpropanoic acid|2,3-dihydroxy-3-phenylpropanoic acid</traditional_iupac>	C9H9O4	-1	BNOUUNAFHCJIJD-UHFFFAOYSA-N	OC(C(C(=O)O)O)c1ccccc1	0		16397
742	2-Hydroxy-3-phenylpropenoate	C9H7O3	-1	DEDGUGJNLNLJSR-UHFFFAOYSA-N	OC(=Cc1ccccc1)C(=O)O	0	C02763	16815,16815 32815
743	3-methoxy-3-phenyl-2-propenoic acid|3-methoxy-3-phenyl-prop-2-enoic acid	C10H9O3	-1	UIRIEYQANOVIMH-UHFFFAOYSA-N	COC(=CC(=O)O)c1ccccc1	0		16815,16815 32815
775	(S)-3-hydroxy-2-oxo-3-phenylpropanoate|(S)-3-hydroxy-2-oxo-3-phenylpropanoic acid	C9H7O4	-1	ZHLWCBHWYUISFY-UHFFFAOYSA-N	OC(C(=O)C(=O)O)c1ccccc1	0		73948
815	1-amino-2-phenylethene-1,2-diol|1-amino-2-phenyl-ethene-1,2-diol	C8H9NO2	0	ABIFEULUKBOKQJ-UHFFFAOYSA-N	OC(=C(O)N)c1ccccc1	0		73948
819	(R)-Mandelamide	C8H9NO2	0	MAGPZHKLEZXLNU-UHFFFAOYSA-N	OC(c1ccccc1)C(=O)N	0	C07301	17352
1781	2-hydroxy-3-oxo-3-phenylpropanoic acid|2-hydroxy-3-oxo-3-phenyl-propanoic acid	C9H7O4	-1	VRURKJLCRYVJSK-UHFFFAOYSA-N	OC(C(=O)c1ccccc1)C(=O)O	0		17352
1850	Glyoxylate	C2HO3	-1	HHLFWLYXYJOTON-UHFFFAOYSA-N	O=CC(=O)O	0	C00048	16891
1870	Carbamate	CH2NO2	-1	KXDHJXZQYSOELW-UHFFFAOYSA-N	NC(=O)O	0	C01563	28616
1952	2,3-dioxo-3-phenylpropanoate|2,3-dioxo-3-phenyl-propanoate	C9H5O4	-1	QJJOYFHFRQZRGA-UHFFFAOYSA-N	O=C(C(=O)C(=O)O)c1ccccc1	0		28616
1964	Acetate	C2H3O2	-1	QTBSBXVTEAMEQO-UHFFFAOYSA-N	CC(=O)O	0	C00033	15366,32029,15366 30089
1971	2-oxo-2-phenylacetamide|2-oxo-2-phenyl-acetamide	C8H7NO2	0	WFRSBFQCMFWRTD-UHFFFAOYSA-N	O=C(c1ccccc1)C(=O)N	0		15366,32029,15366 30089
1989	5'-Benzoylphosphoadenosine	C17H17N5O8P	-1	PTJTVELTWZMHPG-UHFFFAOYSA-N	OC1C(COP(=O)(OC(=O)c2ccccc2)O)OC(C1O)n1cnc2c1ncnc2N	0	C06433	1955
2488	2-hydroxyacrylic acid	C3H3O3	-1	FEWFXBUNENSNBQ-UHFFFAOYSA-N	OC(=O)C(=C)O	0		86354
2598	Phenylpyruvate	C9H7O3	-1	BTNMPGBKDVTSJY-UHFFFAOYSA-N	O=C(C(=O)O)Cc1ccccc1	0	C00166	18005,18005 30851
2611	(2-phenylacetyl) benzoate|benzoic acid (1-oxo-2-phenylethyl) ester	C15H12O3	0	GHFZBSWLFBCZEM-UHFFFAOYSA-N	O=C(OC(=O)c1ccccc1)Cc1ccccc1	0		18005,18005 30851
2622	1-amino-2-phenylethenol|1-amino-2-phenyl-ethenol	C8H9NO	0	HOEVXZCEHKEQNY-UHFFFAOYSA-N	NC(=Cc1ccccc1)O	0		18005,18005 30851
2626	2-Phenylacetamide	C8H9NO	0	LSBDFXRDZJMBSC-UHFFFAOYSA-N	NC(=O)Cc1ccccc1	0	C02505	16562
2703	3-hydroxy-3-phenylpropionate|3-hydroxy-3-phenylpropionic acid	C9H9O3	-1	AYOLELPCNDVZKZ-UHFFFAOYSA-N	OC(c1ccccc1)CC(=O)O	0		19929
2706	Acetaldehyde	C2H4O	0	IKHGUXGNUITLKF-UHFFFAOYSA-N	CC=O	0	C00084	15343
3280	2-methyl-3-oxo-3-phenylpropanoic acid|2-methyl-3-oxo-3-phenyl-propanoic acid	C10H9O3	-1	VNCQTTDYACAVDT-UHFFFAOYSA-N	CC(C(=O)c1ccccc1)C(=O)O	0		15343
3537	3-oxo-3-phenylpropanal|3-oxo-3-phenyl-propanal	C9H8O2	0	HCSDAMGBOVWGEO-UHFFFAOYSA-N	O=CCC(=O)c1ccccc1	0		15343
3543	2-benzoylpropanedioic acid	C10H6O5	-2	RGCNRDSOFOALSW-UHFFFAOYSA-N	O=C(C(C(=O)O)C(=O)O)c1ccccc1	0		15343
3550	L-beta-Phenylalanine	C9H10NO2	-1	UJOYFRCOTPUKAK-UHFFFAOYSA-N	NC(c1ccccc1)CC(=O)O	0	C20487	15343
3557	3,3-dihydroxy-3-phenylpropanoic acid|3,3-dihydroxy-3-phenyl-propanoic acid	C9H9O4	-1	NMETUDOKFOLZAF-UHFFFAOYSA-N	OC(=O)CC(c1ccccc1)(O)O	0		15343
3559	3-phenyl-1-propene-1,3-dione|3-phenylprop-1-ene-1,3-dione	C9H6O2	0	HGDLRNWHOBTPCZ-UHFFFAOYSA-N	O=C=CC(=O)c1ccccc1	0		15343
3561	(3R)-3-amino-2-hydroxy-3-phenylpropanoic acid|(3R)-3-amino-2-hydroxy-3-phenyl-propanoic acid	C9H10NO3	-1	RZARFIRJROUVLM-UHFFFAOYSA-N	NC(C(C(=O)O)O)c1ccccc1	0		15343
3562	(Z)-3-amino-3-phenyl-2-propenoic acid|(Z)-3-amino-3-phenyl-prop-2-enoic acid	C9H8NO2	-1	TZAGBUCWNWFIOZ-UHFFFAOYSA-N	NC(=CC(=O)O)c1ccccc1	0		15343
3563	(Z)-3-hydroxy-3-phenyl-2-propenoic acid|(Z)-3-hydroxy-3-phenyl-prop-2-enoic acid	C9H7O3	-1	GKRWKLQSHRYGHV-UHFFFAOYSA-N	OC(=CC(=O)O)c1ccccc1	0		15343
3564	3-phenyl-2-oxiranecarboxylic acid|3-phenyloxirane-2-carboxylic acid	C9H7O3	-1	HALONVPKHYIEQU-UHFFFAOYSA-N	OC(=O)C1OC1c1ccccc1	0		15343
4308	trans-Cinnamate	C9H7O2	-1	WBYWAXJHAXSJNI-UHFFFAOYSA-N	OC(=O)C=Cc1ccccc1	0	C00423	15669,27386,15669 35697
4341	(2R,3S)-2-hydroxy-3-phenylbutanedioic acid|(2R,3S)-2-hydroxy-3-phenyl-butanedioic acid	C10H8O5	-2	JHERUGSFPODGRD-UHFFFAOYSA-N	OC(=O)C(C(C(=O)O)O)c1ccccc1	0		15669,27386,15669 35697
4686	ethenone	C2H2O	0	CCGKOQOJPYTBIH-UHFFFAOYSA-N	C=C=O	0		48003
6890	Propanoate	C3H5O2	-1	XBDQKXXYIPTUBI-UHFFFAOYSA-N	CCC(=O)O	0	C00163	17272,17272 30768
7328	Malonate	C3H2O4	-2	OFOBLEOULBTSOW-UHFFFAOYSA-N	OC(=O)CC(=O)O	0	C00383	15792,35692,28383,15792 30794
9896	2-oxo-3-phenylbutanedioic acid|2-oxo-3-phenyl-butanedioic acid	C10H6O5	-2	RXKDLBQVQXPRIY-UHFFFAOYSA-N	OC(=O)C(=O)C(c1ccccc1)C(=O)O	0		15792,35692,28383,15792 30794
12824	L-Phenylalanine	C9H10NO2	-1	COLNVLDHVKWLRT-UHFFFAOYSA-N	NC(C(=O)O)Cc1ccccc1	0	C00079	17295,28044,16998
12979	1-aminoethenolate	C2H5NO	0	UEFNHFCSZBRPPV-UHFFFAOYSA-N	NC(=C)O	0		17295,28044,16998
14502	(2R,3S)-3-amino-2-methyl-3-phenylpropanoic acid|(2R,3S)-3-amino-2-methyl-3-phenyl-propanoic acid	C10H12NO2	-1	OWJWPDFSPYKDDA-UHFFFAOYSA-N	NC(C(C(=O)O)C)c1ccccc1	0		17295,28044,16998
16157	3-amino-3-phenylpropanal|3-amino-3-phenyl-propanal	C9H11NO	0	XCEAXSRYEFGESE-UHFFFAOYSA-N	O=CCC(c1ccccc1)N	0		17295,28044,16998
16198	2-[amino(phenyl)methyl]propanedioic acid	C10H9NO4	-2	DFOPTWLKLYFACQ-UHFFFAOYSA-N	NC(C(C(=O)O)C(=O)O)c1ccccc1	0		17295,28044,16998
16240	Aminoacrylate	C3H4NO2	-1	YTLYLLTVENPWFT-UHFFFAOYSA-N	NC=CC(=O)O	0	C20253	17295,28044,16998
16246	1,3-diamino-3-phenyl-1-propanol|1,3-diamino-3-phenyl-propan-1-ol	C9H14N2O	0	GSNZFWSMLXFMKP-UHFFFAOYSA-N	NC(c1ccccc1)CC(O)N	0		17295,28044,16998
16258	3-amino-3-phenyl-1-propen-1-one|3-amino-3-phenyl-prop-1-en-1-one	C9H9NO	0	WRIUDWHKOOFSAC-UHFFFAOYSA-N	NC(c1ccccc1)C=C=O	0		17295,28044,16998
