P_PR_UID	P_PR_REACTIONS	P_PR_ORIGIN	P_PR_TARGET	P_PR_INTERMEDIATES	P_PR_BOUNDARY	P_RF_PUBMED	P_MT_SCORE	P_MT_MAXYIELD	P_MT_LENGTH	P_MT_FEASIBILITY
Z563.1_Meta-I:35743	RXN-I:14214 | RXN-I:12489 | RXN-I:32434 | RXN-I:26767 | RXN-I:4151 | RXN-I:15545 | RXN-I:32214	Meta-I:34930	Meta-I:35743	Meta-I:79 | Meta-I:41096 | Meta-I:5798 | Meta-I:18308 | Meta-I:12609 | Meta-I:42694	Meta-I:39678 | Meta-I:34930 | Meta-I:1752 | Meta-I:40688 | Meta-I:42676 | Meta-I:40690 | Meta-I:5852 | Meta-I:12273 | Meta-I:38086 | Meta-I:757 | Meta-I:40771 | Meta-I:33695 | Meta-I:40733 | Meta-I:35208				7	
Z563.2_Meta-I:35743	RXN-I:22256 | RXN-I:12489 | RXN-I:32434 | RXN-I:26767 | RXN-I:4151 | RXN-I:15545 | RXN-I:32214	Meta-I:34930	Meta-I:35743	Meta-I:79 | Meta-I:41096 | Meta-I:5798 | Meta-I:18308 | Meta-I:12609 | Meta-I:42694	Meta-I:39678 | Meta-I:34930 | Meta-I:40688 | Meta-I:40690 | Meta-I:5852 | Meta-I:1752 | Meta-I:12273 | Meta-I:38086 | Meta-I:757 | Meta-I:40771 | Meta-I:42676 | Meta-I:33695 | Meta-I:40733 | Meta-I:35208				7	
Z563.3_Meta-I:35743	RXN-I:14214 | RXN-I:12489 | RXN-I:32434 | RXN-I:26767 | RXN-I:15561 | RXN-I:15545 | RXN-I:32214	Meta-I:34930	Meta-I:35743	Meta-I:79 | Meta-I:41096 | Meta-I:5798 | Meta-I:18308 | Meta-I:12609 | Meta-I:42694	Meta-I:39678 | Meta-I:34930 | Meta-I:1752 | Meta-I:40688 | Meta-I:42676 | Meta-I:40690 | Meta-I:5852 | Meta-I:12273 | Meta-I:38086 | Meta-I:757 | Meta-I:40771 | Meta-I:40685 | Meta-I:40686 | Meta-I:33695 | Meta-I:40733 | Meta-I:35208				7	
Z563.4_Meta-I:35743	RXN-I:22256 | RXN-I:12489 | RXN-I:32434 | RXN-I:26767 | RXN-I:15561 | RXN-I:15545 | RXN-I:32214	Meta-I:34930	Meta-I:35743	Meta-I:79 | Meta-I:41096 | Meta-I:5798 | Meta-I:18308 | Meta-I:12609 | Meta-I:42694	Meta-I:39678 | Meta-I:34930 | Meta-I:40688 | Meta-I:40690 | Meta-I:5852 | Meta-I:1752 | Meta-I:12273 | Meta-I:38086 | Meta-I:757 | Meta-I:40771 | Meta-I:40685 | Meta-I:40686 | Meta-I:42676 | Meta-I:33695 | Meta-I:40733 | Meta-I:35208				7	
Z563.5_Meta-I:35743	RXN-I:14214 | RXN-I:12489 | RXN-I:32434 | RXN-I:26767 | RXN-I:1012 | RXN-I:15545 | RXN-I:32214	Meta-I:34930	Meta-I:35743	Meta-I:79 | Meta-I:41096 | Meta-I:5798 | Meta-I:18308 | Meta-I:12609 | Meta-I:42694	Meta-I:39678 | Meta-I:34930 | Meta-I:1752 | Meta-I:40688 | Meta-I:42676 | Meta-I:40690 | Meta-I:5852 | Meta-I:12273 | Meta-I:38086 | Meta-I:757 | Meta-I:40771 | Meta-I:40685 | Meta-I:40686 | Meta-I:33695 | Meta-I:40733 | Meta-I:35208				7	
Z563.6_Meta-I:35743	RXN-I:22256 | RXN-I:12489 | RXN-I:32434 | RXN-I:26767 | RXN-I:1012 | RXN-I:15545 | RXN-I:32214	Meta-I:34930	Meta-I:35743	Meta-I:79 | Meta-I:41096 | Meta-I:5798 | Meta-I:18308 | Meta-I:12609 | Meta-I:42694	Meta-I:39678 | Meta-I:34930 | Meta-I:40688 | Meta-I:40690 | Meta-I:5852 | Meta-I:1752 | Meta-I:12273 | Meta-I:38086 | Meta-I:757 | Meta-I:40771 | Meta-I:40685 | Meta-I:40686 | Meta-I:33695 | Meta-I:40733 | Meta-I:35208				7	
Z563.7_Meta-I:35743	RXN-I:14214 | RXN-I:12489 | RXN-I:32434 | RXN-I:26767 | RXN-I:33681 | RXN-I:15545 | RXN-I:32214	Meta-I:34930	Meta-I:35743	Meta-I:79 | Meta-I:41096 | Meta-I:5798 | Meta-I:18308 | Meta-I:12609 | Meta-I:42694	Meta-I:39678 | Meta-I:34930 | Meta-I:1752 | Meta-I:40688 | Meta-I:42676 | Meta-I:40690 | Meta-I:5852 | Meta-I:12273 | Meta-I:38086 | Meta-I:757 | Meta-I:40771 | Meta-I:33695 | Meta-I:40733 | Meta-I:35208				7	
Z280.2_Meta-I:35743	RXN-I:22256 | RXN-I:12489 | RXN-I:19204 | RXN-I:32214	Meta-I:34930	Meta-I:35743	Meta-I:79 | Meta-I:41096 | Meta-I:42694	Meta-I:39678 | Meta-I:34930 | Meta-I:40688 | Meta-I:40690 | Meta-I:5852 | Meta-I:1752 | Meta-I:12273 | Meta-I:38086 | Meta-I:757 | Meta-I:40771				4	
Z563.8_Meta-I:35743	RXN-I:22256 | RXN-I:12489 | RXN-I:32434 | RXN-I:26767 | RXN-I:33681 | RXN-I:15545 | RXN-I:32214	Meta-I:34930	Meta-I:35743	Meta-I:79 | Meta-I:41096 | Meta-I:5798 | Meta-I:18308 | Meta-I:12609 | Meta-I:42694	Meta-I:39678 | Meta-I:34930 | Meta-I:40688 | Meta-I:40690 | Meta-I:5852 | Meta-I:1752 | Meta-I:12273 | Meta-I:38086 | Meta-I:757 | Meta-I:40771 | Meta-I:33695 | Meta-I:40733 | Meta-I:35208				7	
Z280.1_Meta-I:35743	RXN-I:14214 | RXN-I:12489 | RXN-I:19204 | RXN-I:32214	Meta-I:34930	Meta-I:35743	Meta-I:79 | Meta-I:41096 | Meta-I:42694	Meta-I:39678 | Meta-I:34930 | Meta-I:1752 | Meta-I:40688 | Meta-I:42676 | Meta-I:40690 | Meta-I:5852 | Meta-I:12273 | Meta-I:38086 | Meta-I:757 | Meta-I:40771				4	
Z1684.2_Meta-I:35743	RXN-I:22256 | RXN-I:11542	Meta-I:34930	Meta-I:35743	Meta-I:79	Meta-I:39678 | Meta-I:34930 | Meta-I:40688 | Meta-I:40690 | Meta-I:757 | Meta-I:1752 | Meta-I:40771				2	
Z1684.1_Meta-I:35743	RXN-I:14214 | RXN-I:11542	Meta-I:34930	Meta-I:35743	Meta-I:79	Meta-I:39678 | Meta-I:34930 | Meta-I:1752 | Meta-I:40688 | Meta-I:42676 | Meta-I:40690 | Meta-I:757 | Meta-I:40771				2	
