R_PR_UID	R_PR_STOICH	R_PR_EC	R_PR_GIBBS	R_RF_PUBMED	R_XR_METACYC	R_XR_SEED	R_XR_KEGG	R_XR_BIGG	R_XR_METANETX	R_MT_ERROR	enumeration.map.ftof.reactions	enumeration.map.ftoz.reactions
RXN-I:14214	 + 1.0 * Meta-I:39678 + 1.0 * Meta-I:34930 + 1.0 * Meta-I:1752 + 1.0 * Meta-I:40690 ==> 1.0 * Meta-I:40688 + 1.0 * Meta-I:42676 + 1.0 * Meta-I:79				RXN-7652	rxn28346 | rxn24348 | rxn01765	R02442		MNXR139107 | MNXR107508		RXN-I:14214,RXN-I:22256	RZ_6
RXN-I:12489	 + 3.0 * Meta-I:5852 + 4.0 * Meta-I:12273 + 1.0 * Meta-I:79 <=> 1.0 * Meta-I:41096 + 3.0 * Meta-I:1752 + 3.0 * Meta-I:38086					rxn04370			MNXR134665		RXN-I:12489	RXN-I:12489
RXN-I:32434	 + 1.0 * Meta-I:41096 + 1.0 * Meta-I:1752 + 1.0 * Meta-I:40690 ==> 1.0 * Meta-I:5798 + 1.0 * Meta-I:40688 + 1.0 * Meta-I:12273					rxn32990 | rxn01425	R01941		MNXR107242		RXN-I:32434	RXN-I:32434
RXN-I:26767	 + 1.0 * Meta-I:757 + 1.0 * Meta-I:18308 <=> 1.0 * Meta-I:5798 + 1.0 * Meta-I:40771					rxn04428	R06574		MNXR110361		RXN-I:26767	RXN-I:26767
RXN-I:4151	 + 1.0 * Meta-I:40688 + 1.0 * Meta-I:42676 + 1.0 * Meta-I:18308 ==> 2.0 * Meta-I:1752 + 1.0 * Meta-I:12609 + 1.0 * Meta-I:40690					rxn03971	R05701		MNXR109771		RXN-I:4151,RXN-I:15561,RXN-I:1012,RXN-I:33681	RZ_114
RXN-I:15545	 + 1.0 * Meta-I:33695 + 1.0 * Meta-I:12609 + 1.0 * Meta-I:12273 ==> 1.0 * Meta-I:40733 + 1.0 * Meta-I:35208 + 1.0 * Meta-I:42694				6.2.1.34-RXN	rxn33619 | rxn01571	R02194	FERULCOAS	MNXR99582		RXN-I:15545	RXN-I:15545
RXN-I:32214	 + 3.0 * Meta-I:1752 + 3.0 * Meta-I:38086 + 1.0 * Meta-I:42694 <=> 1.0 * Meta-I:35743 + 3.0 * Meta-I:5852 + 4.0 * Meta-I:12273					rxn04369			MNXR134664		RXN-I:32214	RXN-I:32214
RXN-I:22256	 + 1.0 * Meta-I:39678 + 1.0 * Meta-I:34930 + 1.0 * Meta-I:40690 ==> 1.0 * Meta-I:40688 + 1.0 * Meta-I:79					rxn30913					RXN-I:14214,RXN-I:22256	RZ_6
RXN-I:15561	 + 1.0 * Meta-I:40686 + 1.0 * Meta-I:42676 + 1.0 * Meta-I:18308 ==> 2.0 * Meta-I:1752 + 1.0 * Meta-I:12609 + 1.0 * Meta-I:40685					rxn03970	R05700	COALDDH	MNXR96813		RXN-I:4151,RXN-I:15561,RXN-I:1012,RXN-I:33681	RZ_114
RXN-I:1012	 + 1.0 * Meta-I:40686 + 1.0 * Meta-I:18308 ==> 1.0 * Meta-I:12609 + 1.0 * Meta-I:40685					rxn30781					RXN-I:4151,RXN-I:15561,RXN-I:1012,RXN-I:33681	RZ_114
RXN-I:33681	 + 1.0 * Meta-I:40688 + 1.0 * Meta-I:18308 ==> 1.0 * Meta-I:12609 + 1.0 * Meta-I:40690					rxn30782					RXN-I:4151,RXN-I:15561,RXN-I:1012,RXN-I:33681	RZ_114
RXN-I:19204	 + 1.0 * Meta-I:41096 + 1.0 * Meta-I:40771 ==> 1.0 * Meta-I:757 + 1.0 * Meta-I:1752 + 1.0 * Meta-I:42694				CAFFEOYL-COA-O-METHYLTRANSFERASE-RXN	rxn33688 | rxn01426	R01942		MNXR107243		RXN-I:19204	RXN-I:19204
RXN-I:11542	 + 1.0 * Meta-I:79 + 1.0 * Meta-I:40771 ==> 1.0 * Meta-I:35743 + 1.0 * Meta-I:757 + 1.0 * Meta-I:1752				RXN-7753	rxn24423			MNXR122017		RXN-I:22195,RXN-I:11542,RXN-I:35788,RXN-I:33352	RZ_31
