M_PR_UID	M_PR_NAME	M_PR_FORMULA	M_PR_CHARGE	M_PR_INCHI	M_PR_SMILE-CAN-OB	M_PR_COFACTOR	M_XR_KEGG	M_XR_CHEBI
2	NADH	C21H29N7O14P2	0	BOPGDPNILDQYTO-UHFFFAOYSA-N	OC1C(O)C(OC1N1C=CCC(=C1)C(=O)N)COP(=O)(OP(=O)(OCC1OC(C(C1O)O)n1cnc2c1ncnc2N)O)O	1	C00004	16908
3	H+	H	1	-UHFFFAOYSA-N		1	C00080	15378
4	NADP+	C21H29N7O17P3	1	XJLXINKUBYWONI-UHFFFAOYSA-N	OC1C(O)C(OC1[n+]1cccc(c1)C(=O)N)COP(=O)(OP(=O)(OCC1OC(C(C1O)OP(=O)(O)O)n1cnc2c1ncnc2N)O)O	1	C00006	18009
7	CoA	C21H36N7O16P3S	0	COA_COMPOUND	SCCNC(=O)CCNC(=O)C(C(COP(=O)(OP(=O)(OCC1OC(C(C1OP(=O)(O)O)O)n1cnc2c1ncnc2N)O)O)(C)C)O	1	C00010	15346
34	Diphosphate	H4O7P2	0	XPPKVPWEQAFLFU-UHFFFAOYSA-N	OP(=O)(OP(=O)(O)O)O	1	C00013	18361
36	ATP	C10H16N5O13P3	0	ZKHQWZAMYRWXGA-UHFFFAOYSA-N	OC1C(COP(=O)(OP(=O)(OP(=O)(O)O)O)O)OC(C1O)n1cnc2c1ncnc2N	1	C00002	15422
38	AMP	C10H14N5O7P	0	UDMBCSSLTHHNCD-UHFFFAOYSA-N	OC1C(O)C(OC1n1cnc2c1ncnc2N)COP(=O)(O)O	1	C00020	16027,81690
45	CO2	CO2	0	CURLTUGMZLYLDI-UHFFFAOYSA-N	O=C=O	1	C00011	16526
46	H2O	H2O	0	XLYOFNOQVPJJNP-UHFFFAOYSA-N	O	1	C00001	15377,16234,18219,6637,31341,31794,32035,32145,31344,33130,32108,49900,29191,81045,81882
53	Pinocembrin	C15H12O4	0	URFCJEUYXNAHFI-UHFFFAOYSA-N	Oc1cc2OC(CC(=O)c2c(c1)O)c1ccccc1	0	C09827	28157
61	Malonyl-CoA	C24H38N7O19P3S	0	COA_COMPOUND	O=C(NCCSC(=O)CC(=O)O)CCNC(=O)C(C(COP(=O)(OP(=O)(OCC1OC(C(C1OP(=O)(O)O)O)n1cnc2c1ncnc2N)O)O)(C)C)O	0	C00083	15531,37555
178	Pinocembrin chalcone	C15H12O4	0	LOYXTWZXLWHMBX-UHFFFAOYSA-N	Oc1cc(O)c(c(c1)O)C(=O)C=Cc1ccccc1	0	C16404	80484
1311	Cinnamoyl-CoA	C30H39N7O17P3S	-3	COA_COMPOUND	O=C(NCCSC(=O)C=Cc1ccccc1)CCNC(=O)C(C(COP(=O)(OP(=O)(OCC1OC(C(C1OP(=O)(O)O)O)n1cnc2c1ncnc2N)O)O)(C)C)O	0	C00540	15463,10956
6915	trans-Cinnamate	C9H7O2	-1	WBYWAXJHAXSJNI-UHFFFAOYSA-N	OC(=O)C=Cc1ccccc1	0	C00423	15669,27386,15669 35697
