M_PR_UID	M_PR_NAME	M_PR_SYNONYMS	M_PR_FORMULA	M_PR_CHARGE	M_PR_INCHI	M_PR_SMILE	M_PR_SMILE-CAN-OB	M_PR_BIO	M_PR_COFACTOR	M_RF_PUBMED	M_XR_KEGG	M_XR_METACYC	M_XR_CHEBI	M_XR_BIGG	M_XR_METANETX	M_MT_ENERGY	M_MT_ERROR
Meta-I:39678				0			O=O				D00003 | C00007	OXYGEN-MOLECULE		o2	MNXM4		
Meta-I:34930				0			Oc1ccc(cc1)C1CC(=O)c2c(O1)cc(cc2O)O				C00509	NARINGENIN-CMPD			MNXM114084 | MNXM556		
Meta-I:1752				0							C00080	PROTON		h	MNXM1		
Meta-I:40688				0			OC1C(O)C(OC1[n+]1cccc(c1)C(=O)N)COP(=O)(OP(=O)(OCC1OC(C(C1O)OP(=O)([O-])[O-])n1cnc2c1ncnc2N)[O-])[O-]				C00006	NADP		nadp	MNXM5		
Meta-I:42676				0			[OH3+] | [OH-] | *O | [O-2].[Cu+].[Cu+] | O				C00001 | D06322 | D03703 | C18714 | D00001 | C01328	OH | OXONIUM | HYDROXYL-GROUP | WATER		h2o | oh1	MNXM124831 | MNXM154962 | MNXM126605 | MNXM2 | MNXM145357		
Meta-I:79				0			Oc1cc2OC(CC(=O)c2c(c1)O)c1ccc(c(c1)O)O | [O-]c1cc2OC(CC(=O)c2c(c1)O)c1ccc(c(c1)O)O				C05631	CPD-6994			MNXM1326		
Meta-I:40690				0			OC1C(O)C(OC1N1C=CCC(=C1)C(=O)N)COP(=O)(OP(=O)(OCC1OC(C(C1O)OP(=O)([O-])[O-])n1cnc2c1ncnc2N)[O-])[O-]				C00005	NADPH		nadph	MNXM6		
Meta-I:5852				0			O=C=O				C00011 | D00004	CARBON-DIOXIDE		co2	MNXM13		
Meta-I:39867				0			[O-]C(=O)CCC(=O)[O-]				C00042	SUC		succ	MNXM25		
Meta-I:29908				0			[O-]c1cc2OC(c3ccc(c(c3)O)O)C(C(=O)c2c(c1)O)O | Oc1cc2OC(c3ccc(c(c3)O)O)C(C(=O)c2c(c1)O)O				C01617	CPD-474			MNXM983 | MNXM30365		
Meta-I:40729				0			[O-]C(=O)CCC(=O)C(=O)[O-]				C00026	2-KETOGLUTARATE		akg	MNXM20		
Meta-I:35809				0			Oc1cc2OC(c3cc(O)c(c(c3)O)O)C(C(=O)c2c(c1)O)O | [O-]c1cc2OC(c3cc(O)c(c(c3)O)O)C(C(=O)c2c(c1)O)O				C02906	CPD-7087			MNXM1957 | MNXM50793 | MNXM722813		
Meta-I:46329				0			Oc1ccc(cc1)C1Oc2cc(O)cc(c2C(=O)C1O)O				C00974	DIHYDROKAEMPFEROL-CMPD			MNXM1125		
Meta-I:23101				0			[O-]c1cc(O)c2c(c1)oc(cc2=O)c1ccc(c(c1)O)O | Oc1cc(O)c2c(c1)oc(cc2=O)c1ccc(c(c1)O)O				C01514	5734-TETRAHYDROXYFLAVONE			MNXM1086		
Meta-I:509				0			[O-]c1cc(O)c2c(c1)oc(c(c2=O)O)c1ccc(c(c1)O)O | Oc1cc(O)c2c(c1)oc(c(c2=O)[O-])c1ccc(c(c1)O)O | Oc1cc(O)c2c(c1)oc(c(c2=O)O)c1ccc(c(c1)O)O				C00389	CPD-520		quc	MNXM620		
Meta-I:105				0			OCC1OC(Oc2c(oc3c(c2=O)c(O)cc(c3)O)c2ccc(c(c2)O)O)C(C(C1O)O)O | OCC1OC(Oc2c(oc3c(c2=O)c(O)cc(c3)[O-])c2ccc(c(c2)O)O)C(C(C1O)O)O				C05623	CPD1F-437			MNXM2424		
Meta-I:46079				0			OCC1OC(O)C(C(C1O)O)O | OCC(C(C(C(C=O)O)O)O)O				C00221 | C00267 | C00031 | D00009	GLC | D-Glucose | ALPHA-GLUCOSE		Glc_aD | glc__D | glc__bD | glc__aD	MNXM105 | MNXM722744 | MNXM41 | MNXM99		
Meta-I:45326				0			OCC1OC(OP(=O)(OP(=O)(OCC2OC(C(C2O)O)n2ccc(=O)[nH]c2=O)[O-])[O-])C(C(C1O)O)O				G10608 | C00029	CPD-12575		udpg	MNXM52		
Meta-I:31746				0			OC1C(COP(=O)(OP(=O)([O-])[O-])[O-])OC(C1O)n1ccc(=O)[nH]c1=O				C00015 | G10619	UDP		udp	MNXM17		
Meta-I:30109				0			OCC1OC(O)C(C(C1O)O)O					Glucopyranose			MNXM55158		
Meta-I:51388				0			Oc1cc2OC(c3ccc(c(c3)O)O)C(C(c2c(c1)O)O)O				D08112 | C05906	CPD-590			MNXM722765 | MNXM1162		
Meta-I:19847				0			[O-]c1cc2OC(c3ccc(c(c3)O)O)C(C(=O)c2c(c1)O)O | Oc1cc2OC(c3ccc(c(c3)O)O)C(C(=O)c2c(c1)O)O				C12316	CPD-10291			MNXM5678		
