P_PR_UID	P_PR_REACTIONS	P_PR_ORIGIN	P_PR_TARGET	P_PR_INTERMEDIATES	P_PR_BOUNDARY	P_RF_PUBMED	P_MT_SCORE	P_MT_MAXYIELD	P_MT_LENGTH	P_MT_FEASIBILITY
Z856.1_Meta-I:105	RXN-I:14214 | RXN-I:11606 | RXN-I:15414 | RXN-I:20071 | RXN-I:26569 | RXN-I:28170 | RXN-I:5755	Meta-I:34930	Meta-I:105	Meta-I:79 | Meta-I:29908 | Meta-I:35809 | Meta-I:46329 | Meta-I:23101 | Meta-I:509	Meta-I:39678 | Meta-I:34930 | Meta-I:1752 | Meta-I:40688 | Meta-I:42676 | Meta-I:40690 | Meta-I:5852 | Meta-I:39867 | Meta-I:40729 | Meta-I:46079				7	
Z856.2_Meta-I:105	RXN-I:22256 | RXN-I:11606 | RXN-I:15414 | RXN-I:20071 | RXN-I:26569 | RXN-I:28170 | RXN-I:5755	Meta-I:34930	Meta-I:105	Meta-I:79 | Meta-I:29908 | Meta-I:35809 | Meta-I:46329 | Meta-I:23101 | Meta-I:509	Meta-I:39678 | Meta-I:34930 | Meta-I:40688 | Meta-I:40690 | Meta-I:5852 | Meta-I:39867 | Meta-I:40729 | Meta-I:1752 | Meta-I:42676 | Meta-I:46079				7	
Z856.5_Meta-I:105	RXN-I:14214 | RXN-I:11606 | RXN-I:15414 | RXN-I:20071 | RXN-I:26569 | RXN-I:28170 | RXN-I:3293	Meta-I:34930	Meta-I:105	Meta-I:79 | Meta-I:29908 | Meta-I:35809 | Meta-I:46329 | Meta-I:23101 | Meta-I:509	Meta-I:39678 | Meta-I:34930 | Meta-I:1752 | Meta-I:40688 | Meta-I:42676 | Meta-I:40690 | Meta-I:5852 | Meta-I:39867 | Meta-I:40729 | Meta-I:45326 | Meta-I:31746				7	
Z856.6_Meta-I:105	RXN-I:22256 | RXN-I:11606 | RXN-I:15414 | RXN-I:20071 | RXN-I:26569 | RXN-I:28170 | RXN-I:3293	Meta-I:34930	Meta-I:105	Meta-I:79 | Meta-I:29908 | Meta-I:35809 | Meta-I:46329 | Meta-I:23101 | Meta-I:509	Meta-I:39678 | Meta-I:34930 | Meta-I:40688 | Meta-I:40690 | Meta-I:5852 | Meta-I:39867 | Meta-I:40729 | Meta-I:1752 | Meta-I:42676 | Meta-I:45326 | Meta-I:31746				7	
Z856.3_Meta-I:105	RXN-I:14214 | RXN-I:11606 | RXN-I:15414 | RXN-I:26357 | RXN-I:26569 | RXN-I:28170 | RXN-I:5755	Meta-I:34930	Meta-I:105	Meta-I:79 | Meta-I:29908 | Meta-I:35809 | Meta-I:46329 | Meta-I:23101 | Meta-I:509	Meta-I:39678 | Meta-I:34930 | Meta-I:1752 | Meta-I:40688 | Meta-I:42676 | Meta-I:40690 | Meta-I:5852 | Meta-I:39867 | Meta-I:40729 | Meta-I:46079				7	
Z856.4_Meta-I:105	RXN-I:22256 | RXN-I:11606 | RXN-I:15414 | RXN-I:26357 | RXN-I:26569 | RXN-I:28170 | RXN-I:5755	Meta-I:34930	Meta-I:105	Meta-I:79 | Meta-I:29908 | Meta-I:35809 | Meta-I:46329 | Meta-I:23101 | Meta-I:509	Meta-I:39678 | Meta-I:34930 | Meta-I:40688 | Meta-I:40690 | Meta-I:5852 | Meta-I:39867 | Meta-I:40729 | Meta-I:1752 | Meta-I:42676 | Meta-I:46079				7	
Z856.9_Meta-I:105	RXN-I:14214 | RXN-I:11606 | RXN-I:15414 | RXN-I:20071 | RXN-I:26569 | RXN-I:28170 | RXN-I:8617	Meta-I:34930	Meta-I:105	Meta-I:79 | Meta-I:29908 | Meta-I:35809 | Meta-I:46329 | Meta-I:23101 | Meta-I:509	Meta-I:39678 | Meta-I:34930 | Meta-I:1752 | Meta-I:40688 | Meta-I:42676 | Meta-I:40690 | Meta-I:5852 | Meta-I:39867 | Meta-I:40729 | Meta-I:30109				7	
Z856.7_Meta-I:105	RXN-I:14214 | RXN-I:11606 | RXN-I:15414 | RXN-I:26357 | RXN-I:26569 | RXN-I:28170 | RXN-I:3293	Meta-I:34930	Meta-I:105	Meta-I:79 | Meta-I:29908 | Meta-I:35809 | Meta-I:46329 | Meta-I:23101 | Meta-I:509	Meta-I:39678 | Meta-I:34930 | Meta-I:1752 | Meta-I:40688 | Meta-I:42676 | Meta-I:40690 | Meta-I:5852 | Meta-I:39867 | Meta-I:40729 | Meta-I:45326 | Meta-I:31746				7	
Z856.8_Meta-I:105	RXN-I:22256 | RXN-I:11606 | RXN-I:15414 | RXN-I:26357 | RXN-I:26569 | RXN-I:28170 | RXN-I:3293	Meta-I:34930	Meta-I:105	Meta-I:79 | Meta-I:29908 | Meta-I:35809 | Meta-I:46329 | Meta-I:23101 | Meta-I:509	Meta-I:39678 | Meta-I:34930 | Meta-I:40688 | Meta-I:40690 | Meta-I:5852 | Meta-I:39867 | Meta-I:40729 | Meta-I:1752 | Meta-I:42676 | Meta-I:45326 | Meta-I:31746				7	
Z1146.3_Meta-I:105	RXN-I:14214 | RXN-I:11606 | RXN-I:3424 | RXN-I:3293	Meta-I:34930	Meta-I:105	Meta-I:79 | Meta-I:29908 | Meta-I:509	Meta-I:39678 | Meta-I:34930 | Meta-I:1752 | Meta-I:40688 | Meta-I:42676 | Meta-I:40690 | Meta-I:5852 | Meta-I:39867 | Meta-I:40729 | Meta-I:45326 | Meta-I:31746				4	
Z1146.2_Meta-I:105	RXN-I:22256 | RXN-I:11606 | RXN-I:3424 | RXN-I:5755	Meta-I:34930	Meta-I:105	Meta-I:79 | Meta-I:29908 | Meta-I:509	Meta-I:39678 | Meta-I:34930 | Meta-I:40688 | Meta-I:40690 | Meta-I:5852 | Meta-I:39867 | Meta-I:40729 | Meta-I:42676 | Meta-I:46079				4	
Z1146.5_Meta-I:105	RXN-I:14214 | RXN-I:11606 | RXN-I:3424 | RXN-I:8617	Meta-I:34930	Meta-I:105	Meta-I:79 | Meta-I:29908 | Meta-I:509	Meta-I:39678 | Meta-I:34930 | Meta-I:1752 | Meta-I:40688 | Meta-I:42676 | Meta-I:40690 | Meta-I:5852 | Meta-I:39867 | Meta-I:40729 | Meta-I:30109				4	
Z1146.4_Meta-I:105	RXN-I:22256 | RXN-I:11606 | RXN-I:3424 | RXN-I:3293	Meta-I:34930	Meta-I:105	Meta-I:79 | Meta-I:29908 | Meta-I:509	Meta-I:39678 | Meta-I:34930 | Meta-I:40688 | Meta-I:40690 | Meta-I:5852 | Meta-I:39867 | Meta-I:40729 | Meta-I:42676 | Meta-I:45326 | Meta-I:1752 | Meta-I:31746				4	
Z1146.6_Meta-I:105	RXN-I:22256 | RXN-I:11606 | RXN-I:3424 | RXN-I:8617	Meta-I:34930	Meta-I:105	Meta-I:79 | Meta-I:29908 | Meta-I:509	Meta-I:39678 | Meta-I:34930 | Meta-I:40688 | Meta-I:40690 | Meta-I:5852 | Meta-I:39867 | Meta-I:40729 | Meta-I:42676 | Meta-I:30109				4	
Z865.3_Meta-I:105	RXN-I:3335 | RXN-I:24192 | RXN-I:3424 | RXN-I:3293	Meta-I:34930	Meta-I:105	Meta-I:46329 | Meta-I:29908 | Meta-I:509	Meta-I:39678 | Meta-I:5852 | Meta-I:39867 | Meta-I:34930 | Meta-I:40729 | Meta-I:1752 | Meta-I:40688 | Meta-I:42676 | Meta-I:40690 | Meta-I:45326 | Meta-I:31746				4	
Z865.4_Meta-I:105	RXN-I:3335 | RXN-I:6785 | RXN-I:3424 | RXN-I:3293	Meta-I:34930	Meta-I:105	Meta-I:46329 | Meta-I:29908 | Meta-I:509	Meta-I:39678 | Meta-I:5852 | Meta-I:39867 | Meta-I:34930 | Meta-I:40729 | Meta-I:40688 | Meta-I:40690 | Meta-I:42676 | Meta-I:45326 | Meta-I:1752 | Meta-I:31746				4	
Z865.1_Meta-I:105	RXN-I:3335 | RXN-I:24192 | RXN-I:3424 | RXN-I:5755	Meta-I:34930	Meta-I:105	Meta-I:46329 | Meta-I:29908 | Meta-I:509	Meta-I:39678 | Meta-I:5852 | Meta-I:39867 | Meta-I:34930 | Meta-I:40729 | Meta-I:1752 | Meta-I:40688 | Meta-I:42676 | Meta-I:40690 | Meta-I:46079				4	
Z865.2_Meta-I:105	RXN-I:3335 | RXN-I:6785 | RXN-I:3424 | RXN-I:5755	Meta-I:34930	Meta-I:105	Meta-I:46329 | Meta-I:29908 | Meta-I:509	Meta-I:39678 | Meta-I:5852 | Meta-I:39867 | Meta-I:34930 | Meta-I:40729 | Meta-I:40688 | Meta-I:40690 | Meta-I:42676 | Meta-I:46079				4	
Z865.5_Meta-I:105	RXN-I:3335 | RXN-I:24192 | RXN-I:3424 | RXN-I:8617	Meta-I:34930	Meta-I:105	Meta-I:46329 | Meta-I:29908 | Meta-I:509	Meta-I:39678 | Meta-I:5852 | Meta-I:39867 | Meta-I:34930 | Meta-I:40729 | Meta-I:1752 | Meta-I:40688 | Meta-I:42676 | Meta-I:40690 | Meta-I:30109				4	
Z865.6_Meta-I:105	RXN-I:3335 | RXN-I:6785 | RXN-I:3424 | RXN-I:8617	Meta-I:34930	Meta-I:105	Meta-I:46329 | Meta-I:29908 | Meta-I:509	Meta-I:39678 | Meta-I:5852 | Meta-I:39867 | Meta-I:34930 | Meta-I:40729 | Meta-I:40688 | Meta-I:40690 | Meta-I:42676 | Meta-I:30109				4	
Z856.10_Meta-I:105	RXN-I:22256 | RXN-I:11606 | RXN-I:15414 | RXN-I:20071 | RXN-I:26569 | RXN-I:28170 | RXN-I:8617	Meta-I:34930	Meta-I:105	Meta-I:79 | Meta-I:29908 | Meta-I:35809 | Meta-I:46329 | Meta-I:23101 | Meta-I:509	Meta-I:39678 | Meta-I:34930 | Meta-I:40688 | Meta-I:40690 | Meta-I:5852 | Meta-I:39867 | Meta-I:40729 | Meta-I:1752 | Meta-I:42676 | Meta-I:30109				7	
Z856.11_Meta-I:105	RXN-I:14214 | RXN-I:11606 | RXN-I:15414 | RXN-I:26357 | RXN-I:26569 | RXN-I:28170 | RXN-I:8617	Meta-I:34930	Meta-I:105	Meta-I:79 | Meta-I:29908 | Meta-I:35809 | Meta-I:46329 | Meta-I:23101 | Meta-I:509	Meta-I:39678 | Meta-I:34930 | Meta-I:1752 | Meta-I:40688 | Meta-I:42676 | Meta-I:40690 | Meta-I:5852 | Meta-I:39867 | Meta-I:40729 | Meta-I:30109				7	
Z856.12_Meta-I:105	RXN-I:22256 | RXN-I:11606 | RXN-I:15414 | RXN-I:26357 | RXN-I:26569 | RXN-I:28170 | RXN-I:8617	Meta-I:34930	Meta-I:105	Meta-I:79 | Meta-I:29908 | Meta-I:35809 | Meta-I:46329 | Meta-I:23101 | Meta-I:509	Meta-I:39678 | Meta-I:34930 | Meta-I:40688 | Meta-I:40690 | Meta-I:5852 | Meta-I:39867 | Meta-I:40729 | Meta-I:1752 | Meta-I:42676 | Meta-I:30109				7	
Z857.1_Meta-I:105	RXN-I:3335 | RXN-I:26569 | RXN-I:28170 | RXN-I:5755	Meta-I:34930	Meta-I:105	Meta-I:46329 | Meta-I:23101 | Meta-I:509	Meta-I:39678 | Meta-I:5852 | Meta-I:39867 | Meta-I:34930 | Meta-I:40729 | Meta-I:42676 | Meta-I:40688 | Meta-I:40690 | Meta-I:46079				4	
Z570.24_Meta-I:105	RXN-I:22256 | RXN-I:6960 | RXN-I:28170 | RXN-I:8617	Meta-I:34930	Meta-I:105	Meta-I:79 | Meta-I:23101 | Meta-I:509	Meta-I:39678 | Meta-I:34930 | Meta-I:40688 | Meta-I:40690 | Meta-I:42676 | Meta-I:30109				4	
Z570.23_Meta-I:105	RXN-I:14214 | RXN-I:6960 | RXN-I:28170 | RXN-I:8617	Meta-I:34930	Meta-I:105	Meta-I:79 | Meta-I:23101 | Meta-I:509	Meta-I:39678 | Meta-I:34930 | Meta-I:1752 | Meta-I:40688 | Meta-I:42676 | Meta-I:40690 | Meta-I:30109				4	
Z570.22_Meta-I:105	RXN-I:22256 | RXN-I:20151 | RXN-I:28170 | RXN-I:8617	Meta-I:34930	Meta-I:105	Meta-I:79 | Meta-I:23101 | Meta-I:509	Meta-I:39678 | Meta-I:34930 | Meta-I:40688 | Meta-I:40690 | Meta-I:5852 | Meta-I:39867 | Meta-I:40729 | Meta-I:42676 | Meta-I:30109				4	
Z857.2_Meta-I:105	RXN-I:3335 | RXN-I:26569 | RXN-I:28170 | RXN-I:3293	Meta-I:34930	Meta-I:105	Meta-I:46329 | Meta-I:23101 | Meta-I:509	Meta-I:39678 | Meta-I:5852 | Meta-I:39867 | Meta-I:34930 | Meta-I:40729 | Meta-I:42676 | Meta-I:40688 | Meta-I:40690 | Meta-I:45326 | Meta-I:1752 | Meta-I:31746				4	
Z570.21_Meta-I:105	RXN-I:14214 | RXN-I:20151 | RXN-I:28170 | RXN-I:8617	Meta-I:34930	Meta-I:105	Meta-I:79 | Meta-I:23101 | Meta-I:509	Meta-I:39678 | Meta-I:34930 | Meta-I:1752 | Meta-I:40688 | Meta-I:42676 | Meta-I:40690 | Meta-I:5852 | Meta-I:39867 | Meta-I:40729 | Meta-I:30109				4	
Z857.3_Meta-I:105	RXN-I:3335 | RXN-I:26569 | RXN-I:28170 | RXN-I:8617	Meta-I:34930	Meta-I:105	Meta-I:46329 | Meta-I:23101 | Meta-I:509	Meta-I:39678 | Meta-I:5852 | Meta-I:39867 | Meta-I:34930 | Meta-I:40729 | Meta-I:42676 | Meta-I:40688 | Meta-I:40690 | Meta-I:30109				4	
Z570.20_Meta-I:105	RXN-I:22256 | RXN-I:30079 | RXN-I:28170 | RXN-I:8617	Meta-I:34930	Meta-I:105	Meta-I:79 | Meta-I:23101 | Meta-I:509	Meta-I:39678 | Meta-I:34930 | Meta-I:40688 | Meta-I:40690 | Meta-I:5852 | Meta-I:39867 | Meta-I:42676 | Meta-I:40729 | Meta-I:30109				4	
Z4.4_Meta-I:105	RXN-I:3335 | RXN-I:6785 | RXN-I:22000 | RXN-I:24226 | RXN-I:12893	Meta-I:34930	Meta-I:105	Meta-I:46329 | Meta-I:29908 | Meta-I:51388 | Meta-I:19847	Meta-I:39678 | Meta-I:5852 | Meta-I:39867 | Meta-I:34930 | Meta-I:40729 | Meta-I:40688 | Meta-I:40690 | Meta-I:42676 | Meta-I:45326 | Meta-I:1752 | Meta-I:31746				5	
Z570.19_Meta-I:105	RXN-I:14214 | RXN-I:30079 | RXN-I:28170 | RXN-I:8617	Meta-I:34930	Meta-I:105	Meta-I:79 | Meta-I:23101 | Meta-I:509	Meta-I:39678 | Meta-I:34930 | Meta-I:1752 | Meta-I:40688 | Meta-I:42676 | Meta-I:40690 | Meta-I:5852 | Meta-I:39867 | Meta-I:40729 | Meta-I:30109				4	
Z570.18_Meta-I:105	RXN-I:22256 | RXN-I:13000 | RXN-I:28170 | RXN-I:8617	Meta-I:34930	Meta-I:105	Meta-I:79 | Meta-I:23101 | Meta-I:509	Meta-I:39678 | Meta-I:34930 | Meta-I:40688 | Meta-I:40690 | Meta-I:42676 | Meta-I:30109				4	
Z570.17_Meta-I:105	RXN-I:14214 | RXN-I:13000 | RXN-I:28170 | RXN-I:8617	Meta-I:34930	Meta-I:105	Meta-I:79 | Meta-I:23101 | Meta-I:509	Meta-I:39678 | Meta-I:34930 | Meta-I:1752 | Meta-I:40688 | Meta-I:42676 | Meta-I:40690 | Meta-I:30109				4	
Z570.2_Meta-I:105	RXN-I:22256 | RXN-I:13000 | RXN-I:28170 | RXN-I:5755	Meta-I:34930	Meta-I:105	Meta-I:79 | Meta-I:23101 | Meta-I:509	Meta-I:39678 | Meta-I:34930 | Meta-I:40688 | Meta-I:40690 | Meta-I:42676 | Meta-I:46079				4	
Z570.16_Meta-I:105	RXN-I:22256 | RXN-I:6960 | RXN-I:28170 | RXN-I:3293	Meta-I:34930	Meta-I:105	Meta-I:79 | Meta-I:23101 | Meta-I:509	Meta-I:39678 | Meta-I:34930 | Meta-I:40688 | Meta-I:40690 | Meta-I:42676 | Meta-I:45326 | Meta-I:1752 | Meta-I:31746				4	
Z570.3_Meta-I:105	RXN-I:14214 | RXN-I:30079 | RXN-I:28170 | RXN-I:5755	Meta-I:34930	Meta-I:105	Meta-I:79 | Meta-I:23101 | Meta-I:509	Meta-I:39678 | Meta-I:34930 | Meta-I:1752 | Meta-I:40688 | Meta-I:42676 | Meta-I:40690 | Meta-I:5852 | Meta-I:39867 | Meta-I:40729 | Meta-I:46079				4	
Z570.15_Meta-I:105	RXN-I:14214 | RXN-I:6960 | RXN-I:28170 | RXN-I:3293	Meta-I:34930	Meta-I:105	Meta-I:79 | Meta-I:23101 | Meta-I:509	Meta-I:39678 | Meta-I:34930 | Meta-I:1752 | Meta-I:40688 | Meta-I:42676 | Meta-I:40690 | Meta-I:45326 | Meta-I:31746				4	
Z570.4_Meta-I:105	RXN-I:22256 | RXN-I:30079 | RXN-I:28170 | RXN-I:5755	Meta-I:34930	Meta-I:105	Meta-I:79 | Meta-I:23101 | Meta-I:509	Meta-I:39678 | Meta-I:34930 | Meta-I:40688 | Meta-I:40690 | Meta-I:5852 | Meta-I:39867 | Meta-I:42676 | Meta-I:40729 | Meta-I:46079				4	
Z570.14_Meta-I:105	RXN-I:22256 | RXN-I:20151 | RXN-I:28170 | RXN-I:3293	Meta-I:34930	Meta-I:105	Meta-I:79 | Meta-I:23101 | Meta-I:509	Meta-I:39678 | Meta-I:34930 | Meta-I:40688 | Meta-I:40690 | Meta-I:5852 | Meta-I:39867 | Meta-I:40729 | Meta-I:42676 | Meta-I:45326 | Meta-I:1752 | Meta-I:31746				4	
Z570.5_Meta-I:105	RXN-I:14214 | RXN-I:20151 | RXN-I:28170 | RXN-I:5755	Meta-I:34930	Meta-I:105	Meta-I:79 | Meta-I:23101 | Meta-I:509	Meta-I:39678 | Meta-I:34930 | Meta-I:1752 | Meta-I:40688 | Meta-I:42676 | Meta-I:40690 | Meta-I:5852 | Meta-I:39867 | Meta-I:40729 | Meta-I:46079				4	
Z570.13_Meta-I:105	RXN-I:14214 | RXN-I:20151 | RXN-I:28170 | RXN-I:3293	Meta-I:34930	Meta-I:105	Meta-I:79 | Meta-I:23101 | Meta-I:509	Meta-I:39678 | Meta-I:34930 | Meta-I:1752 | Meta-I:40688 | Meta-I:42676 | Meta-I:40690 | Meta-I:5852 | Meta-I:39867 | Meta-I:40729 | Meta-I:45326 | Meta-I:31746				4	
Z570.6_Meta-I:105	RXN-I:22256 | RXN-I:20151 | RXN-I:28170 | RXN-I:5755	Meta-I:34930	Meta-I:105	Meta-I:79 | Meta-I:23101 | Meta-I:509	Meta-I:39678 | Meta-I:34930 | Meta-I:40688 | Meta-I:40690 | Meta-I:5852 | Meta-I:39867 | Meta-I:40729 | Meta-I:42676 | Meta-I:46079				4	
Z570.12_Meta-I:105	RXN-I:22256 | RXN-I:30079 | RXN-I:28170 | RXN-I:3293	Meta-I:34930	Meta-I:105	Meta-I:79 | Meta-I:23101 | Meta-I:509	Meta-I:39678 | Meta-I:34930 | Meta-I:40688 | Meta-I:40690 | Meta-I:5852 | Meta-I:39867 | Meta-I:42676 | Meta-I:40729 | Meta-I:45326 | Meta-I:1752 | Meta-I:31746				4	
Z570.7_Meta-I:105	RXN-I:14214 | RXN-I:6960 | RXN-I:28170 | RXN-I:5755	Meta-I:34930	Meta-I:105	Meta-I:79 | Meta-I:23101 | Meta-I:509	Meta-I:39678 | Meta-I:34930 | Meta-I:1752 | Meta-I:40688 | Meta-I:42676 | Meta-I:40690 | Meta-I:46079				4	
Z570.11_Meta-I:105	RXN-I:14214 | RXN-I:30079 | RXN-I:28170 | RXN-I:3293	Meta-I:34930	Meta-I:105	Meta-I:79 | Meta-I:23101 | Meta-I:509	Meta-I:39678 | Meta-I:34930 | Meta-I:1752 | Meta-I:40688 | Meta-I:42676 | Meta-I:40690 | Meta-I:5852 | Meta-I:39867 | Meta-I:40729 | Meta-I:45326 | Meta-I:31746				4	
Z1146.1_Meta-I:105	RXN-I:14214 | RXN-I:11606 | RXN-I:3424 | RXN-I:5755	Meta-I:34930	Meta-I:105	Meta-I:79 | Meta-I:29908 | Meta-I:509	Meta-I:39678 | Meta-I:34930 | Meta-I:1752 | Meta-I:40688 | Meta-I:42676 | Meta-I:40690 | Meta-I:5852 | Meta-I:39867 | Meta-I:40729 | Meta-I:46079				4	
Z570.8_Meta-I:105	RXN-I:22256 | RXN-I:6960 | RXN-I:28170 | RXN-I:5755	Meta-I:34930	Meta-I:105	Meta-I:79 | Meta-I:23101 | Meta-I:509	Meta-I:39678 | Meta-I:34930 | Meta-I:40688 | Meta-I:40690 | Meta-I:42676 | Meta-I:46079				4	
Z570.10_Meta-I:105	RXN-I:22256 | RXN-I:13000 | RXN-I:28170 | RXN-I:3293	Meta-I:34930	Meta-I:105	Meta-I:79 | Meta-I:23101 | Meta-I:509	Meta-I:39678 | Meta-I:34930 | Meta-I:40688 | Meta-I:40690 | Meta-I:42676 | Meta-I:45326 | Meta-I:1752 | Meta-I:31746				4	
Z570.9_Meta-I:105	RXN-I:14214 | RXN-I:13000 | RXN-I:28170 | RXN-I:3293	Meta-I:34930	Meta-I:105	Meta-I:79 | Meta-I:23101 | Meta-I:509	Meta-I:39678 | Meta-I:34930 | Meta-I:1752 | Meta-I:40688 | Meta-I:42676 | Meta-I:40690 | Meta-I:45326 | Meta-I:31746				4	
Z570.1_Meta-I:105	RXN-I:14214 | RXN-I:13000 | RXN-I:28170 | RXN-I:5755	Meta-I:34930	Meta-I:105	Meta-I:79 | Meta-I:23101 | Meta-I:509	Meta-I:39678 | Meta-I:34930 | Meta-I:1752 | Meta-I:40688 | Meta-I:42676 | Meta-I:40690 | Meta-I:46079				4	
Z4.1_Meta-I:105	RXN-I:3335 | RXN-I:24192 | RXN-I:19604 | RXN-I:24226 | RXN-I:12893	Meta-I:34930	Meta-I:105	Meta-I:46329 | Meta-I:29908 | Meta-I:51388 | Meta-I:19847	Meta-I:39678 | Meta-I:5852 | Meta-I:39867 | Meta-I:34930 | Meta-I:40729 | Meta-I:1752 | Meta-I:40688 | Meta-I:42676 | Meta-I:40690 | Meta-I:45326 | Meta-I:31746				5	
Z285.4_Meta-I:105	RXN-I:22256 | RXN-I:11606 | RXN-I:22000 | RXN-I:24226 | RXN-I:12893	Meta-I:34930	Meta-I:105	Meta-I:79 | Meta-I:29908 | Meta-I:51388 | Meta-I:19847	Meta-I:39678 | Meta-I:34930 | Meta-I:40688 | Meta-I:40690 | Meta-I:5852 | Meta-I:39867 | Meta-I:40729 | Meta-I:42676 | Meta-I:45326 | Meta-I:1752 | Meta-I:31746				5	
Z285.3_Meta-I:105	RXN-I:14214 | RXN-I:11606 | RXN-I:22000 | RXN-I:24226 | RXN-I:12893	Meta-I:34930	Meta-I:105	Meta-I:79 | Meta-I:29908 | Meta-I:51388 | Meta-I:19847	Meta-I:39678 | Meta-I:34930 | Meta-I:1752 | Meta-I:40688 | Meta-I:42676 | Meta-I:40690 | Meta-I:5852 | Meta-I:39867 | Meta-I:40729 | Meta-I:45326 | Meta-I:31746				5	
Z4.3_Meta-I:105	RXN-I:3335 | RXN-I:24192 | RXN-I:22000 | RXN-I:24226 | RXN-I:12893	Meta-I:34930	Meta-I:105	Meta-I:46329 | Meta-I:29908 | Meta-I:51388 | Meta-I:19847	Meta-I:39678 | Meta-I:5852 | Meta-I:39867 | Meta-I:34930 | Meta-I:40729 | Meta-I:1752 | Meta-I:40688 | Meta-I:42676 | Meta-I:40690 | Meta-I:45326 | Meta-I:31746				5	
Z285.2_Meta-I:105	RXN-I:22256 | RXN-I:11606 | RXN-I:19604 | RXN-I:24226 | RXN-I:12893	Meta-I:34930	Meta-I:105	Meta-I:79 | Meta-I:29908 | Meta-I:51388 | Meta-I:19847	Meta-I:39678 | Meta-I:34930 | Meta-I:40688 | Meta-I:40690 | Meta-I:5852 | Meta-I:39867 | Meta-I:40729 | Meta-I:1752 | Meta-I:42676 | Meta-I:45326 | Meta-I:31746				5	
Z4.2_Meta-I:105	RXN-I:3335 | RXN-I:6785 | RXN-I:19604 | RXN-I:24226 | RXN-I:12893	Meta-I:34930	Meta-I:105	Meta-I:46329 | Meta-I:29908 | Meta-I:51388 | Meta-I:19847	Meta-I:39678 | Meta-I:5852 | Meta-I:39867 | Meta-I:34930 | Meta-I:40729 | Meta-I:40688 | Meta-I:40690 | Meta-I:1752 | Meta-I:42676 | Meta-I:45326 | Meta-I:31746				5	
Z285.1_Meta-I:105	RXN-I:14214 | RXN-I:11606 | RXN-I:19604 | RXN-I:24226 | RXN-I:12893	Meta-I:34930	Meta-I:105	Meta-I:79 | Meta-I:29908 | Meta-I:51388 | Meta-I:19847	Meta-I:39678 | Meta-I:34930 | Meta-I:1752 | Meta-I:40688 | Meta-I:42676 | Meta-I:40690 | Meta-I:5852 | Meta-I:39867 | Meta-I:40729 | Meta-I:45326 | Meta-I:31746				5	
