M_PR_UID	M_PR_NAME	M_PR_SYNONYMS	M_PR_FORMULA	M_PR_CHARGE	M_PR_INCHI	M_PR_SMILE	M_PR_SMILE-CAN-OB	M_PR_BIO	M_PR_COFACTOR	M_RF_PUBMED	M_XR_KEGG	M_XR_METACYC	M_XR_CHEBI	M_XR_BIGG	M_XR_METANETX	M_MT_ENERGY	M_MT_ERROR
Meta-I:41194				0			Oc1ccc(cc1)CC1[NH2+]CCc2c1cc(O)c(c2)O				C06160	S-NORCOCLAURINE			MNXM1396		
Meta-I:41181				0			COc1cc2CC[NH2+]C(c2cc1O)Cc1ccc(cc1)O				C06161 | C06348	S-COCLAURINE			MNXM154900 | MNXM1096 | MNXM47472		
Meta-I:757				0			[O-]C(=O)C(CCSCC1OC(C(C1O)O)n1cnc2c1ncnc2N)[NH3+]				C00021	ADENOSYL-HOMO-CYS		ahcys	MNXM19		
Meta-I:1752				0							C00080	PROTON		h	MNXM1		
Meta-I:40771				0			C[S+](CC1OC(C(C1O)O)n1cnc2c1ncnc2N)CCC(C(=O)[O-])[NH3+]				C00019	S-ADENOSYLMETHIONINE		amet	MNXM16		
Meta-I:11827				0			COc1cc2CC[NH+](C(c2cc1O)Cc1ccc(cc1)O)C				C05176	S-N-METHYLCOCLAURINE			MNXM934		
Meta-I:39678				0			O=O				D00003 | C00007	OXYGEN-MOLECULE		o2	MNXM4		
Meta-I:40688				0			OC1C(O)C(OC1[n+]1cccc(c1)C(=O)N)COP(=O)(OP(=O)(OCC1OC(C(C1O)OP(=O)([O-])[O-])n1cnc2c1ncnc2N)[O-])[O-]				C00006	NADP		nadp	MNXM5		
Meta-I:42676				0			[OH3+] | [OH-] | *O | [O-2].[Cu+].[Cu+] | O				C00001 | D06322 | D03703 | C18714 | D00001 | C01328	OH | OXONIUM | HYDROXYL-GROUP | WATER		h2o | oh1	MNXM124831 | MNXM154962 | MNXM126605 | MNXM2 | MNXM145357		
Meta-I:22132				0			COc1cc2CC[NH+](C(c2cc1O)Cc1ccc(c(c1)O)O)C				C05202	3-HYDROXY-N-METHYL-S-COCLAURINE			MNXM1452		
Meta-I:40690				0			OC1C(O)C(OC1N1C=CCC(=C1)C(=O)N)COP(=O)(OP(=O)(OCC1OC(C(C1O)OP(=O)([O-])[O-])n1cnc2c1ncnc2N)[O-])[O-]				C00005	NADPH		nadph	MNXM6		
Meta-I:36573				0			COc1ccc(cc1O)CC1[NH+](C)CCc2c1cc(O)c(c2)OC				C02105	S-RETICULINE			MNXM1059		
Meta-I:32656				0			COc1cc2CC[NH+]3C(c2cc1O)Cc1c(C3)c(O)c(cc1)OC				C02106	S-SCOULERINE			MNXM1302		
Meta-I:8501				0			OO | [O-][O-].[Ca+2] | [O-][O-].[Mg+2] | [Ca]1OO1				C17732 | C00027 | D00008 | C18566	HYDROGEN-PEROXIDE		h2o2	MNXM157675 | MNXM45240 | MNXM22		
Meta-I:15889				0			COc1cc2CC[NH+]3C(c2cc1OC)Cc1c(C3)c(O)c(cc1)OC | COc1cc2CC[NH+]3C(c2cc1O)Cc1c(C3)c(OC)c(cc1)OC				C04118	S-TETRAHYDROCOLUMBAMINE | CPD-20734			MNXM1303		
Meta-I:31449				0			COc1c(OC)ccc2c1C[NH+]1CCc3c(C1C2)cc1c(c3)OCO1				C03329	S-TETRAHYDROBERBERINE			MNXM1610		
Meta-I:12901				0			COc1c(OC)ccc2c1c[n+]1CCc3c(c1c2)cc1c(c3)OCO1				C00757	BERBERINE			MNXM1416		
