R_PR_UID	R_PR_STOICH	R_PR_EC	R_PR_GIBBS	R_RF_PUBMED	R_XR_METACYC	R_XR_SEED	R_XR_KEGG	R_XR_BIGG	R_XR_METANETX	R_MT_ERROR	enumeration.map.ftof.reactions	enumeration.map.ftoz.reactions
RXN-I:24431	 + 1.0 * Meta-I:41194 + 1.0 * Meta-I:40771 ==> 1.0 * Meta-I:41181 + 1.0 * Meta-I:757 + 1.0 * Meta-I:1752				2.1.1.128-RXN	rxn32609 | rxn03472	R05123		MNXR109334		RXN-I:24431	RXN-I:24431
RXN-I:26367	 + 1.0 * Meta-I:41181 + 1.0 * Meta-I:40771 ==> 1.0 * Meta-I:757 + 1.0 * Meta-I:1752 + 1.0 * Meta-I:11827				2.1.1.140-RXN	rxn03208 | rxn17413	R04692		MNXR109051		RXN-I:26367	RXN-I:26367
RXN-I:17373	 + 1.0 * Meta-I:39678 + 1.0 * Meta-I:1752 + 1.0 * Meta-I:11827 + 1.0 * Meta-I:40690 ==> 1.0 * Meta-I:40688 + 1.0 * Meta-I:42676 + 1.0 * Meta-I:22132				1.14.13.71-RXN	rxn03997	R05732		MNXR109788		RXN-I:17373	RXN-I:17373
RXN-I:20922	 + 1.0 * Meta-I:40771 + 1.0 * Meta-I:22132 ==> 1.0 * Meta-I:757 + 1.0 * Meta-I:1752 + 1.0 * Meta-I:36573				2.1.1.116-RXN	rxn02711	R03832		MNXR108462		RXN-I:20922	RXN-I:20922
RXN-I:11950	 + 1.0 * Meta-I:39678 + 1.0 * Meta-I:36573 ==> 1.0 * Meta-I:32656 + 1.0 * Meta-I:8501				RETICULINE-OXIDASE-RXN	rxn02710 | rxn20772	R03831		MNXR108461		RXN-I:11950	RXN-I:11950
RXN-I:6948	 + 1.0 * Meta-I:32656 + 1.0 * Meta-I:40771 ==> 1.0 * Meta-I:15889 + 1.0 * Meta-I:757				2.1.1.117-RXN | RXN-19238	rxn02713	R03835		MNXR108465		RXN-I:6948	RXN-I:6948
RXN-I:28006	 + 1.0 * Meta-I:15889 + 1.0 * Meta-I:39678 + 1.0 * Meta-I:1752 + 1.0 * Meta-I:40690 ==> 1.0 * Meta-I:40688 + 2.0 * Meta-I:42676 + 1.0 * Meta-I:31449				1.1.3.36-RXN	rxn03051 | rxn16898	R04400		MNXR108869		RXN-I:28006	RXN-I:28006
RXN-I:165	 + 2.0 * Meta-I:39678 + 1.0 * Meta-I:1752 + 1.0 * Meta-I:31449 ==> 2.0 * Meta-I:8501 + 1.0 * Meta-I:12901				TETRAHYDROBERBERINE-OXIDASE-RXN	rxn02067 | rxn27287	R02880		MNXR107796		RXN-I:4446,RXN-I:165	RZ_94
