P_PR_UID	P_PR_REACTIONS	P_PR_ORIGIN	P_PR_TARGET	P_PR_INTERMEDIATES	P_PR_BOUNDARY	P_RF_PUBMED	P_MT_SCORE	P_MT_MAXYIELD	P_MT_LENGTH	P_MT_FEASIBILITY
Z1462.9_Meta-I:35331	RXN-I:24521 | RXN-I:18250 | RXN-I:18295 | RXN-I:27532 | RXN-I:25401 | RXN-I:26797 | RXN-I:33792 | RXN-I:11904 | RXN-I:1309	Meta-I:22678	Meta-I:35331	Meta-I:49871 | Meta-I:39325 | Meta-I:40489 | Meta-I:48530 | Meta-I:36855 | Meta-I:33045 | Meta-I:48514 | Meta-I:51967	Meta-I:52041 | Meta-I:22678 | Meta-I:33513 | Meta-I:17262 | Meta-I:42081 | Meta-I:5852 | Meta-I:40688 | Meta-I:40690 | Meta-I:40736 | Meta-I:1752 | Meta-I:42676 | Meta-I:43370				9	
Z1462.5_Meta-I:35331	RXN-I:24521 | RXN-I:18250 | RXN-I:18295 | RXN-I:26281 | RXN-I:29964 | RXN-I:26797 | RXN-I:33792 | RXN-I:11904 | RXN-I:1309	Meta-I:22678	Meta-I:35331	Meta-I:49871 | Meta-I:39325 | Meta-I:40489 | Meta-I:48530 | Meta-I:36855 | Meta-I:33045 | Meta-I:48514 | Meta-I:51967	Meta-I:52041 | Meta-I:22678 | Meta-I:33513 | Meta-I:42953 | Meta-I:40729 | Meta-I:5852 | Meta-I:40685 | Meta-I:40686 | Meta-I:40736 | Meta-I:1752 | Meta-I:42676 | Meta-I:43370				9	
Z1462.6_Meta-I:35331	RXN-I:24521 | RXN-I:18250 | RXN-I:18295 | RXN-I:33015 | RXN-I:29964 | RXN-I:26797 | RXN-I:33792 | RXN-I:11904 | RXN-I:1309	Meta-I:22678	Meta-I:35331	Meta-I:49871 | Meta-I:39325 | Meta-I:40489 | Meta-I:48530 | Meta-I:36855 | Meta-I:33045 | Meta-I:48514 | Meta-I:51967	Meta-I:52041 | Meta-I:22678 | Meta-I:33513 | Meta-I:40736 | Meta-I:24872 | Meta-I:5852 | Meta-I:40685 | Meta-I:40686 | Meta-I:1752 | Meta-I:42676 | Meta-I:43370				9	
Z1462.7_Meta-I:35331	RXN-I:24521 | RXN-I:18250 | RXN-I:18295 | RXN-I:10473 | RXN-I:29964 | RXN-I:26797 | RXN-I:33792 | RXN-I:11904 | RXN-I:1309	Meta-I:22678	Meta-I:35331	Meta-I:49871 | Meta-I:39325 | Meta-I:40489 | Meta-I:48530 | Meta-I:36855 | Meta-I:33045 | Meta-I:48514 | Meta-I:51967	Meta-I:52041 | Meta-I:22678 | Meta-I:33513 | Meta-I:40935 | Meta-I:17126 | Meta-I:5852 | Meta-I:40685 | Meta-I:40686 | Meta-I:40736 | Meta-I:1752 | Meta-I:42676 | Meta-I:43370				9	
Z1462.8_Meta-I:35331	RXN-I:24521 | RXN-I:18250 | RXN-I:18295 | RXN-I:7025 | RXN-I:29964 | RXN-I:26797 | RXN-I:33792 | RXN-I:11904 | RXN-I:1309	Meta-I:22678	Meta-I:35331	Meta-I:49871 | Meta-I:39325 | Meta-I:40489 | Meta-I:48530 | Meta-I:36855 | Meta-I:33045 | Meta-I:48514 | Meta-I:51967	Meta-I:52041 | Meta-I:22678 | Meta-I:33513 | Meta-I:39678 | Meta-I:42676 | Meta-I:8501 | Meta-I:5852 | Meta-I:40685 | Meta-I:40686 | Meta-I:40736 | Meta-I:1752 | Meta-I:43370				9	
Z734.11_Meta-I:35331	RXN-I:24521 | RXN-I:12471 | RXN-I:6038 | RXN-I:26797 | RXN-I:33792 | RXN-I:11904 | RXN-I:1309	Meta-I:22678	Meta-I:35331	Meta-I:49871 | Meta-I:6501 | Meta-I:36855 | Meta-I:33045 | Meta-I:48514 | Meta-I:51967	Meta-I:52041 | Meta-I:22678 | Meta-I:17262 | Meta-I:42081 | Meta-I:5852 | Meta-I:1752 | Meta-I:42676 | Meta-I:40736 | Meta-I:43370				7	
Z734.3_Meta-I:35331	RXN-I:24521 | RXN-I:29613 | RXN-I:6038 | RXN-I:26797 | RXN-I:33792 | RXN-I:11904 | RXN-I:1309	Meta-I:22678	Meta-I:35331	Meta-I:49871 | Meta-I:6501 | Meta-I:36855 | Meta-I:33045 | Meta-I:48514 | Meta-I:51967	Meta-I:52041 | Meta-I:22678 | Meta-I:3333 | Meta-I:31533 | Meta-I:5852 | Meta-I:1752 | Meta-I:42676 | Meta-I:40736 | Meta-I:43370				7	
Z1462.13_Meta-I:35331	RXN-I:24521 | RXN-I:18250 | RXN-I:18295 | RXN-I:26281 | RXN-I:25401 | RXN-I:26797 | RXN-I:33792 | RXN-I:11904 | RXN-I:1309	Meta-I:22678	Meta-I:35331	Meta-I:49871 | Meta-I:39325 | Meta-I:40489 | Meta-I:48530 | Meta-I:36855 | Meta-I:33045 | Meta-I:48514 | Meta-I:51967	Meta-I:52041 | Meta-I:22678 | Meta-I:33513 | Meta-I:42953 | Meta-I:40729 | Meta-I:5852 | Meta-I:40688 | Meta-I:40690 | Meta-I:40736 | Meta-I:1752 | Meta-I:42676 | Meta-I:43370				9	
Z734.2_Meta-I:35331	RXN-I:24521 | RXN-I:15653 | RXN-I:6038 | RXN-I:26797 | RXN-I:33792 | RXN-I:11904 | RXN-I:1309	Meta-I:22678	Meta-I:35331	Meta-I:49871 | Meta-I:6501 | Meta-I:36855 | Meta-I:33045 | Meta-I:48514 | Meta-I:51967	Meta-I:52041 | Meta-I:22678 | Meta-I:10422 | Meta-I:42703 | Meta-I:5852 | Meta-I:1752 | Meta-I:42676 | Meta-I:40736 | Meta-I:43370				7	
Z1462.12_Meta-I:35331	RXN-I:24521 | RXN-I:18250 | RXN-I:18295 | RXN-I:8506 | RXN-I:25401 | RXN-I:26797 | RXN-I:33792 | RXN-I:11904 | RXN-I:1309	Meta-I:22678	Meta-I:35331	Meta-I:49871 | Meta-I:39325 | Meta-I:40489 | Meta-I:48530 | Meta-I:36855 | Meta-I:33045 | Meta-I:48514 | Meta-I:51967	Meta-I:52041 | Meta-I:22678 | Meta-I:33513 | Meta-I:1752 | Meta-I:40685 | Meta-I:40686 | Meta-I:42676 | Meta-I:5852 | Meta-I:40688 | Meta-I:40690 | Meta-I:40736 | Meta-I:43370				9	
Z734.1_Meta-I:35331	RXN-I:24521 | RXN-I:33517 | RXN-I:6038 | RXN-I:26797 | RXN-I:33792 | RXN-I:11904 | RXN-I:1309	Meta-I:22678	Meta-I:35331	Meta-I:49871 | Meta-I:6501 | Meta-I:36855 | Meta-I:33045 | Meta-I:48514 | Meta-I:51967	Meta-I:52041 | Meta-I:22678 | Meta-I:42953 | Meta-I:40729 | Meta-I:5852 | Meta-I:1752 | Meta-I:42676 | Meta-I:40736 | Meta-I:43370				7	
Z1462.11_Meta-I:35331	RXN-I:24521 | RXN-I:18250 | RXN-I:18295 | RXN-I:4259 | RXN-I:25401 | RXN-I:26797 | RXN-I:33792 | RXN-I:11904 | RXN-I:1309	Meta-I:22678	Meta-I:35331	Meta-I:49871 | Meta-I:39325 | Meta-I:40489 | Meta-I:48530 | Meta-I:36855 | Meta-I:33045 | Meta-I:48514 | Meta-I:51967	Meta-I:52041 | Meta-I:22678 | Meta-I:33513 | Meta-I:39859 | Meta-I:40134 | Meta-I:5852 | Meta-I:40688 | Meta-I:40690 | Meta-I:40736 | Meta-I:1752 | Meta-I:42676 | Meta-I:43370				9	
Z1462.10_Meta-I:35331	RXN-I:24521 | RXN-I:18250 | RXN-I:18295 | RXN-I:33825 | RXN-I:25401 | RXN-I:26797 | RXN-I:33792 | RXN-I:11904 | RXN-I:1309	Meta-I:22678	Meta-I:35331	Meta-I:49871 | Meta-I:39325 | Meta-I:40489 | Meta-I:48530 | Meta-I:36855 | Meta-I:33045 | Meta-I:48514 | Meta-I:51967	Meta-I:52041 | Meta-I:22678 | Meta-I:33513 | Meta-I:10422 | Meta-I:42703 | Meta-I:5852 | Meta-I:40688 | Meta-I:40690 | Meta-I:40736 | Meta-I:1752 | Meta-I:42676 | Meta-I:43370				9	
Z734.7_Meta-I:35331	RXN-I:24521 | RXN-I:20253 | RXN-I:6038 | RXN-I:26797 | RXN-I:33792 | RXN-I:11904 | RXN-I:1309	Meta-I:22678	Meta-I:35331	Meta-I:49871 | Meta-I:6501 | Meta-I:36855 | Meta-I:33045 | Meta-I:48514 | Meta-I:51967	Meta-I:52041 | Meta-I:22678 | Meta-I:40736 | Meta-I:24872 | Meta-I:5852 | Meta-I:1752 | Meta-I:42676 | Meta-I:43370				7	
Z734.6_Meta-I:35331	RXN-I:24521 | RXN-I:8629 | RXN-I:6038 | RXN-I:26797 | RXN-I:33792 | RXN-I:11904 | RXN-I:1309	Meta-I:22678	Meta-I:35331	Meta-I:49871 | Meta-I:6501 | Meta-I:36855 | Meta-I:33045 | Meta-I:48514 | Meta-I:51967	Meta-I:52041 | Meta-I:22678 | Meta-I:27537 | Meta-I:12409 | Meta-I:5852 | Meta-I:1752 | Meta-I:42676 | Meta-I:40736 | Meta-I:43370				7	
Z734.5_Meta-I:35331	RXN-I:24521 | RXN-I:23921 | RXN-I:6038 | RXN-I:26797 | RXN-I:33792 | RXN-I:11904 | RXN-I:1309	Meta-I:22678	Meta-I:35331	Meta-I:49871 | Meta-I:6501 | Meta-I:36855 | Meta-I:33045 | Meta-I:48514 | Meta-I:51967	Meta-I:52041 | Meta-I:22678 | Meta-I:12557 | Meta-I:41596 | Meta-I:5852 | Meta-I:1752 | Meta-I:42676 | Meta-I:40736 | Meta-I:43370				7	
Z734.4_Meta-I:35331	RXN-I:24521 | RXN-I:22614 | RXN-I:6038 | RXN-I:26797 | RXN-I:33792 | RXN-I:11904 | RXN-I:1309	Meta-I:22678	Meta-I:35331	Meta-I:49871 | Meta-I:6501 | Meta-I:36855 | Meta-I:33045 | Meta-I:48514 | Meta-I:51967	Meta-I:52041 | Meta-I:22678 | Meta-I:1752 | Meta-I:40685 | Meta-I:42676 | Meta-I:40686 | Meta-I:5852 | Meta-I:40736 | Meta-I:43370				7	
Z1462.1_Meta-I:35331	RXN-I:24521 | RXN-I:18250 | RXN-I:18295 | RXN-I:27532 | RXN-I:29964 | RXN-I:26797 | RXN-I:33792 | RXN-I:11904 | RXN-I:1309	Meta-I:22678	Meta-I:35331	Meta-I:49871 | Meta-I:39325 | Meta-I:40489 | Meta-I:48530 | Meta-I:36855 | Meta-I:33045 | Meta-I:48514 | Meta-I:51967	Meta-I:52041 | Meta-I:22678 | Meta-I:33513 | Meta-I:17262 | Meta-I:42081 | Meta-I:5852 | Meta-I:40685 | Meta-I:40686 | Meta-I:40736 | Meta-I:1752 | Meta-I:42676 | Meta-I:43370				9	
Z1462.2_Meta-I:35331	RXN-I:24521 | RXN-I:18250 | RXN-I:18295 | RXN-I:33825 | RXN-I:29964 | RXN-I:26797 | RXN-I:33792 | RXN-I:11904 | RXN-I:1309	Meta-I:22678	Meta-I:35331	Meta-I:49871 | Meta-I:39325 | Meta-I:40489 | Meta-I:48530 | Meta-I:36855 | Meta-I:33045 | Meta-I:48514 | Meta-I:51967	Meta-I:52041 | Meta-I:22678 | Meta-I:33513 | Meta-I:10422 | Meta-I:42703 | Meta-I:5852 | Meta-I:40685 | Meta-I:40686 | Meta-I:40736 | Meta-I:1752 | Meta-I:42676 | Meta-I:43370				9	
Z734.9_Meta-I:35331	RXN-I:24521 | RXN-I:33241 | RXN-I:6038 | RXN-I:26797 | RXN-I:33792 | RXN-I:11904 | RXN-I:1309	Meta-I:22678	Meta-I:35331	Meta-I:49871 | Meta-I:6501 | Meta-I:36855 | Meta-I:33045 | Meta-I:48514 | Meta-I:51967	Meta-I:52041 | Meta-I:22678 | Meta-I:381 | Meta-I:12409 | Meta-I:5852 | Meta-I:1752 | Meta-I:42676 | Meta-I:40736 | Meta-I:43370				7	
Z1462.3_Meta-I:35331	RXN-I:24521 | RXN-I:18250 | RXN-I:18295 | RXN-I:4259 | RXN-I:29964 | RXN-I:26797 | RXN-I:33792 | RXN-I:11904 | RXN-I:1309	Meta-I:22678	Meta-I:35331	Meta-I:49871 | Meta-I:39325 | Meta-I:40489 | Meta-I:48530 | Meta-I:36855 | Meta-I:33045 | Meta-I:48514 | Meta-I:51967	Meta-I:52041 | Meta-I:22678 | Meta-I:33513 | Meta-I:39859 | Meta-I:40134 | Meta-I:5852 | Meta-I:40685 | Meta-I:40686 | Meta-I:40736 | Meta-I:1752 | Meta-I:42676 | Meta-I:43370				9	
Z734.8_Meta-I:35331	RXN-I:24521 | RXN-I:23597 | RXN-I:6038 | RXN-I:26797 | RXN-I:33792 | RXN-I:11904 | RXN-I:1309	Meta-I:22678	Meta-I:35331	Meta-I:49871 | Meta-I:6501 | Meta-I:36855 | Meta-I:33045 | Meta-I:48514 | Meta-I:51967	Meta-I:52041 | Meta-I:22678 | Meta-I:39678 | Meta-I:1752 | Meta-I:42676 | Meta-I:8501 | Meta-I:5852 | Meta-I:40736 | Meta-I:43370				7	
Z1462.4_Meta-I:35331	RXN-I:24521 | RXN-I:18250 | RXN-I:18295 | RXN-I:8506 | RXN-I:29964 | RXN-I:26797 | RXN-I:33792 | RXN-I:11904 | RXN-I:1309	Meta-I:22678	Meta-I:35331	Meta-I:49871 | Meta-I:39325 | Meta-I:40489 | Meta-I:48530 | Meta-I:36855 | Meta-I:33045 | Meta-I:48514 | Meta-I:51967	Meta-I:52041 | Meta-I:22678 | Meta-I:33513 | Meta-I:1752 | Meta-I:40685 | Meta-I:40686 | Meta-I:42676 | Meta-I:5852 | Meta-I:40736 | Meta-I:43370				9	
Z734.10_Meta-I:35331	RXN-I:24521 | RXN-I:11370 | RXN-I:6038 | RXN-I:26797 | RXN-I:33792 | RXN-I:11904 | RXN-I:1309	Meta-I:22678	Meta-I:35331	Meta-I:49871 | Meta-I:6501 | Meta-I:36855 | Meta-I:33045 | Meta-I:48514 | Meta-I:51967	Meta-I:52041 | Meta-I:22678 | Meta-I:39859 | Meta-I:40134 | Meta-I:5852 | Meta-I:1752 | Meta-I:42676 | Meta-I:40736 | Meta-I:43370				7	
Z1462.16_Meta-I:35331	RXN-I:24521 | RXN-I:18250 | RXN-I:18295 | RXN-I:7025 | RXN-I:25401 | RXN-I:26797 | RXN-I:33792 | RXN-I:11904 | RXN-I:1309	Meta-I:22678	Meta-I:35331	Meta-I:49871 | Meta-I:39325 | Meta-I:40489 | Meta-I:48530 | Meta-I:36855 | Meta-I:33045 | Meta-I:48514 | Meta-I:51967	Meta-I:52041 | Meta-I:22678 | Meta-I:33513 | Meta-I:39678 | Meta-I:42676 | Meta-I:8501 | Meta-I:5852 | Meta-I:40688 | Meta-I:40690 | Meta-I:40736 | Meta-I:1752 | Meta-I:43370				9	
Z1462.15_Meta-I:35331	RXN-I:24521 | RXN-I:18250 | RXN-I:18295 | RXN-I:10473 | RXN-I:25401 | RXN-I:26797 | RXN-I:33792 | RXN-I:11904 | RXN-I:1309	Meta-I:22678	Meta-I:35331	Meta-I:49871 | Meta-I:39325 | Meta-I:40489 | Meta-I:48530 | Meta-I:36855 | Meta-I:33045 | Meta-I:48514 | Meta-I:51967	Meta-I:52041 | Meta-I:22678 | Meta-I:33513 | Meta-I:40935 | Meta-I:17126 | Meta-I:5852 | Meta-I:40688 | Meta-I:40690 | Meta-I:40736 | Meta-I:1752 | Meta-I:42676 | Meta-I:43370				9	
Z1462.14_Meta-I:35331	RXN-I:24521 | RXN-I:18250 | RXN-I:18295 | RXN-I:33015 | RXN-I:25401 | RXN-I:26797 | RXN-I:33792 | RXN-I:11904 | RXN-I:1309	Meta-I:22678	Meta-I:35331	Meta-I:49871 | Meta-I:39325 | Meta-I:40489 | Meta-I:48530 | Meta-I:36855 | Meta-I:33045 | Meta-I:48514 | Meta-I:51967	Meta-I:52041 | Meta-I:22678 | Meta-I:33513 | Meta-I:40736 | Meta-I:24872 | Meta-I:5852 | Meta-I:40688 | Meta-I:40690 | Meta-I:1752 | Meta-I:42676 | Meta-I:43370				9	
