R_PR_UID	R_PR_STOICH	R_PR_EC	R_PR_GIBBS	R_RF_PUBMED	R_XR_METACYC	R_XR_SEED	R_XR_KEGG	R_XR_BIGG	R_XR_METANETX	R_MT_ERROR	enumeration.map.ftof.reactions	enumeration.map.ftoz.reactions
RXN-I:33517	 + 1.0 * Meta-I:49871 + 1.0 * Meta-I:40729 <=> 1.0 * Meta-I:6501 + 1.0 * Meta-I:42953				PHEAMINOTRANS-RXN | RXN-10814	rxn38254 | rxn21134 | rxn00493 | rxn28060	R00694	PHETA1 | PHETA1m | POATh	MNXR126234 | MNXR138701		RXN-I:33517,RXN-I:15653,RXN-I:29613,RXN-I:22614,RXN-I:23921,RXN-I:8629,RXN-I:20253,RXN-I:23597,RXN-I:33241,RXN-I:11370,RXN-I:12471	RZ_50
RXN-I:23911	 + 1.0 * Meta-I:6501 + 1.0 * Meta-I:1752 ==> 1.0 * Meta-I:5852 + 1.0 * Meta-I:41479				PHENYLPYRUVATE-DECARBOXYLASE-RXN	rxn20539 | rxn01003	R01377	PPYRDC	MNXR125761 | MNXR138719		RXN-I:23911	RXN-I:23911
RXN-I:146	 + 1.0 * Meta-I:41479 + 1.0 * Meta-I:42676 + 1.0 * Meta-I:40686 <=> 1.0 * Meta-I:1752 + 1.0 * Meta-I:18337 + 1.0 * Meta-I:40685				PHENDEHYD-RXN	rxn01840 | rxn20533 | rxn29989	R02536	r0546 | ALDD19xr	MNXR95743 | MNXR141948		RXN-I:32248,RXN-I:146	RZ_58
RXN-I:19379	 + 1.0 * Meta-I:36885 + 1.0 * Meta-I:42676 <=> 1.0 * Meta-I:18337 + 1.0 * Meta-I:12273				RXN0-7104	rxn16681	R09840	PACOAT | PHACTE	MNXR102614		RXN-I:13694,RXN-I:19379	RZ_73
RXN-I:34642	 + 1.0 * Meta-I:36885 + 1.0 * Meta-I:42676 + 2.0 * Meta-I:37829 <=> 2.0 * Meta-I:41074 + 1.0 * Meta-I:27286					rxn04999			MNXR134786		RXN-I:19924,RXN-I:28895,RXN-I:34642,RXN-I:16506,RXN-I:29904,RXN-I:4939,RXN-I:29035	RZ_86
RXN-I:7236	 + 1.0 * Meta-I:42676 + 1.0 * Meta-I:27286 ==> 1.0 * Meta-I:37359 + 1.0 * Meta-I:12273				3.1.2.25-RXN	rxn05047	R07294		MNXR110969		RXN-I:7236	RXN-I:7236
RXN-I:8824	 + 1.0 * Meta-I:40686 + 1.0 * Meta-I:43626 <=> 1.0 * Meta-I:37359 + 1.0 * Meta-I:1752 + 1.0 * Meta-I:40685				RXN-15840	rxn02687	R03790		MNXR108426		RXN-I:8824,RXN-I:17109,RXN-I:26908	RZ_96
RXN-I:11370	 + 1.0 * Meta-I:39859 + 1.0 * Meta-I:6501 <=> 1.0 * Meta-I:40134 + 1.0 * Meta-I:49871								MNXR141462		RXN-I:33517,RXN-I:15653,RXN-I:29613,RXN-I:22614,RXN-I:23921,RXN-I:8629,RXN-I:20253,RXN-I:23597,RXN-I:33241,RXN-I:11370,RXN-I:12471	RZ_50
RXN-I:32248	 + 1.0 * Meta-I:41479 + 1.0 * Meta-I:40688 + 1.0 * Meta-I:42676 <=> 2.0 * Meta-I:1752 + 1.0 * Meta-I:18337 + 1.0 * Meta-I:40690					rxn01841	R02537	ALDD19x_P | r0548	MNXR141949 | MNXR95742		RXN-I:32248,RXN-I:146	RZ_58
RXN-I:4939	 + 1.0 * Meta-I:36885 + 1.0 * Meta-I:42676 + 2.0 * Meta-I:9025 <=> 2.0 * Meta-I:41074 + 1.0 * Meta-I:1752 + 1.0 * Meta-I:27286					rxn35636					RXN-I:19924,RXN-I:28895,RXN-I:34642,RXN-I:16506,RXN-I:29904,RXN-I:4939,RXN-I:29035	RZ_86
RXN-I:12471	 + 1.0 * Meta-I:42081 + 1.0 * Meta-I:49871 <=> 1.0 * Meta-I:17262 + 1.0 * Meta-I:6501					rxn11210		araphe2	MNXR142412		RXN-I:33517,RXN-I:15653,RXN-I:29613,RXN-I:22614,RXN-I:23921,RXN-I:8629,RXN-I:20253,RXN-I:23597,RXN-I:33241,RXN-I:11370,RXN-I:12471	RZ_50
RXN-I:33241	 + 1.0 * Meta-I:6501 + 1.0 * Meta-I:12409 <=> 1.0 * Meta-I:381 + 1.0 * Meta-I:49871						R11068		MNXR139841		RXN-I:33517,RXN-I:15653,RXN-I:29613,RXN-I:22614,RXN-I:23921,RXN-I:8629,RXN-I:20253,RXN-I:23597,RXN-I:33241,RXN-I:11370,RXN-I:12471	RZ_50
RXN-I:13694	 + 1.0 * Meta-I:33695 + 1.0 * Meta-I:18337 + 1.0 * Meta-I:12273 <=> 1.0 * Meta-I:36885 + 1.0 * Meta-I:40733 + 1.0 * Meta-I:35208				RXN-10819	rxn30045 | rxn01842	R02539	PACCOAL | PACCOALm	MNXR102315 | MNXR141950		RXN-I:13694,RXN-I:19379	RZ_73
RXN-I:28895	 + 1.0 * Meta-I:36885 + 2.0 * Meta-I:19655 + 1.0 * Meta-I:1752 + 1.0 * Meta-I:42676 <=> 2.0 * Meta-I:34918 + 1.0 * Meta-I:27286					rxn35637					RXN-I:19924,RXN-I:28895,RXN-I:34642,RXN-I:16506,RXN-I:29904,RXN-I:4939,RXN-I:29035	RZ_86
RXN-I:23597	 + 1.0 * Meta-I:39678 + 1.0 * Meta-I:42676 + 1.0 * Meta-I:49871 <=> 1.0 * Meta-I:52041 + 1.0 * Meta-I:6501 + 1.0 * Meta-I:1752 + 1.0 * Meta-I:8501				RXN-17130	rxn00488	R00689	PHEOX	MNXR140658 | MNXR138700 | MNXR102628		RXN-I:33517,RXN-I:15653,RXN-I:29613,RXN-I:22614,RXN-I:23921,RXN-I:8629,RXN-I:20253,RXN-I:23597,RXN-I:33241,RXN-I:11370,RXN-I:12471	RZ_50
RXN-I:8629	 + 1.0 * Meta-I:6501 + 1.0 * Meta-I:12409 <=> 1.0 * Meta-I:27537 + 1.0 * Meta-I:49871				RXN-16297				MNXR140607		RXN-I:33517,RXN-I:15653,RXN-I:29613,RXN-I:22614,RXN-I:23921,RXN-I:8629,RXN-I:20253,RXN-I:23597,RXN-I:33241,RXN-I:11370,RXN-I:12471	RZ_50
RXN-I:15653	 + 1.0 * Meta-I:42703 + 1.0 * Meta-I:49871 <=> 1.0 * Meta-I:10422 + 1.0 * Meta-I:6501					rxn11209		araphe1	MNXR142411		RXN-I:33517,RXN-I:15653,RXN-I:29613,RXN-I:22614,RXN-I:23921,RXN-I:8629,RXN-I:20253,RXN-I:23597,RXN-I:33241,RXN-I:11370,RXN-I:12471	RZ_50
RXN-I:16506	 + 1.0 * Meta-I:36885 + 1.0 * Meta-I:1752 + 2.0 * Meta-I:51354 + 1.0 * Meta-I:42676 <=> 2.0 * Meta-I:20723 + 1.0 * Meta-I:27286					rxn35641					RXN-I:19924,RXN-I:28895,RXN-I:34642,RXN-I:16506,RXN-I:29904,RXN-I:4939,RXN-I:29035	RZ_86
RXN-I:23921	 + 1.0 * Meta-I:6501 + 1.0 * Meta-I:41596 <=> 1.0 * Meta-I:12557 + 1.0 * Meta-I:49871				2.6.1.64-RXN	rxn33389 | rxn01001 | rxn33390	R01375		MNXR139039 | MNXR125927		RXN-I:33517,RXN-I:15653,RXN-I:29613,RXN-I:22614,RXN-I:23921,RXN-I:8629,RXN-I:20253,RXN-I:23597,RXN-I:33241,RXN-I:11370,RXN-I:12471	RZ_50
RXN-I:29613	 + 1.0 * Meta-I:6501 + 1.0 * Meta-I:31533 <=> 1.0 * Meta-I:3333 + 1.0 * Meta-I:49871				2.6.1.70-RXN	rxn00494	R00695		MNXR138984 | MNXR125757		RXN-I:33517,RXN-I:15653,RXN-I:29613,RXN-I:22614,RXN-I:23921,RXN-I:8629,RXN-I:20253,RXN-I:23597,RXN-I:33241,RXN-I:11370,RXN-I:12471	RZ_50
RXN-I:22614	 + 1.0 * Meta-I:52041 + 1.0 * Meta-I:6501 + 1.0 * Meta-I:1752 + 1.0 * Meta-I:40685 <=> 1.0 * Meta-I:42676 + 1.0 * Meta-I:40686 + 1.0 * Meta-I:49871				PHENYLALANINE-DEHYDROGENASE-RXN	rxn00487	R00688		MNXR126077 | MNXR138982		RXN-I:33517,RXN-I:15653,RXN-I:29613,RXN-I:22614,RXN-I:23921,RXN-I:8629,RXN-I:20253,RXN-I:23597,RXN-I:33241,RXN-I:11370,RXN-I:12471	RZ_50
RXN-I:20253	 + 1.0 * Meta-I:40736 + 1.0 * Meta-I:49871 <=> 1.0 * Meta-I:24872 + 1.0 * Meta-I:6501				2.6.1.58-RXN	rxn00491 | rxn37938	R00692		MNXR138983 | MNXR125716		RXN-I:33517,RXN-I:15653,RXN-I:29613,RXN-I:22614,RXN-I:23921,RXN-I:8629,RXN-I:20253,RXN-I:23597,RXN-I:33241,RXN-I:11370,RXN-I:12471	RZ_50
RXN-I:19924	 + 1.0 * Meta-I:36885 + 1.0 * Meta-I:1752 + 2.0 * Meta-I:43636 + 1.0 * Meta-I:42676 <=> 2.0 * Meta-I:20695 + 1.0 * Meta-I:27286					rxn35640					RXN-I:19924,RXN-I:28895,RXN-I:34642,RXN-I:16506,RXN-I:29904,RXN-I:4939,RXN-I:29035	RZ_86
RXN-I:29904	 + 1.0 * Meta-I:36885 + 1.0 * Meta-I:42676 + 2.0 * Meta-I:1791 <=> 2.0 * Meta-I:6131 + 1.0 * Meta-I:27286								MNXR125840		RXN-I:19924,RXN-I:28895,RXN-I:34642,RXN-I:16506,RXN-I:29904,RXN-I:4939,RXN-I:29035	RZ_86
RXN-I:29035	 + 1.0 * Meta-I:36885 + 1.0 * Meta-I:1752 + 1.0 * Meta-I:42676 + 2.0 * Meta-I:8708 <=> 2.0 * Meta-I:51483 + 1.0 * Meta-I:27286					rxn35635					RXN-I:19924,RXN-I:28895,RXN-I:34642,RXN-I:16506,RXN-I:29904,RXN-I:4939,RXN-I:29035	RZ_86
RXN-I:31905	 + 1.0 * Meta-I:39678 + 1.0 * Meta-I:1752 + 1.0 * Meta-I:42676 + 1.0 * Meta-I:49871 ==> 1.0 * Meta-I:52041 + 1.0 * Meta-I:5852 + 1.0 * Meta-I:41479 + 1.0 * Meta-I:8501				RXN-8990	rxn25282	R11918		MNXR122572		RXN-I:31905	RXN-I:31905
RXN-I:24521	 + 1.0 * Meta-I:49871 ==> 1.0 * Meta-I:52041 + 1.0 * Meta-I:22678				PHENYLALANINE-AMMONIA-LYASE-RXN	rxn32187 | rxn32185 | rxn32193 | rxn00495 | rxn30552 | rxn32189	R00697		MNXR106649		RXN-I:24521	RXN-I:24521
RXN-I:6584	 + 1.0 * Meta-I:22678 + 1.0 * Meta-I:40686 + 2.0 * Meta-I:42676 ==> 1.0 * Meta-I:51967 + 1.0 * Meta-I:1752 + 1.0 * Meta-I:40685 + 1.0 * Meta-I:40186				RXN-9336	rxn31419 | rxn01039	R01426		MNXR106986		RXN-I:6584	RXN-I:6584
RXN-I:11904	 + 1.0 * Meta-I:51967 ==> 1.0 * Meta-I:48514					rxn01040	R01427		MNXR106987		RXN-I:11904	RXN-I:11904
RXN-I:33792	 + 1.0 * Meta-I:48514 + 1.0 * Meta-I:40736 <=> 1.0 * Meta-I:33045				RXN-14940		R10597		MNXR113924		RXN-I:33792	RXN-I:33792
RXN-I:26797	 + 1.0 * Meta-I:33045 ==> 1.0 * Meta-I:36855				CHORISMATEMUT-RXN	rxn33299 | rxn19309 | rxn01256	R01715	CHRM | CHORM	MNXR96708		RXN-I:26797	RXN-I:26797
RXN-I:6038	 + 1.0 * Meta-I:1752 + 1.0 * Meta-I:36855 ==> 1.0 * Meta-I:6501 + 1.0 * Meta-I:5852 + 1.0 * Meta-I:42676				PREPHENATEDEHYDRAT-RXN	rxn01000 | rxn33346 | rxn28085	R01373	PPNDH	MNXR138717 | MNXR126086		RXN-I:6038	RXN-I:6038
