M_PR_UID	M_PR_SMILE-CAN-OB
CMPD_0000000001	O=C(CCc1ccc(cc1)O)SCCN=C(CCN=C(C(C(COP(=O)(OP(=O)(OCC1OC(C(C1OP(=O)(O)O)O)n1cnc2c1ncnc2N)O)O)(C)C)O)O)O
CMPD_0000000006	O=C(C=Cc1ccc(cc1)O)SCCN=C(CCN=C(C(C(COP(=O)(OP(=O)(OCC1OC(C(C1OP(=O)(O)O)O)n1cnc2c1ncnc2N)O)O)(C)C)O)O)O
CMPD_0000000009	O=C(CCc1ccc(cc1)O)SCCN=C(CCN=C(C(C(COP(=O)(OP(=O)(OCC1OC(C(C1OP(=O)(O)(O)O)O)n1cnc2c1ncnc2N)O)O)(C)C)O)O)O
CMPD_0000000010	O=C(CCc1ccc(cc1)O)SCCN=C(CCN=C(C(C(COP(=O)(OP(=O)(OCC1OC(C(C1O)O)n1cnc2c1ncnc2N)O)O)(C)C)O)O)O
CMPD_0000000018	O=C(C=Cc1ccc(cc1)O)SCCN=C(CCN=C(C(C(COP(=O)(OP(=O)(OCC1OC(C(C1O)O)n1cnc2c1ncnc2N)O)O)(C)C)O)O)O
CMPD_0000000161	OC(=O)C=Cc1ccc(cc1)O
CMPD_0000000165	OC1C(COP(=O)(OP(=O)(OP(=O)(O)(O)O)O)O)OC(C1O)n1cnc2c1ncnc2N
MNXM01	[H+]
MNXM1	[H+]
MNXM12	SCCN=C(CCN=C(C(C(COP(=O)(OP(=O)(OCC1OC(C(C1OP(=O)(O)O)O)n1cnc2c1ncnc2N)O)O)(C)C)O)O)O
MNXM3	OC1C(COP(=O)(OP(=O)(OP(=O)(O)O)O)O)OC(C1O)n1cnc2c1ncnc2N
MNXM40	OC(=O)CC(=O)SCCN=C(CCN=C(C(C(COP(=O)(OP(=O)(OCC1OC(C(C1OP(=O)(O)O)O)n1cnc2c1ncnc2N)O)O)(C)C)O)O)O
MNXM481	SCCN=C(CCN=C(C(C(COP(=O)(OP(=O)(OCC1OC(C(C1O)O)n1cnc2c1ncnc2N)O)O)(C)C)O)O)O
MNXM6	OC1C(O)C(OC1N1C=CCC(=C1)C(=N)O)COP(=O)(OP(=O)(OCC1OC(C(C1O)OP(=O)(O)O)n1cnc2c1ncnc2N)O)O
MNXM9	OP(=O)(O)O
TARGET_0000000001	Oc1ccc(cc1)CCC(=O)c1c(O)cc(cc1O)O
