P_PR_UID	P_PR_REACTIONS	P_PR_ORIGIN	P_PR_TARGET	P_PR_BOUNDARY	P_PR_INTERMEDIATES
1	TRS_0_2_222_0 | TRS_0_1_0_0 | TRS_0_0_0_0	CMPD_0000000161	TARGET_0000000001	MNXM01 | MNXM12 | MNXM40 | MNXM6	CMPD_0000000006 | CMPD_0000000001
2	TRS_0_2_222_0 | TRS_0_1_0_1 | TRS_0_0_0_0	CMPD_0000000161	TARGET_0000000001	MNXM1 | MNXM12 | MNXM40 | MNXM6	CMPD_0000000006 | CMPD_0000000001
5	TRS_0_3_471_0 | TRS_0_2_0_0 | TRS_0_1_3_0 | TRS_0_0_0_0	CMPD_0000000161	TARGET_0000000001	MNXM01 | MNXM3 | MNXM40 | MNXM481 | MNXM6	CMPD_0000000018 | CMPD_0000000010 | CMPD_0000000001
6	TRS_0_3_471_0 | TRS_0_2_0_1 | TRS_0_1_3_0 | TRS_0_0_0_0	CMPD_0000000161	TARGET_0000000001	MNXM1 | MNXM3 | MNXM40 | MNXM481 | MNXM6	CMPD_0000000018 | CMPD_0000000010 | CMPD_0000000001
9	TRS_0_3_471_0 | TRS_0_2_0_0 | TRS_0_1_4_0 | TRS_0_0_0_0	CMPD_0000000161	TARGET_0000000001	MNXM01 | MNXM40 | MNXM481 | MNXM6 | MNXM9	CMPD_0000000018 | CMPD_0000000010 | CMPD_0000000001
10	TRS_0_3_471_0 | TRS_0_2_0_1 | TRS_0_1_4_0 | TRS_0_0_0_0	CMPD_0000000161	TARGET_0000000001	MNXM1 | MNXM40 | MNXM481 | MNXM6 | MNXM9	CMPD_0000000018 | CMPD_0000000010 | CMPD_0000000001
13	TRS_0_3_471_0 | TRS_0_2_217_0 | TRS_0_1_0_0 | TRS_0_0_0_0	CMPD_0000000161	TARGET_0000000001	MNXM01 | MNXM3 | MNXM40 | MNXM481 | MNXM6	CMPD_0000000018 | CMPD_0000000006 | CMPD_0000000001
14	TRS_0_3_471_0 | TRS_0_2_217_0 | TRS_0_1_0_1 | TRS_0_0_0_0	CMPD_0000000161	TARGET_0000000001	MNXM1 | MNXM3 | MNXM40 | MNXM481 | MNXM6	CMPD_0000000018 | CMPD_0000000006 | CMPD_0000000001
17	TRS_0_3_471_0 | TRS_0_2_218_0 | TRS_0_1_0_0 | TRS_0_0_0_0	CMPD_0000000161	TARGET_0000000001	MNXM01 | MNXM40 | MNXM481 | MNXM6 | MNXM9	CMPD_0000000018 | CMPD_0000000006 | CMPD_0000000001
18	TRS_0_3_471_0 | TRS_0_2_218_0 | TRS_0_1_0_1 | TRS_0_0_0_0	CMPD_0000000161	TARGET_0000000001	MNXM1 | MNXM40 | MNXM481 | MNXM6 | MNXM9	CMPD_0000000018 | CMPD_0000000006 | CMPD_0000000001
45	TRS_0_3_471_0 | TRS_0_2_0_0 | TRS_0_2_27_0 | TRS_0_1_2_0 | TRS_0_0_0_0	CMPD_0000000161	TARGET_0000000001	CMPD_0000000165 | MNXM01 | MNXM40 | MNXM481 | MNXM6	CMPD_0000000018 | CMPD_0000000010 | CMPD_0000000009 | CMPD_0000000001
46	TRS_0_3_471_0 | TRS_0_2_0_1 | TRS_0_2_27_0 | TRS_0_1_2_0 | TRS_0_0_0_0	CMPD_0000000161	TARGET_0000000001	CMPD_0000000165 | MNXM1 | MNXM40 | MNXM481 | MNXM6	CMPD_0000000018 | CMPD_0000000010 | CMPD_0000000009 | CMPD_0000000001
