R_PR_UID	R_PR_STOICH	R_PR_EC	R_PR_GIBBS	R_RF_PUBMED	R_XR_METACYC	R_XR_SEED	R_XR_KEGG	R_XR_BIGG	R_XR_METANETX	R_MT_ERROR	enumeration.map.ftof.reactions	enumeration.map.ftoz.reactions
RXN-I:22256	 + 1.0 * Meta-I:39678 + 1.0 * Meta-I:34930 + 1.0 * Meta-I:40690 ==> 1.0 * Meta-I:40688 + 1.0 * Meta-I:79					rxn30913					RXN-I:14214,RXN-I:22256	RZ_6
RXN-I:22195	 + 1.0 * Meta-I:40771 + 1.0 * Meta-I:79 ==> 1.0 * Meta-I:35742 + 1.0 * Meta-I:757 + 1.0 * Meta-I:1752				RXN-7754	rxn24424			MNXR122018		RXN-I:22195,RXN-I:11542,RXN-I:35788,RXN-I:33352	RZ_31
RXN-I:14214	 + 1.0 * Meta-I:39678 + 1.0 * Meta-I:34930 + 1.0 * Meta-I:1752 + 1.0 * Meta-I:40690 ==> 1.0 * Meta-I:40688 + 1.0 * Meta-I:42676 + 1.0 * Meta-I:79				RXN-7652	rxn28346 | rxn24348 | rxn01765	R02442		MNXR139107 | MNXR107508		RXN-I:14214,RXN-I:22256	RZ_6
RXN-I:22517	 + 1.0 * Meta-I:34930 ==> 1.0 * Meta-I:35742					rxn07816	R08026		MNXR139580		RXN-I:19105,RXN-I:22517,RXN-I:28625,RXN-I:13864,RXN-I:1481,RXN-I:33388,RXN-I:25318,RXN-I:23411,RXN-I:33939,RXN-I:33031,RXN-I:31591,RXN-I:9741	RZ_5
