M_PR_UID	M_PR_NAME	M_PR_FORMULA	M_PR_CHARGE	M_PR_INCHI	M_PR_SMILE-CAN-OB	M_PR_COFACTOR	M_XR_KEGG	M_XR_CHEBI
1	NAD+	C21H28N7O14P2	1	BAWFJGJZGIEFAR-UHFFFAOYSA-N	OC1C(O)C(OC1[n+]1cccc(c1)C(=O)N)COP(=O)(OP(=O)(OCC1OC(C(C1O)O)n1cnc2c1ncnc2N)O)O	1	C00003	15846
2	NADH	C21H29N7O14P2	0	BOPGDPNILDQYTO-UHFFFAOYSA-N	OC1C(O)C(OC1N1C=CCC(=C1)C(=O)N)COP(=O)(OP(=O)(OCC1OC(C(C1O)O)n1cnc2c1ncnc2N)O)O	1	C00004	16908
3	H+	H	1	-UHFFFAOYSA-N		1	C00080	15378
4	NADP+	C21H29N7O17P3	1	XJLXINKUBYWONI-UHFFFAOYSA-N	OC1C(O)C(OC1[n+]1cccc(c1)C(=O)N)COP(=O)(OP(=O)(OCC1OC(C(C1O)OP(=O)(O)O)n1cnc2c1ncnc2N)O)O	1	C00006	18009
5	NADPH	C21H30N7O17P3	0	ACFIXJIJDZMPPO-UHFFFAOYSA-N	OC1C(O)C(OC1N1C=CCC(=C1)C(=O)N)COP(=O)(OP(=O)(OCC1OC(C(C1O)OP(=O)(O)O)n1cnc2c1ncnc2N)O)O	1	C00005	16474
6	CO2	CO2	0	CURLTUGMZLYLDI-UHFFFAOYSA-N	O=C=O	1	C00011	16526
7	H2O	H2O	0	XLYOFNOQVPJJNP-UHFFFAOYSA-N	O	1	C00001	15377,16234,18219,6637,31341,31794,32035,32145,31344,33130,32108,49900,29191,81045,81882
10	Oxygen	O2	0	MYMOFIZGZYHOMD-UHFFFAOYSA-N	O=O	1	C00007	15379
13	Hydrogen peroxide	H2O2	0	MHAJPDPJQMAIIY-UHFFFAOYSA-N	OO	1	C00027	16240,18421,81304,48233
19	Tetrahydrobiopterin	C9H15N5O3	0	FNKQXYHWGSIFBK-UHFFFAOYSA-N	CC(C(C1CNc2c(N1)c(=O)[nH]c(n2)N)O)O	1	C00272	15372
40	Diphosphate	H4O7P2	0	XPPKVPWEQAFLFU-UHFFFAOYSA-N	OP(=O)(OP(=O)(O)O)O	1	C00013	18361
44	Pyruvate	C3H4O3	0	LCTONWCANYUPML-UHFFFAOYSA-N	OC(=O)C(=O)C	1	C00022	15361
52	HCO3-	CH2O3	0	BVKZGUZCCUSVTD-UHFFFAOYSA-N	OC(=O)O	1	C00288	17544,28976,6504,3311,32139,31793,81862
53	4-Hydroxyphenylethanol	C8H10O2	0	YCCILVSKPBXVIP-UHFFFAOYSA-N	OCCc1ccc(cc1)O	0	C06044	1879
54	4-Hydroxyphenylacetaldehyde	C8H8O2	0	IPRPPFIAVHPVJH-UHFFFAOYSA-N	O=CCc1ccc(cc1)O	0	C03765	15621
57	1-(4-hydroxyphenyl)ethane-1,2-diol	C8H10O3	0	VYRWCSXMABWFDW-UHFFFAOYSA-N	OCC(c1ccc(cc1)O)O	0		15621
64	4a-Hydroxytetrahydrobiopterin	C9H15N5O4	0	KJKIEFUPAPPGBC-UHFFFAOYSA-N	NC1=NC(=O)C2(C(=N1)NCC(N2)C(C(O)C)O)O	0	C15522	15642,15374
65	4-[(E)-2-hydroxyvinyl]phenol|4-[(E)-2-hydroxyethenyl]phenol	C8H8O2	0	AVHKOIHDSGYXMF-UHFFFAOYSA-N	OC=Cc1ccc(cc1)O	0		15642,15374
85	3-(4-Hydroxyphenyl)lactate	C9H10O4	0	JVGVDSSUAVXRDY-UHFFFAOYSA-N	OC(=O)C(Cc1ccc(cc1)O)O	0	C03672	17385,10980,17385 36659
92	ethenol	C2H4O	0	IMROMDMJAWUWLK-UHFFFAOYSA-N	OC=C	0		17385,10980,17385 36659
111	3-(4-Hydroxyphenyl)pyruvate	C9H7O4	-1	KKADPXVIOXHVKN-UHFFFAOYSA-N	Oc1ccc(cc1)CC(=O)C(=O)O	0	C01179	15999,15999 36242
115	4-(2-oxiranyl)phenol|4-(oxiran-2-yl)phenol	C8H8O2	0	BZENRVUXKMEUBO-UHFFFAOYSA-N	Oc1ccc(cc1)C1OC1	0		15999,15999 36242
380	1-(2-carboxy-2-hydroxyethyl)-4-hydroxy-1-cyclohexa-2,5-dienecarboxylic acid|1-(2-carboxy-2-hydroxy-ethyl)-4-hydroxy-cyclohexa-2,5-diene-1-carboxylic acid	C10H10O6	-2	NJHQXJPGTQOYFN-UHFFFAOYSA-N	OC(=O)C(CC1(C=CC(C=C1)O)C(=O)O)O	0		15999,15999 36242
482	Acetate	C2H3O2	-1	QTBSBXVTEAMEQO-UHFFFAOYSA-N	CC(=O)O	0	C00033	15366,32029,15366 30089
637	Prephenate	C10H8O6	-2	FPWMCUPFBRFMLH-UHFFFAOYSA-N	OC1C=CC(C=C1)(CC(=O)C(=O)O)C(=O)O	0	C00254	29934,29934 84387
666	4-Hydroxybenzoate	C7H5O3	-1	FJKROLUGYXJWQN-UHFFFAOYSA-N	Oc1ccc(cc1)C(=O)O	0	C00156	17879,17879 30763
667	2-oxiranyl phosphono hydrogen phosphate|oxiran-2-yl phosphono hydrogen phosphate	C2H4O8P2	-2	YGUZHMCFQYGWDG-UHFFFAOYSA-N	OP(=O)(OP(=O)(OC1CO1)O)O	0		17879,17879 30763
1321	2-hydroxyacrylic acid	C3H3O3	-1	FEWFXBUNENSNBQ-UHFFFAOYSA-N	OC(=O)C(=C)O	0		86354
1447	4-hydroxybenzoyl-acetate|(CHEMSPIDER "13615627" NIL |kothari| 3563631791 NIL NIL)	C9H7O4	-1	HRXAQVGNCWFWTL-UHFFFAOYSA-N	OC(=O)CC(=O)c1ccc(cc1)O	0		86354
1809	2-(4-hydroxyphenoxy)-2-propenoic acid|2-(4-hydroxyphenoxy)prop-2-enoic acid	C9H7O4	-1	GLGRMNLVWLJZHQ-UHFFFAOYSA-N	Oc1ccc(cc1)OC(=C)C(=O)O	0		86354
3605	Malonate	C3H2O4	-2	OFOBLEOULBTSOW-UHFFFAOYSA-N	OC(=O)CC(=O)O	0	C00383	15792,35692,28383,15792 30794
3617	Chorismate	C10H8O6	-2	WTFXTQVDAKGDEY-UHFFFAOYSA-N	OC1C=CC(=CC1OC(=C)C(=O)O)C(=O)O	0	C00251	17333
6598	2-phenoxy-2-propenoic acid|2-phenoxyprop-2-enoic acid	C9H7O3	-1	ODWASQWJJUOKNN-UHFFFAOYSA-N	C=C(C(=O)O)Oc1ccccc1	0		17333
7972	4-Hydroxy-benzenepropanedioate|3-(4-hydroxyphenoxy)-3-oxopropanoic acid|3-(4-hydroxyphenoxy)-3-oxopropanoic acid</traditional_iupac>	C9H7O5	-1	LEOVWDSHDAVANJ-UHFFFAOYSA-N	OC(=O)CC(=O)Oc1ccc(cc1)O	0		17333
9199	5-(1-carboxyethenoxy)-2-hydroxybenzoic acid|5-(1-carboxyvinyloxy)-2-hydroxy-benzoic acid	C10H6O6	-2	BEGACNVZFBQZRM-UHFFFAOYSA-N	C=C(C(=O)O)Oc1ccc(c(c1)C(=O)O)O	0		17333
15997	2-[(1R,6R)-6-hydroxycyclohexa-2,4-dien-1-yl]oxyprop-2-enoic acid|2-[[(1R,6R)-6-hydroxy-1-cyclohexa-2,4-dienyl]oxy]-2-propenoic acid	C9H9O4	-1	HXOOUEAJXAKSQW-UHFFFAOYSA-N	OC1C=CC=CC1OC(=C)C(=O)O	0		17333
15999	3-[(1-Carboxyvinyl)oxy]benzoate	C10H6O5	-2	HGVAHYJMDVROLE-UHFFFAOYSA-N	C=C(C(=O)O)Oc1cccc(c1)C(=O)O	0	C20772	17333
