M_PR_UID	M_PR_NAME	M_PR_FORMULA	M_PR_CHARGE	M_PR_INCHI	M_PR_SMILE-CAN-OB	M_PR_COFACTOR	M_XR_KEGG	M_XR_CHEBI
1	NAD+	C21H28N7O14P2	1	BAWFJGJZGIEFAR-UHFFFAOYSA-N	OC1C(O)C(OC1[n+]1cccc(c1)C(=O)N)COP(=O)(OP(=O)(OCC1OC(C(C1O)O)n1cnc2c1ncnc2N)O)O	1	C00003	15846
2	NADH	C21H29N7O14P2	0	BOPGDPNILDQYTO-UHFFFAOYSA-N	OC1C(O)C(OC1N1C=CCC(=C1)C(=O)N)COP(=O)(OP(=O)(OCC1OC(C(C1O)O)n1cnc2c1ncnc2N)O)O	1	C00004	16908
3	H+	H	1	-UHFFFAOYSA-N		1	C00080	15378
4	NADP+	C21H29N7O17P3	1	XJLXINKUBYWONI-UHFFFAOYSA-N	OC1C(O)C(OC1[n+]1cccc(c1)C(=O)N)COP(=O)(OP(=O)(OCC1OC(C(C1O)OP(=O)(O)O)n1cnc2c1ncnc2N)O)O	1	C00006	18009
5	NADPH	C21H30N7O17P3	0	ACFIXJIJDZMPPO-UHFFFAOYSA-N	OC1C(O)C(OC1N1C=CCC(=C1)C(=O)N)COP(=O)(OP(=O)(OCC1OC(C(C1O)OP(=O)(O)O)n1cnc2c1ncnc2N)O)O	1	C00005	16474
7	H2O	H2O	0	XLYOFNOQVPJJNP-UHFFFAOYSA-N	O	1	C00001	15377,16234,18219,6637,31341,31794,32035,32145,31344,33130,32108,49900,29191,81045,81882
9	CoA	C21H36N7O16P3S	0	COA_COMPOUND	SCCNC(=O)CCNC(=O)C(C(COP(=O)(OP(=O)(OCC1OC(C(C1OP(=O)(O)O)O)n1cnc2c1ncnc2N)O)O)(C)C)O	1	C00010	15346
10	Oxygen	O2	0	MYMOFIZGZYHOMD-UHFFFAOYSA-N	O=O	1	C00007	15379
19	Tetrahydrobiopterin	C9H15N5O3	0	FNKQXYHWGSIFBK-UHFFFAOYSA-N	CC(C(C1CNc2c(N1)c(=O)[nH]c(n2)N)O)O	1	C00272	15372
31	Acetyl-CoA	C23H38N7O17P3S	0	COA_COMPOUND	O=C(NCCSC(=O)C)CCNC(=O)C(C(COP(=O)(OP(=O)(OCC1OC(C(C1OP(=O)(O)O)O)n1cnc2c1ncnc2N)O)O)(C)C)O	1	C00024	15351
32	Acyl-CoA	C22H35N7O17P3RS	0	COA_COMPOUND		1	C00040	17984,31330
40	Diphosphate	H4O7P2	0	XPPKVPWEQAFLFU-UHFFFAOYSA-N	OP(=O)(OP(=O)(O)O)O	1	C00013	18361
42	ATP	C10H16N5O13P3	0	ZKHQWZAMYRWXGA-UHFFFAOYSA-N	OC1C(COP(=O)(OP(=O)(OP(=O)(O)O)O)O)OC(C1O)n1cnc2c1ncnc2N	1	C00002	15422
45	AMP	C10H14N5O7P	0	UDMBCSSLTHHNCD-UHFFFAOYSA-N	OC1C(O)C(OC1n1cnc2c1ncnc2N)COP(=O)(O)O	1	C00020	16027,81690
53	Rosmarinate	C18H16O8	0	DOUMFZQKYFQNTF-UHFFFAOYSA-N	O=C(OC(C(=O)O)Cc1ccc(c(c1)O)O)C=Cc1ccc(c(c1)O)O	0	C01850	50371
59	3-(3,4-Dihydroxyphenyl)lactate	C9H10O5	0	PAFLSMZLRSPALU-UHFFFAOYSA-N	OC(=O)C(Cc1ccc(c(c1)O)O)O	0	C01207	17807
60	Caffeate	C9H8O4	0	QAIPRVGONGVQAS-UHFFFAOYSA-N	OC(=O)C=Cc1ccc(c(c1)O)O	0	C01197	16433,16433
62	Caffeic aldehyde	C9H8O3	0	AXMVYSVVTMKQSL-UHFFFAOYSA-N	O=CC=Cc1ccc(c(c1)O)O	0	C10945	28323
67	Caffeoyl-CoA	C30H42N7O19P3S	0	COA_COMPOUND	O=C(NCCSC(=O)C=Cc1ccc(c(c1)O)O)CCNC(=O)C(C(COP(=O)(OP(=O)(OCC1OC(C(C1OP(=O)(O)O)O)n1cnc2c1ncnc2N)O)O)(C)C)O	0	C00323	15518
89	3-(4-Hydroxyphenyl)lactate	C9H9O4	-1	JVGVDSSUAVXRDY-UHFFFAOYSA-N	OC(=O)C(Cc1ccc(cc1)O)O	0	C03672	17385,10980,17385 36659
90	4a-Hydroxytetrahydrobiopterin	C9H15N5O4	0	KJKIEFUPAPPGBC-UHFFFAOYSA-N	NC1=NC(=O)C2(C(=N1)NCC(N2)C(C(O)C)O)O	0	C15522	15642,15374
95	4-Coumarate	C9H7O3	-1	NGSWKAQJJWESNS-UHFFFAOYSA-N	OC(=O)C=Cc1ccc(cc1)O	0	C00811	32374,17450
96	4-Hydroxycinnamyl aldehyde	C9H8O2	0	CJXMVKYNVIGQBS-UHFFFAOYSA-N	O=CC=Cc1ccc(cc1)O	0	C05608	28353
98	p-Coumaroyl-CoA	C30H39N7O18P3S	-3	COA_COMPOUND	O=C(NCCSC(=O)C=Cc1ccc(cc1)O)CCNC(=O)C(C(COP(=O)(OP(=O)(OCC1OC(C(C1OP(=O)(O)O)O)n1cnc2c1ncnc2N)O)O)(C)C)O	0	C00223	15499
103	3,4-Dihydroxyphenylpropanoate	C9H9O4	-1	DZAUWHJDUNRCTF-UHFFFAOYSA-N	OC(=O)CCc1ccc(c(c1)O)O	0	C10447	48400
108	(Z)-3-(3,4-dihydroxyphenyl)-2-hydroxy-2-propenoic acid|(Z)-3-(3,4-dihydroxyphenyl)-2-hydroxy-prop-2-enoic acid	C9H7O5	-1	LEVWXDHUVBDUSV-UHFFFAOYSA-N	OC(=O)C(=Cc1ccc(c(c1)O)O)O	0		48400
148	3-(3,4-dihydroxycyclohexa-1,5-dien-1-yl)prop-2-enoic acid|3-(3,4-dihydroxy-1-cyclohexa-1,5-dienyl)-2-propenoic acid	C9H9O4	-1	GWWOTQYTMOPYOA-UHFFFAOYSA-N	OC(=O)C=CC1=CC(C(C=C1)O)O	0		48400
165	Acetate	C2H3O2	-1	QTBSBXVTEAMEQO-UHFFFAOYSA-N	CC(=O)O	0	C00033	15366,32029,15366 30089
166	Carboxylate	CO2R	-1	-UHFFFAOYSA-N		0	C00060	35757,35366,28868
200	PUBCHEM132489548|[[(2~{R},3~{S},4~{R},5~{R})-5-(6-aminopurin-9-yl)-4-hydroxy-3-phosphonooxy-2-oxolanyl]methoxy-hydroxyphosphoryl] [3-hydroxy-4-[[3-(2-hydroxyethylamino)-3-oxopropyl]amino]-2,2-dimethyl-4-oxobutyl] hydrogen phosphate|[[(2~{R},3~{S},4~{R},5~{R})-5-(6-aminopurin-9-yl)-4-hydroxy-3-phosphonooxy-tetrahydrofuran-2-yl]methoxy-hydroxy-phosphoryl] [3-hydroxy-4-[[3-(2-hydroxyethylamino)-3-oxo-propyl]amino]-2,2-dimethyl-4-oxo-butyl] hydrogen phosphate	C21H33N7O17P3	-3	JHUGPYYCEXFQAL-UHFFFAOYSA-N	OCCNC(=O)CCNC(=O)C(C(COP(=O)(OP(=O)(OCC1OC(C(C1OP(=O)(O)O)O)n1cnc2c1ncnc2N)O)O)(C)C)O	0		35757,35366,28868
201	(E)-3-(3,4-dihydroxyphenyl)-2-propenethioic S-acid|(E)-3-(3,4-dihydroxyphenyl)prop-2-enethioic S-acid	C9H8O3S	0	JSCZZPSBARUZDO-UHFFFAOYSA-N	SC(=O)C=Cc1ccc(c(c1)O)O	0		35757,35366,28868
228	Phloretate	C9H9O3	-1	NMHMNPHRMNGLLB-UHFFFAOYSA-N	OC(=O)CCc1ccc(cc1)O	0	C01744	16331,16331 32980
232	2-Hydroxy-3-(4-hydroxyphenyl)propenoate	C9H7O4	-1	GQYBCIHRWMPOOF-UHFFFAOYSA-N	Oc1ccc(cc1)C=C(C(=O)O)O	0	C05350	27683
301	(E)-3-(4-hydroxyphenyl)-2-propenethioic S-acid|(E)-3-(4-hydroxyphenyl)prop-2-enethioic S-acid	C9H8O2S	0	ORCOTUBQRUWICQ-UHFFFAOYSA-N	SC(=O)C=Cc1ccc(cc1)O	0		27683
828	Hydrogen sulfide	H2S	0	RWSOTUBLDIXVET-UHFFFAOYSA-N	S	0	C00283	16136,81055
