R_PR_UID	R_PR_STOICH	R_PR_EC	R_PR_GIBBS	R_RF_PUBMED	R_XR_METACYC	R_XR_SEED	R_XR_KEGG	R_XR_BIGG	R_XR_METANETX	R_MT_ERROR	enumeration.map.ftof.reactions	enumeration.map.ftoz.reactions
RXN-I:15545	 + 1.0 * Meta-I:33695 + 1.0 * Meta-I:12609 + 1.0 * Meta-I:12273 ==> 1.0 * Meta-I:40733 + 1.0 * Meta-I:35208 + 1.0 * Meta-I:42694				6.2.1.34-RXN	rxn33619 | rxn01571	R02194	FERULCOAS	MNXR99582		RXN-I:15545	RXN-I:15545
RXN-I:24016	 + 1.0 * Meta-I:42676 + 1.0 * Meta-I:42694 ==> 1.0 * Meta-I:25222 + 1.0 * Meta-I:41497					rxn12677		FCOAHA	MNXR99474		RXN-I:24016	RXN-I:24016
RXN-I:31671	 + 1.0 * Meta-I:42676 + 1.0 * Meta-I:42694 ==> 1.0 * Meta-I:42291				4.2.1.101-RXN	rxn04024	R05772		MNXR109826		RXN-I:31671	RXN-I:31671
RXN-I:1003	 + 1.0 * Meta-I:42291 ==> 1.0 * Meta-I:25222 + 1.0 * Meta-I:41497				4.1.2.41-RXN	rxn04025	R05773		MNXR109827		RXN-I:1003	RXN-I:1003
