M_PR_UID	M_PR_NAME	M_PR_FORMULA	M_PR_CHARGE	M_PR_INCHI	M_PR_SMILE-CAN-OB	M_PR_COFACTOR	M_XR_KEGG	M_XR_CHEBI
1	NAD+	C21H28N7O14P2	1	BAWFJGJZGIEFAR-UHFFFAOYSA-N	OC1C(O)C(OC1[n+]1cccc(c1)C(=O)N)COP(=O)(OP(=O)(OCC1OC(C(C1O)O)n1cnc2c1ncnc2N)O)O	1	C00003	15846
2	NADH	C21H29N7O14P2	0	BOPGDPNILDQYTO-UHFFFAOYSA-N	OC1C(O)C(OC1N1C=CCC(=C1)C(=O)N)COP(=O)(OP(=O)(OCC1OC(C(C1O)O)n1cnc2c1ncnc2N)O)O	1	C00004	16908
3	H+	H	1	-UHFFFAOYSA-N		1	C00080	15378
4	NADP+	C21H29N7O17P3	1	XJLXINKUBYWONI-UHFFFAOYSA-N	OC1C(O)C(OC1[n+]1cccc(c1)C(=O)N)COP(=O)(OP(=O)(OCC1OC(C(C1O)OP(=O)(O)O)n1cnc2c1ncnc2N)O)O	1	C00006	18009
5	NADPH	C21H30N7O17P3	0	ACFIXJIJDZMPPO-UHFFFAOYSA-N	OC1C(O)C(OC1N1C=CCC(=C1)C(=O)N)COP(=O)(OP(=O)(OCC1OC(C(C1O)OP(=O)(O)O)n1cnc2c1ncnc2N)O)O	1	C00005	16474
14	Tetrahydrobiopterin	C9H15N5O3	0	FNKQXYHWGSIFBK-UHFFFAOYSA-N	CC(C(C1CNc2c(N1)c(=O)[nH]c(n2)N)O)O	1	C00272	15372
44	Ammonia	H3N	0	QGZKDVFQNNGYKY-UHFFFAOYSA-N	N	1	C00014	16134
46	H2O	H2O	0	XLYOFNOQVPJJNP-UHFFFAOYSA-N	O	1	C00001	15377,16234,18219,6637,31341,31794,32035,32145,31344,33130,32108,49900,29191,81045,81882
47	Oxygen	O2	0	MYMOFIZGZYHOMD-UHFFFAOYSA-N	O=O	1	C00007	15379
53	4-Coumarate	C9H8O3	0	NGSWKAQJJWESNS-UHFFFAOYSA-N	OC(=O)C=Cc1ccc(cc1)O	0	C00811	32374,17450
54	trans-Cinnamate	C9H8O2	0	WBYWAXJHAXSJNI-UHFFFAOYSA-N	OC(=O)C=Cc1ccccc1	0	C00423	15669,27386,15669 35697
129	4a-Hydroxytetrahydrobiopterin	C9H15N5O4	0	KJKIEFUPAPPGBC-UHFFFAOYSA-N	NC1=NC(=O)C2(C(=N1)NCC(N2)C(C(O)C)O)O	0	C15522	15642,15374
266	L-Tyrosine	C9H11NO3	0	OUYCCCASQSFEME-UHFFFAOYSA-N	OC(=O)C(Cc1ccc(cc1)O)N	0	C00082	17895,18186,28479
267	L-Phenylalanine	C9H11NO2	0	COLNVLDHVKWLRT-UHFFFAOYSA-N	NC(C(=O)O)Cc1ccccc1	0	C00079	17295,28044,16998
