P_PR_UID	P_PR_REACTIONS	P_PR_ORIGIN	P_PR_TARGET	P_PR_INTERMEDIATES	P_PR_BOUNDARY	P_RF_PUBMED	P_MT_SCORE	P_MT_MAXYIELD	P_MT_LENGTH	P_MT_FEASIBILITY
Z20.1_Meta-I:49871	RXN-I:1717 | RXN-I:6093 | RXN-I:4445 | RXN-I:26797 | RXN-I:6038 | RXN-I:33517	Meta-I:2471	Meta-I:49871	Meta-I:36088 | Meta-I:20040 | Meta-I:33045 | Meta-I:36855 | Meta-I:6501	Meta-I:37645 | Meta-I:33695 | Meta-I:1752 | Meta-I:2471 | Meta-I:20244 | Meta-I:35927 | Meta-I:5852 | Meta-I:42676 | Meta-I:42953 | Meta-I:40729				6	
Z45.16_Meta-I:49871	RXN-I:1717 | RXN-I:6093 | RXN-I:4445 | RXN-I:26797 | RXN-I:25401 | RXN-I:7025 | RXN-I:18295 | RXN-I:18250	Meta-I:2471	Meta-I:49871	Meta-I:36088 | Meta-I:20040 | Meta-I:33045 | Meta-I:36855 | Meta-I:48530 | Meta-I:40489 | Meta-I:39325	Meta-I:37645 | Meta-I:33695 | Meta-I:1752 | Meta-I:2471 | Meta-I:20244 | Meta-I:35927 | Meta-I:5852 | Meta-I:40688 | Meta-I:40690 | Meta-I:52041 | Meta-I:39678 | Meta-I:42676 | Meta-I:8501 | Meta-I:33513				8	
Z45.1_Meta-I:49871	RXN-I:1717 | RXN-I:6093 | RXN-I:4445 | RXN-I:26797 | RXN-I:29964 | RXN-I:27532 | RXN-I:18295 | RXN-I:18250	Meta-I:2471	Meta-I:49871	Meta-I:36088 | Meta-I:20040 | Meta-I:33045 | Meta-I:36855 | Meta-I:48530 | Meta-I:40489 | Meta-I:39325	Meta-I:37645 | Meta-I:33695 | Meta-I:1752 | Meta-I:2471 | Meta-I:20244 | Meta-I:35927 | Meta-I:5852 | Meta-I:40685 | Meta-I:40686 | Meta-I:17262 | Meta-I:42081 | Meta-I:33513				8	
Z45.2_Meta-I:49871	RXN-I:1717 | RXN-I:6093 | RXN-I:4445 | RXN-I:26797 | RXN-I:25401 | RXN-I:27532 | RXN-I:18295 | RXN-I:18250	Meta-I:2471	Meta-I:49871	Meta-I:36088 | Meta-I:20040 | Meta-I:33045 | Meta-I:36855 | Meta-I:48530 | Meta-I:40489 | Meta-I:39325	Meta-I:37645 | Meta-I:33695 | Meta-I:1752 | Meta-I:2471 | Meta-I:20244 | Meta-I:35927 | Meta-I:5852 | Meta-I:40688 | Meta-I:40690 | Meta-I:17262 | Meta-I:42081 | Meta-I:33513				8	
Z20.5_Meta-I:49871	RXN-I:1717 | RXN-I:6093 | RXN-I:4445 | RXN-I:26797 | RXN-I:6038 | RXN-I:23921	Meta-I:2471	Meta-I:49871	Meta-I:36088 | Meta-I:20040 | Meta-I:33045 | Meta-I:36855 | Meta-I:6501	Meta-I:37645 | Meta-I:33695 | Meta-I:1752 | Meta-I:2471 | Meta-I:20244 | Meta-I:35927 | Meta-I:5852 | Meta-I:42676 | Meta-I:12557 | Meta-I:41596				6	
Z20.4_Meta-I:49871	RXN-I:1717 | RXN-I:6093 | RXN-I:4445 | RXN-I:26797 | RXN-I:6038 | RXN-I:22614	Meta-I:2471	Meta-I:49871	Meta-I:36088 | Meta-I:20040 | Meta-I:33045 | Meta-I:36855 | Meta-I:6501	Meta-I:37645 | Meta-I:33695 | Meta-I:1752 | Meta-I:2471 | Meta-I:20244 | Meta-I:35927 | Meta-I:5852 | Meta-I:42676 | Meta-I:52041 | Meta-I:40685 | Meta-I:40686				6	
Z20.3_Meta-I:49871	RXN-I:1717 | RXN-I:6093 | RXN-I:4445 | RXN-I:26797 | RXN-I:6038 | RXN-I:29613	Meta-I:2471	Meta-I:49871	Meta-I:36088 | Meta-I:20040 | Meta-I:33045 | Meta-I:36855 | Meta-I:6501	Meta-I:37645 | Meta-I:33695 | Meta-I:1752 | Meta-I:2471 | Meta-I:20244 | Meta-I:35927 | Meta-I:5852 | Meta-I:42676 | Meta-I:3333 | Meta-I:31533				6	
Z20.2_Meta-I:49871	RXN-I:1717 | RXN-I:6093 | RXN-I:4445 | RXN-I:26797 | RXN-I:6038 | RXN-I:15653	Meta-I:2471	Meta-I:49871	Meta-I:36088 | Meta-I:20040 | Meta-I:33045 | Meta-I:36855 | Meta-I:6501	Meta-I:37645 | Meta-I:33695 | Meta-I:1752 | Meta-I:2471 | Meta-I:20244 | Meta-I:35927 | Meta-I:5852 | Meta-I:42676 | Meta-I:10422 | Meta-I:42703				6	
Z45.11_Meta-I:49871	RXN-I:1717 | RXN-I:6093 | RXN-I:4445 | RXN-I:26797 | RXN-I:29964 | RXN-I:33015 | RXN-I:18295 | RXN-I:18250	Meta-I:2471	Meta-I:49871	Meta-I:36088 | Meta-I:20040 | Meta-I:33045 | Meta-I:36855 | Meta-I:48530 | Meta-I:40489 | Meta-I:39325	Meta-I:37645 | Meta-I:33695 | Meta-I:1752 | Meta-I:2471 | Meta-I:20244 | Meta-I:35927 | Meta-I:5852 | Meta-I:40685 | Meta-I:40686 | Meta-I:40736 | Meta-I:24872 | Meta-I:33513				8	
Z45.10_Meta-I:49871	RXN-I:1717 | RXN-I:6093 | RXN-I:4445 | RXN-I:26797 | RXN-I:25401 | RXN-I:26281 | RXN-I:18295 | RXN-I:18250	Meta-I:2471	Meta-I:49871	Meta-I:36088 | Meta-I:20040 | Meta-I:33045 | Meta-I:36855 | Meta-I:48530 | Meta-I:40489 | Meta-I:39325	Meta-I:37645 | Meta-I:33695 | Meta-I:1752 | Meta-I:2471 | Meta-I:20244 | Meta-I:35927 | Meta-I:5852 | Meta-I:40688 | Meta-I:40690 | Meta-I:42953 | Meta-I:40729 | Meta-I:33513				8	
Z45.13_Meta-I:49871	RXN-I:1717 | RXN-I:6093 | RXN-I:4445 | RXN-I:26797 | RXN-I:29964 | RXN-I:10473 | RXN-I:18295 | RXN-I:18250	Meta-I:2471	Meta-I:49871	Meta-I:36088 | Meta-I:20040 | Meta-I:33045 | Meta-I:36855 | Meta-I:48530 | Meta-I:40489 | Meta-I:39325	Meta-I:37645 | Meta-I:33695 | Meta-I:1752 | Meta-I:2471 | Meta-I:20244 | Meta-I:35927 | Meta-I:5852 | Meta-I:40685 | Meta-I:40686 | Meta-I:40935 | Meta-I:17126 | Meta-I:33513				8	
Z20.11_Meta-I:49871	RXN-I:1717 | RXN-I:6093 | RXN-I:4445 | RXN-I:26797 | RXN-I:6038 | RXN-I:12471	Meta-I:2471	Meta-I:49871	Meta-I:36088 | Meta-I:20040 | Meta-I:33045 | Meta-I:36855 | Meta-I:6501	Meta-I:37645 | Meta-I:33695 | Meta-I:1752 | Meta-I:2471 | Meta-I:20244 | Meta-I:35927 | Meta-I:5852 | Meta-I:42676 | Meta-I:17262 | Meta-I:42081				6	
Z45.12_Meta-I:49871	RXN-I:1717 | RXN-I:6093 | RXN-I:4445 | RXN-I:26797 | RXN-I:25401 | RXN-I:33015 | RXN-I:18295 | RXN-I:18250	Meta-I:2471	Meta-I:49871	Meta-I:36088 | Meta-I:20040 | Meta-I:33045 | Meta-I:36855 | Meta-I:48530 | Meta-I:40489 | Meta-I:39325	Meta-I:37645 | Meta-I:33695 | Meta-I:1752 | Meta-I:2471 | Meta-I:20244 | Meta-I:35927 | Meta-I:5852 | Meta-I:40688 | Meta-I:40690 | Meta-I:40736 | Meta-I:24872 | Meta-I:33513				8	
Z20.10_Meta-I:49871	RXN-I:1717 | RXN-I:6093 | RXN-I:4445 | RXN-I:26797 | RXN-I:6038 | RXN-I:11370	Meta-I:2471	Meta-I:49871	Meta-I:36088 | Meta-I:20040 | Meta-I:33045 | Meta-I:36855 | Meta-I:6501	Meta-I:37645 | Meta-I:33695 | Meta-I:1752 | Meta-I:2471 | Meta-I:20244 | Meta-I:35927 | Meta-I:5852 | Meta-I:42676 | Meta-I:39859 | Meta-I:40134				6	
Z45.15_Meta-I:49871	RXN-I:1717 | RXN-I:6093 | RXN-I:4445 | RXN-I:26797 | RXN-I:29964 | RXN-I:7025 | RXN-I:18295 | RXN-I:18250	Meta-I:2471	Meta-I:49871	Meta-I:36088 | Meta-I:20040 | Meta-I:33045 | Meta-I:36855 | Meta-I:48530 | Meta-I:40489 | Meta-I:39325	Meta-I:37645 | Meta-I:33695 | Meta-I:1752 | Meta-I:2471 | Meta-I:20244 | Meta-I:35927 | Meta-I:5852 | Meta-I:40685 | Meta-I:40686 | Meta-I:52041 | Meta-I:39678 | Meta-I:42676 | Meta-I:8501 | Meta-I:33513				8	
Z45.14_Meta-I:49871	RXN-I:1717 | RXN-I:6093 | RXN-I:4445 | RXN-I:26797 | RXN-I:25401 | RXN-I:10473 | RXN-I:18295 | RXN-I:18250	Meta-I:2471	Meta-I:49871	Meta-I:36088 | Meta-I:20040 | Meta-I:33045 | Meta-I:36855 | Meta-I:48530 | Meta-I:40489 | Meta-I:39325	Meta-I:37645 | Meta-I:33695 | Meta-I:1752 | Meta-I:2471 | Meta-I:20244 | Meta-I:35927 | Meta-I:5852 | Meta-I:40688 | Meta-I:40690 | Meta-I:40935 | Meta-I:17126 | Meta-I:33513				8	
Z20.9_Meta-I:49871	RXN-I:1717 | RXN-I:6093 | RXN-I:4445 | RXN-I:26797 | RXN-I:6038 | RXN-I:33241	Meta-I:2471	Meta-I:49871	Meta-I:36088 | Meta-I:20040 | Meta-I:33045 | Meta-I:36855 | Meta-I:6501	Meta-I:37645 | Meta-I:33695 | Meta-I:1752 | Meta-I:2471 | Meta-I:20244 | Meta-I:35927 | Meta-I:5852 | Meta-I:42676 | Meta-I:381 | Meta-I:12409				6	
Z45.7_Meta-I:49871	RXN-I:1717 | RXN-I:6093 | RXN-I:4445 | RXN-I:26797 | RXN-I:29964 | RXN-I:8506 | RXN-I:18295 | RXN-I:18250	Meta-I:2471	Meta-I:49871	Meta-I:36088 | Meta-I:20040 | Meta-I:33045 | Meta-I:36855 | Meta-I:48530 | Meta-I:40489 | Meta-I:39325	Meta-I:37645 | Meta-I:33695 | Meta-I:1752 | Meta-I:2471 | Meta-I:20244 | Meta-I:35927 | Meta-I:5852 | Meta-I:40685 | Meta-I:40686 | Meta-I:52041 | Meta-I:42676 | Meta-I:33513				8	
Z20.8_Meta-I:49871	RXN-I:1717 | RXN-I:6093 | RXN-I:4445 | RXN-I:26797 | RXN-I:6038 | RXN-I:23597	Meta-I:2471	Meta-I:49871	Meta-I:36088 | Meta-I:20040 | Meta-I:33045 | Meta-I:36855 | Meta-I:6501	Meta-I:37645 | Meta-I:33695 | Meta-I:1752 | Meta-I:2471 | Meta-I:20244 | Meta-I:35927 | Meta-I:5852 | Meta-I:42676 | Meta-I:52041 | Meta-I:39678 | Meta-I:8501				6	
Z45.8_Meta-I:49871	RXN-I:1717 | RXN-I:6093 | RXN-I:4445 | RXN-I:26797 | RXN-I:25401 | RXN-I:8506 | RXN-I:18295 | RXN-I:18250	Meta-I:2471	Meta-I:49871	Meta-I:36088 | Meta-I:20040 | Meta-I:33045 | Meta-I:36855 | Meta-I:48530 | Meta-I:40489 | Meta-I:39325	Meta-I:37645 | Meta-I:33695 | Meta-I:1752 | Meta-I:2471 | Meta-I:20244 | Meta-I:35927 | Meta-I:5852 | Meta-I:40688 | Meta-I:40690 | Meta-I:52041 | Meta-I:40685 | Meta-I:40686 | Meta-I:42676 | Meta-I:33513				8	
Z20.7_Meta-I:49871	RXN-I:1717 | RXN-I:6093 | RXN-I:4445 | RXN-I:26797 | RXN-I:6038 | RXN-I:20253	Meta-I:2471	Meta-I:49871	Meta-I:36088 | Meta-I:20040 | Meta-I:33045 | Meta-I:36855 | Meta-I:6501	Meta-I:37645 | Meta-I:33695 | Meta-I:1752 | Meta-I:2471 | Meta-I:20244 | Meta-I:35927 | Meta-I:5852 | Meta-I:42676 | Meta-I:40736 | Meta-I:24872				6	
Z45.9_Meta-I:49871	RXN-I:1717 | RXN-I:6093 | RXN-I:4445 | RXN-I:26797 | RXN-I:29964 | RXN-I:26281 | RXN-I:18295 | RXN-I:18250	Meta-I:2471	Meta-I:49871	Meta-I:36088 | Meta-I:20040 | Meta-I:33045 | Meta-I:36855 | Meta-I:48530 | Meta-I:40489 | Meta-I:39325	Meta-I:37645 | Meta-I:33695 | Meta-I:1752 | Meta-I:2471 | Meta-I:20244 | Meta-I:35927 | Meta-I:5852 | Meta-I:40685 | Meta-I:40686 | Meta-I:42953 | Meta-I:40729 | Meta-I:33513				8	
Z20.6_Meta-I:49871	RXN-I:1717 | RXN-I:6093 | RXN-I:4445 | RXN-I:26797 | RXN-I:6038 | RXN-I:8629	Meta-I:2471	Meta-I:49871	Meta-I:36088 | Meta-I:20040 | Meta-I:33045 | Meta-I:36855 | Meta-I:6501	Meta-I:37645 | Meta-I:33695 | Meta-I:1752 | Meta-I:2471 | Meta-I:20244 | Meta-I:35927 | Meta-I:5852 | Meta-I:42676 | Meta-I:27537 | Meta-I:12409				6	
Z45.3_Meta-I:49871	RXN-I:1717 | RXN-I:6093 | RXN-I:4445 | RXN-I:26797 | RXN-I:29964 | RXN-I:33825 | RXN-I:18295 | RXN-I:18250	Meta-I:2471	Meta-I:49871	Meta-I:36088 | Meta-I:20040 | Meta-I:33045 | Meta-I:36855 | Meta-I:48530 | Meta-I:40489 | Meta-I:39325	Meta-I:37645 | Meta-I:33695 | Meta-I:1752 | Meta-I:2471 | Meta-I:20244 | Meta-I:35927 | Meta-I:5852 | Meta-I:40685 | Meta-I:40686 | Meta-I:10422 | Meta-I:42703 | Meta-I:33513				8	
Z45.4_Meta-I:49871	RXN-I:1717 | RXN-I:6093 | RXN-I:4445 | RXN-I:26797 | RXN-I:25401 | RXN-I:33825 | RXN-I:18295 | RXN-I:18250	Meta-I:2471	Meta-I:49871	Meta-I:36088 | Meta-I:20040 | Meta-I:33045 | Meta-I:36855 | Meta-I:48530 | Meta-I:40489 | Meta-I:39325	Meta-I:37645 | Meta-I:33695 | Meta-I:1752 | Meta-I:2471 | Meta-I:20244 | Meta-I:35927 | Meta-I:5852 | Meta-I:40688 | Meta-I:40690 | Meta-I:10422 | Meta-I:42703 | Meta-I:33513				8	
Z45.5_Meta-I:49871	RXN-I:1717 | RXN-I:6093 | RXN-I:4445 | RXN-I:26797 | RXN-I:29964 | RXN-I:4259 | RXN-I:18295 | RXN-I:18250	Meta-I:2471	Meta-I:49871	Meta-I:36088 | Meta-I:20040 | Meta-I:33045 | Meta-I:36855 | Meta-I:48530 | Meta-I:40489 | Meta-I:39325	Meta-I:37645 | Meta-I:33695 | Meta-I:1752 | Meta-I:2471 | Meta-I:20244 | Meta-I:35927 | Meta-I:5852 | Meta-I:40685 | Meta-I:40686 | Meta-I:39859 | Meta-I:40134 | Meta-I:33513				8	
Z45.6_Meta-I:49871	RXN-I:1717 | RXN-I:6093 | RXN-I:4445 | RXN-I:26797 | RXN-I:25401 | RXN-I:4259 | RXN-I:18295 | RXN-I:18250	Meta-I:2471	Meta-I:49871	Meta-I:36088 | Meta-I:20040 | Meta-I:33045 | Meta-I:36855 | Meta-I:48530 | Meta-I:40489 | Meta-I:39325	Meta-I:37645 | Meta-I:33695 | Meta-I:1752 | Meta-I:2471 | Meta-I:20244 | Meta-I:35927 | Meta-I:5852 | Meta-I:40688 | Meta-I:40690 | Meta-I:39859 | Meta-I:40134 | Meta-I:33513				8	
