M_PR_UID	M_PR_NAME	M_PR_FORMULA	M_PR_CHARGE	M_PR_INCHI	M_PR_SMILE-CAN-OB	M_PR_COFACTOR	M_XR_KEGG	M_XR_CHEBI
1	NAD+	C21H28N7O14P2	1	BAWFJGJZGIEFAR-UHFFFAOYSA-N	OC1C(O)C(OC1[n+]1cccc(c1)C(=O)N)COP(=O)(OP(=O)(OCC1OC(C(C1O)O)n1cnc2c1ncnc2N)O)O	1	C00003	15846
2	NADH	C21H29N7O14P2	0	BOPGDPNILDQYTO-UHFFFAOYSA-N	OC1C(O)C(OC1N1C=CCC(=C1)C(=O)N)COP(=O)(OP(=O)(OCC1OC(C(C1O)O)n1cnc2c1ncnc2N)O)O	1	C00004	16908
3	H+	H	1	-UHFFFAOYSA-N		1	C00080	15378
4	NADP+	C21H29N7O17P3	1	XJLXINKUBYWONI-UHFFFAOYSA-N	OC1C(O)C(OC1[n+]1cccc(c1)C(=O)N)COP(=O)(OP(=O)(OCC1OC(C(C1O)OP(=O)(O)O)n1cnc2c1ncnc2N)O)O	1	C00006	18009
5	NADPH	C21H30N7O17P3	0	ACFIXJIJDZMPPO-UHFFFAOYSA-N	OC1C(O)C(OC1N1C=CCC(=C1)C(=O)N)COP(=O)(OP(=O)(OCC1OC(C(C1O)OP(=O)(O)O)n1cnc2c1ncnc2N)O)O	1	C00005	16474
6	CO2	CO2	0	CURLTUGMZLYLDI-UHFFFAOYSA-N	O=C=O	1	C00011	16526
7	H2O	H2O	0	XLYOFNOQVPJJNP-UHFFFAOYSA-N	O	1	C00001	15377,16234,18219,6637,31341,31794,32035,32145,31344,33130,32108,49900,29191,81045,81882
8	Orthophosphate	H3O4P	0	NBIIXXVUZAFLBC-UHFFFAOYSA-N	OP(=O)(O)O	1	C00009	18367,131527,34683
9	CoA	C21H36N7O16P3S	0	COA_COMPOUND	SCCNC(=O)CCNC(=O)C(C(COP(=O)(OP(=O)(OCC1OC(C(C1OP(=O)(O)O)O)n1cnc2c1ncnc2N)O)O)(C)C)O	1	C00010	15346
10	Oxygen	O2	0	MYMOFIZGZYHOMD-UHFFFAOYSA-N	O=O	1	C00007	15379
11	Ubiquinone	C19H26O4	0	SQQWBSBBCSFQGC-UHFFFAOYSA-N	COC1=C(OC)C(=O)C(=C(C1=O)CC=C(CCC=C(C)C)C)C	1	C00399	16389
12	Ubiquinol	C19H28O4	0	RNUCUWWMTTWKAH-UHFFFAOYSA-N	COc1c(O)c(CC=C(CCC=C(C)C)C)c(c(c1OC)O)C	1	C00390	17976
13	Hydrogen peroxide	H2O2	0	MHAJPDPJQMAIIY-UHFFFAOYSA-N	OO	1	C00027	16240,18421,81304,48233
14	FAD	C27H33N9O15P2	0	VWWQXMAJTJZDQX-UHFFFAOYSA-N	O=c1[nH]c(=O)c2-c(n1)n(CC(C(C(COP(=O)(OP(=O)(OCC1OC(C(C1O)O)n1cnc3c1ncnc3N)O)O)O)O)O)c1c(n2)cc(c(c1)C)C	1	C00016	16238
15	FADH2	C27H35N9O15P2	0	YPZRHBJKEMOYQH-UHFFFAOYSA-N	O=c1[nH]c(=O)c2c([nH]1)N(CC(C(C(COP(=O)(OP(=O)(OCC1OC(C(C1O)O)n1cnc3c1ncnc3N)O)O)O)O)O)c1c(N2)cc(c(c1)C)C	1	C01352	17877
16	Glycine	C2H5NO2	0	DHMQDGOQFOQNFH-UHFFFAOYSA-N	NCC(=O)O	1	C00037	15428
23	S-Adenosyl-L-methionine	C15H23N6O5S	1	MEFKEPWMEQBLKI-UHFFFAOYSA-N	C[S+](CC1OC(C(C1O)O)n1cnc2c1ncnc2N)CCC(C(=O)O)N	1	C00019	15414
24	S-Adenosyl-L-homocysteine	C14H20N6O5S	0	ZJUKTBDSGOFHSH-UHFFFAOYSA-N	OC(=O)C(CCSCC1OC(C(C1O)O)n1cnc2c1ncnc2N)N	1	C00021	16680
27	L-Homocysteine	C4H9NO2S	0	FFFHZYDWPBMWHY-UHFFFAOYSA-N	NC(C(=O)O)CCS	1	C00155	17588,17230
28	L-Methionine	C5H11NO2S	0	FFEARJCKVFRZRR-UHFFFAOYSA-N	CSCCC(C(=O)O)N	1	C00073	16643,16867,16811
30	Acetyl-CoA	C23H38N7O17P3S	0	COA_COMPOUND	O=C(NCCSC(=O)C)CCNC(=O)C(C(COP(=O)(OP(=O)(OCC1OC(C(C1OP(=O)(O)O)O)n1cnc2c1ncnc2N)O)O)(C)C)O	1	C00024	15351
31	Acyl-CoA	C22H35N7O17P3RS	0	COA_COMPOUND	O=C(NCCSC(=O)*)CCNC(=O)C(C(COP(=O)(OP(=O)(OCC1OC(C(C1OP(=O)(O)O)O)n1cnc2c1ncnc2N)O)O)(C)C)O	1	C00040	17984,31330
39	Diphosphate	H4O7P2	0	XPPKVPWEQAFLFU-UHFFFAOYSA-N	OP(=O)(OP(=O)(O)O)O	1	C00013	18361
41	ATP	C10H16N5O13P3	0	ZKHQWZAMYRWXGA-UHFFFAOYSA-N	OC1C(COP(=O)(OP(=O)(OP(=O)(O)O)O)O)OC(C1O)n1cnc2c1ncnc2N	1	C00002	15422
42	ADP	C10H15N5O10P2	0	XTWYTFMLZFPYCI-UHFFFAOYSA-N	OC1C(COP(=O)(OP(=O)(O)O)O)OC(C1O)n1cnc2c1ncnc2N	1	C00008	16761
43	Pyruvate	C3H4O3	0	LCTONWCANYUPML-UHFFFAOYSA-N	OC(=O)C(=O)C	1	C00022	15361
44	AMP	C10H14N5O7P	0	UDMBCSSLTHHNCD-UHFFFAOYSA-N	OC1C(O)C(OC1n1cnc2c1ncnc2N)COP(=O)(O)O	1	C00020	16027,81690
45	3'-Phosphoadenylyl sulfate	C10H15N5O13P2S	0	GACDQMDRPRGCTN-UHFFFAOYSA-N	OC1C(OP(=O)(O)O)C(OC1n1cnc2c1ncnc2N)COP(=O)(OS(=O)(=O)O)O	1	C00053	17980
50	Formate	CH2O2	0	BDAGIHXWWSANSR-UHFFFAOYSA-N	OC=O	1	C00058	15740
51	HCO3-	CH2O3	0	BVKZGUZCCUSVTD-UHFFFAOYSA-N	OC(=O)O	1	C00288	17544,28976,6504,3311,32139,31793,81862
52	4-Hydroxy-3-methoxy-benzaldehyde	C8H8O3	0	MWOOGOJBHIARFG-UHFFFAOYSA-N	COc1cc(C=O)ccc1O	1	C00755	18346
53	4-Hydroxy-3-methoxyphenyl-beta-hydroxypropanoyl-CoA	C31H46N7O20P3S	0	COA_COMPOUND	COc1cc(ccc1O)C(CC(=O)SCCNC(=O)CCNC(=O)C(C(COP(=O)(OP(=O)(OCC1OC(C(C1OP(=O)(O)O)O)n1cnc2c1ncnc2N)O)O)(C)C)O)O	0	C07303	17068
54	L-Phenylalanine	C9H11NO2	0	COLNVLDHVKWLRT-UHFFFAOYSA-N	NC(C(=O)O)Cc1ccccc1	0	C00079	17295,28044,16998
55	Ammonia	H3N	0	QGZKDVFQNNGYKY-UHFFFAOYSA-N	N	0	C00014	16134
57	Vanillyl alcohol	C8H10O3	0	ZENOXNGFMSCLLL-UHFFFAOYSA-N	COc1cc(CO)ccc1O	0	C06317	18353
61	Dehydroalanine	C3H5NO2	0	UQBOJOOOTLPNST-UHFFFAOYSA-N	NC(=C)C(=O)O	0	C02218	17123
65	Homovanillate	C9H10O4	0	QRMZSPFSDQBLIX-UHFFFAOYSA-N	COc1cc(ccc1O)CC(=O)O	0	C05582	545959
77	Vanillate	C8H8O4	0	WKOLLVMJNQIZCI-UHFFFAOYSA-N	COc1cc(ccc1O)C(=O)O	0	C06672	16632,16632 30816
78	3-amino-2-oxo-4-phenylbutanoic acid|3-amino-2-oxo-4-phenyl-butanoic acid	C10H11NO3	0	PUNDUWYZDLTZQG-UHFFFAOYSA-N	NC(C(=O)C(=O)O)Cc1ccccc1	0		16632,16632 30816
85	4-amino-3-methoxybenzaldehyde|4-amino-3-methoxy-benzaldehyde	C8H9NO2	0	GNSWIAYWYINAGV-UHFFFAOYSA-N	COc1cc(C=O)ccc1N	0		16632,16632 30816
87	Methanol	CH4O	0	OKKJLVBELUTLKV-UHFFFAOYSA-N	CO	0	C00132	17790
88	3,4-Dihydroxybenzaldehyde	C7H6O3	0	IBGBGRVKPALMCQ-UHFFFAOYSA-N	O=Cc1ccc(c(c1)O)O	0	C16700	50205
89	Formaldehyde	CH2O	0	WSFSSNUMVMOOMR-UHFFFAOYSA-N	C=O	0	C00067	16842
93	3-hydroxy-3-(4-hydroxy-3-methoxyphenyl)propanal|3-hydroxy-3-(4-hydroxy-3-methoxy-phenyl)propanal	C10H12O4	0	KGBHTMDZTICIFR-UHFFFAOYSA-N	O=CCC(c1ccc(c(c1)OC)O)O	0		16842
99	Vanillylamine	C8H11NO2	0	WRPWWVNUCXQDQV-UHFFFAOYSA-N	COc1cc(CN)ccc1O	0	C16666	46958
100	Phenylpyruvate	C9H8O3	0	BTNMPGBKDVTSJY-UHFFFAOYSA-N	O=C(C(=O)O)Cc1ccccc1	0	C00166	18005,18005 30851
101	(2S)-1,2-diamino-3-phenyl-1-propanol|(2S)-1,2-diamino-3-phenyl-propan-1-ol	C9H14N2O	0	QRXUYIKNTZLXRS-UHFFFAOYSA-N	NC(C(O)N)Cc1ccccc1	0		18005,18005 30851
103	Hydroxylamine	H3NO	0	AVXURJPOCDRRFD-UHFFFAOYSA-N	NO	0	C00192	15429,5807
106	Veratraldehyde	C9H10O3	0	WJUFSDZVCOTFON-UHFFFAOYSA-N	COc1cc(C=O)ccc1OC	0	C02201	17098
113	Apocynin	C9H10O3	0	DFYRUELUNQRZTB-UHFFFAOYSA-N	COc1cc(ccc1O)C(=O)C	0	C11380	2781
114	Methylamine	CH5N	0	BAVYZALUXZFZLV-UHFFFAOYSA-N	CN	0	C00218	16830
123	Phenyllactate	C9H10O3	0	VOXXWSYKYCBWHO-UHFFFAOYSA-N	OC(C(=O)O)Cc1ccccc1	0	C05607	32978
125	(4-formyl-2-methoxyphenyl) dihydrogen phosphate|(4-formyl-2-methoxy-phenyl) dihydrogen phosphate	C8H9O6P	0	GSWZGTLWVRFGIJ-UHFFFAOYSA-N	COc1cc(C=O)ccc1OP(=O)(O)O	0		32978
128	Adenosine 3',5'-bisphosphate	C10H15N5O10P2	0	WHTCPDAXWFLDIH-UHFFFAOYSA-N	OC1C(OP(=O)(O)O)C(OC1n1cnc2c1ncnc2N)COP(=O)(O)O	0	C00054	17985
129	sulfo (2S)-2-amino-3-phenyl-propanoate|(2S)-2-amino-3-phenylpropanoic acid sulfo ester	C9H11NO5S	0	AZPCYAUWZKSJGN-UHFFFAOYSA-N	NC(C(=O)OS(=O)(=O)O)Cc1ccccc1	0		17985
130	3-phenyl-2-(sulfoamino)propanoic acid	C9H11NO5S	0	DRGGXKBXWTYBLE-UHFFFAOYSA-N	OC(=O)C(NS(=O)(=O)O)Cc1ccccc1	0		17985
131	Vanillin 4-sulfate|(4-formyl-2-methoxyphenyl)oxidanesulfonic acid|(4-formyl-2-methoxyphenyl)oxidanesulfonic acid</traditional_iupac>	C8H8O6S	0	OUIKMDRGUNIXSP-UHFFFAOYSA-N	COc1cc(C=O)ccc1OS(=O)(=O)O	0		17985
132	3-hydroxy-3-(4-hydroxy-3-methoxyphenyl)propanoic acid|3-hydroxy-3-(4-hydroxy-3-methoxy-phenyl)propanoic acid	C10H12O5	0	ABTZMSOARGMKMK-UHFFFAOYSA-N	COc1cc(ccc1O)C(CC(=O)O)O	0		17985
136	2-(4-hydroxy-3-methoxyphenyl)-2-oxoacetic acid|2-(4-hydroxy-3-methoxy-phenyl)-2-oxo-acetic acid	C9H8O5	0	HQAYTVADCVBACX-UHFFFAOYSA-N	COc1cc(ccc1O)C(=O)C(=O)O	0		17985
137	Phenethylamine	C8H11N	0	BHHGXPLMPWCGHP-UHFFFAOYSA-N	NCCc1ccccc1	0	C05332	18397
148	Feruloyl-CoA	C31H44N7O19P3S	0	COA_COMPOUND	COc1cc(C=CC(=O)SCCNC(=O)CCNC(=O)C(C(COP(=O)(OP(=O)(OCC2OC(C(C2OP(=O)(O)O)O)n2cnc3c2ncnc3N)O)O)(C)C)O)ccc1O	0	C00406	15511
154	(4-hydroxy-3-methoxyphenyl)methanediol|(4-hydroxy-3-methoxy-phenyl)methanediol	C8H10O4	0	XREGOOWEQDVGIA-UHFFFAOYSA-N	COc1cc(ccc1O)C(O)O	0		15511
212	Phenol	C6H6O	0	ISWSIDIOOBJBQZ-UHFFFAOYSA-N	Oc1ccccc1	0	C00146	15882,15882
220	[(2R,3S,4R,5R)-5-(6-aminopurin-9-yl)-3,4-dihydroxy-2-oxolanyl]methyl phenyl hydrogen phosphate|[(2R,3S,4R,5R)-5-(6-aminopurin-9-yl)-3,4-dihydroxy-tetrahydrofuran-2-yl]methyl phenyl hydrogen phosphate	C16H17N5O7P	-1	VHENRNFRCXTSPN-UHFFFAOYSA-N	OC1C(COP(=O)(Oc2ccccc2)O)OC(C1O)n1cnc2c1ncnc2N	0		15882,15882
232	sulfo 2-aminoprop-2-enoate|2-amino-2-propenoic acid sulfo ester	C3H4NO5S	-1	SKFRGTBFJFPZIZ-UHFFFAOYSA-N	O=C(C(=C)N)OS(=O)(=O)O	0		15882,15882
253	4-Vinylguaiacol	C9H10O2	0	YOMSJEATGXXYPX-UHFFFAOYSA-N	COc1cc(C=C)ccc1O	0	C17883	42438
274	Glyoxylate	C2HO3	-1	HHLFWLYXYJOTON-UHFFFAOYSA-N	O=CC(=O)O	0	C00048	16891
283	VLA|Vanillactate|Vanillyllactate|Vanillactic acid|Vanillyllactic acid|3-methoxy-4-hydroxyphenyllactate|3-Methoxy-4-hydroxyphenyllactic acid|3-(4-Hydroxy-3-methoxyphenyl)lactate|3-(3-Methoxy-4-hydroxyphenyl)lactate|b-(4-Hydroxy-3-methoxyphenyl)lactate|4-Hydroxy-3-methoxyphenyllactic acid|3-(4-Hydroxy-3-methoxyphenyl)-Lactate|beta-(4-Hydroxy-3-methoxyphenyl)lactate|3-(4-Hydroxy-3-methoxyphenyl)lactic acid|3-(3-Methoxy-4-hydroxyphenyl)lactic acid|b-(4-Hydroxy-3-methoxyphenyl)lactic acid|3-(4-Hydroxy-3-methoxyphenyl)-Lactic acid|beta-(4-Hydroxy-3-methoxyphenyl)lactic acid|(PUBCHEM "21677752" NIL |kothari| 3651883220 NIL NIL)|2-hydroxy-3-(4-hydroxy-3-methoxyphenyl)propanoic acid|2-hydroxy-3-(4-hydroxy-3-methoxyphenyl)propanoic acid</traditional_iupac>	C10H11O5	-1	SVYIZYRTOYHQRE-UHFFFAOYSA-N	COc1cc(ccc1O)CC(C(=O)O)O	0		16891
289	3-Methoxy-4-hydroxymandelate	C9H9O5	-1	CGQCWMIAEPEHNQ-UHFFFAOYSA-N	COc1cc(ccc1O)C(C(=O)O)O	0	C05584	20106,20106 27622
561	phenyl 4-hydroxy-3-methoxy-benzoate|4-hydroxy-3-methoxybenzoic acid phenyl ester	C14H12O4	0	PWKXAYWESAQGTP-UHFFFAOYSA-N	COc1cc(ccc1O)C(=O)Oc1ccccc1	0		20106,20106 27622
565	4-hydroxy-3-methoxybenzamide|4-hydroxy-3-methoxy-benzamide	C8H9NO3	0	TZZAKSLHHIJRLL-UHFFFAOYSA-N	COc1cc(ccc1O)C(=O)N	0		20106,20106 27622
566	4-amino-3-methoxybenzoate|(PUBCHEM "40784877" NIL |kothari| 3641818092 NIL NIL)	C8H8NO3	-1	JNFGLYJROFAOQP-UHFFFAOYSA-N	COc1cc(ccc1N)C(=O)O	0		20106,20106 27622
567	3,4-Dihydroxybenzoate	C7H5O4	-1	YQUVCSBJEUQKSH-UHFFFAOYSA-N	OC(=O)c1ccc(c(c1)O)O	0	C00230	36062,36062 36241
569	4-hydroxy-5-methoxy-1-cyclohexa-2,4-dienecarboxylic acid|4-hydroxy-5-methoxy-cyclohexa-2,4-diene-1-carboxylic acid	C8H9O4	-1	CCVRXFLSCKLZOV-UHFFFAOYSA-N	COC1=C(O)C=CC(C1)C(=O)O	0		36062,36062 36241
570	methyl vanillate	C9H10O4	0	BVWTXUYLKBHMOX-UHFFFAOYSA-N	COC(=O)c1ccc(c(c1)OC)O	0		46477
571	3,4-dimethoxybenzoic acid	C9H9O4	-1	DAUAQNGYDSHRET-UHFFFAOYSA-N	COc1cc(ccc1OC)C(=O)O	0		296881
581	3-methoxy-4-phosphonooxybenzoic acid|3-methoxy-4-phosphonooxy-benzoic acid	C8H7O7P	-2	SFNPEWDNRZADSA-UHFFFAOYSA-N	COc1cc(ccc1OP(=O)(O)O)C(=O)O	0		296881
582	Vanillic acid 4-sulfate|3-methoxy-4-(sulfooxy)benzoic acid|3-methoxy-4-(sulfooxy)benzoic acid</traditional_iupac>	C8H6O7S	-2	TXRKUXPAEPOCIX-UHFFFAOYSA-N	COc1cc(ccc1OS(=O)(=O)O)C(=O)O	0		296881
583	4-hydroxy-3-methoxybenzonitrile|4-hydroxy-3-methoxy-benzonitrile	C8H7NO2	0	QJRWLNLUIAJTAD-UHFFFAOYSA-N	COc1cc(C#N)ccc1O	0		296881
587	o-Methoxyphenol	C7H8O2	0	LHGVFZTZFXWLCP-UHFFFAOYSA-N	COc1ccccc1O	0	C01502	28591,28591
588	(4-hydroxy-3-methoxyphenyl)methanetriol|(4-hydroxy-3-methoxy-phenyl)methanetriol	C8H10O5	0	VZWBTTDPOOMGIY-UHFFFAOYSA-N	COc1cc(ccc1O)C(O)(O)O	0		28591,28591
724	PUBCHEM134814563|3-(4-hydroxy-3-methoxyphenyl)-3-oxopropanal|3-(4-hydroxy-3-methoxy-phenyl)-3-oxo-propanal	C10H10O4	0	RXHIWAAJRVSYDV-UHFFFAOYSA-N	O=CCC(=O)c1ccc(c(c1)OC)O	0		28591,28591
727	2,3-dihydroxy-3-(4-hydroxy-3-methoxyphenyl)propanal|2,3-dihydroxy-3-(4-hydroxy-3-methoxy-phenyl)propanal	C10H12O5	0	PRBJMNXHSNEJSR-UHFFFAOYSA-N	O=CC(C(c1ccc(c(c1)OC)O)O)O	0		28591,28591
729	4-hydroxy-4-(4-hydroxy-3-methoxyphenyl)-2-butanone|4-hydroxy-4-(4-hydroxy-3-methoxy-phenyl)butan-2-one	C11H14O4	0	KJSXBSGVNXDECP-UHFFFAOYSA-N	COc1cc(ccc1O)C(CC(=O)C)O	0		28591,28591
730	Acetaldehyde	C2H4O	0	IKHGUXGNUITLKF-UHFFFAOYSA-N	CC=O	0	C00084	15343
731	Coniferyl aldehyde	C10H10O3	0	DKZBBWMURDFHNE-UHFFFAOYSA-N	O=CC=Cc1ccc(c(c1)OC)O	0	C02666	16547
751	Oxamate	C2H2NO3	-1	SOWBFZRMHSNYGE-UHFFFAOYSA-N	OC(=O)C(=O)N	0	C01444	18058
822	PUBCHEM135431232|(1~{E})-4-hydroxy-3-methoxybenzaldehyde oxime|(1~{E})-4-hydroxy-3-methoxy-benzaldehyde oxime	C8H9NO3	0	RJJVVYVLHWMYAA-UHFFFAOYSA-N	ON=Cc1ccc(c(c1)OC)O	0		18058
843	[5-(6-aminopurin-9-yl)-3,4-dihydroxy-2-oxolanyl]methyl methyl hydrogen phosphate|[5-(6-aminopurin-9-yl)-3,4-dihydroxy-tetrahydrofuran-2-yl]methyl methyl hydrogen phosphate	C11H15N5O7P	-1	OYQVPLDFZZKUTQ-UHFFFAOYSA-N	COP(=O)(OCC1OC(C(C1O)O)n1cnc2c1ncnc2N)O	0		18058
935	3-(4-hydroxy-3-methoxyphenyl)-3-oxopropanoic acid|3-(4-hydroxy-3-methoxy-phenyl)-3-oxo-propanoic acid	C10H9O5	-1	ZTQKYNMYEBUAFC-UHFFFAOYSA-N	COc1cc(ccc1O)C(=O)CC(=O)O	0		18058
936	2-hydroxy-1-(4-hydroxy-3-methoxyphenyl)ethanone|2-hydroxy-1-(4-hydroxy-3-methoxy-phenyl)ethanone	C9H10O4	0	QNMANLUEFQNQCX-UHFFFAOYSA-N	OCC(=O)c1ccc(c(c1)OC)O	0		18058
945	3-Methoxy-4-hydroxyphenylethyleneglycol	C9H12O4	0	FBWPWWWZWKPJFL-UHFFFAOYSA-N	OCC(c1ccc(c(c1)OC)O)O	0	C05594	1576
950	Ethylamine	C2H7N	0	QUSNBJAOOMFDIB-UHFFFAOYSA-N	CCN	0	C00797	15862
1002	Ethanol	C2H6O	0	LFQSCWFLJHTTHZ-UHFFFAOYSA-N	CCO	0	C00469	16236
1035	(R)-Phenyllactyl-CoA	C30H41N7O18P3S	-3	COA_COMPOUND	O=C(NCCSC(=O)C(Cc1ccccc1)O)CCNC(=O)C(C(COP(=O)(OP(=O)(OCC1OC(C(C1OP(=O)(O)O)O)n1cnc2c1ncnc2N)O)O)(C)C)O	0	C16257	11010
1036	Acetate	C2H3O2	-1	QTBSBXVTEAMEQO-UHFFFAOYSA-N	CC(=O)O	0	C00033	15366,32029,15366 30089
1037	Carboxylate	CO2R	-1	-UHFFFAOYSA-N	*C(=O)O	0	C00060	35757,35366,28868
1050	Sulfate	O4S	-3	QAOWNCQODCNURD-UHFFFAOYSA-N	OS(=O)(=O)O	0	C00059	16189,32036,31346,32149,53470,81836,23414,53470,16189 26836
1056	dihydroferulate|dihydroferulic acid	C10H11O4	-1	BOLQJTPHPSDZHR-UHFFFAOYSA-N	COc1cc(CCC(=O)O)ccc1O	0		86612
1058	2,3-dihydroxy-3-(4-hydroxy-3-methoxyphenyl)propanoic acid|2,3-dihydroxy-3-(4-hydroxy-3-methoxy-phenyl)propanoic acid	C10H11O6	-1	QGJLUOPZKKMRBE-UHFFFAOYSA-N	COc1cc(ccc1O)C(C(C(=O)O)O)O	0		86612
1066	3-amino-3-(4-hydroxy-3-methoxyphenyl)propanoic acid|3-amino-3-(4-hydroxy-3-methoxy-phenyl)propanoic acid	C10H12NO4	-1	IGHHJKPPALHKMJ-UHFFFAOYSA-N	COc1cc(ccc1O)C(CC(=O)O)N	0		86612
1067	Ferulate	C10H9O4	-1	KSEBMYQBYZTDHS-UHFFFAOYSA-N	COc1cc(C=CC(=O)O)ccc1O	0	C01494	17620
1074	2,2-dihydroxy-1-(4-hydroxy-3-methoxyphenyl)ethanone|2,2-dihydroxy-1-(4-hydroxy-3-methoxy-phenyl)ethanone	C9H10O5	0	SGFVYAYEGJHREZ-UHFFFAOYSA-N	COc1cc(ccc1O)C(=O)C(O)O	0		17620
1075	2-(4-hydroxy-3-methoxyphenyl)-2-oxoacetaldehyde|2-(4-hydroxy-3-methoxy-phenyl)-2-oxo-acetaldehyde	C9H8O4	0	HYBBVTSLESCGCG-UHFFFAOYSA-N	O=CC(=O)c1ccc(c(c1)OC)O	0		17620
1097	Oxalate	C2O4	-2	MUBZPKHOEPUJKR-UHFFFAOYSA-N	OC(=O)C(=O)O	0	C00209	16995,60579,16995 30623
1135	Glycolate	C2H3O3	-1	AEMRFAOFKBGASW-UHFFFAOYSA-N	OCC(=O)O	0	C00160	17497,10615,17497 29805
1140	3-Methoxy-4-hydroxyphenylglycolaldehyde	C9H10O4	0	VISAJVAPYPFKCL-UHFFFAOYSA-N	O=CC(c1ccc(c(c1)OC)O)O	0	C05583	27932
1158	PUBCHEM132489548|[[(2~{R},3~{S},4~{R},5~{R})-5-(6-aminopurin-9-yl)-4-hydroxy-3-phosphonooxy-2-oxolanyl]methoxy-hydroxyphosphoryl] [3-hydroxy-4-[[3-(2-hydroxyethylamino)-3-oxopropyl]amino]-2,2-dimethyl-4-oxobutyl] hydrogen phosphate|[[(2~{R},3~{S},4~{R},5~{R})-5-(6-aminopurin-9-yl)-4-hydroxy-3-phosphonooxy-tetrahydrofuran-2-yl]methoxy-hydroxy-phosphoryl] [3-hydroxy-4-[[3-(2-hydroxyethylamino)-3-oxo-propyl]amino]-2,2-dimethyl-4-oxo-butyl] hydrogen phosphate	C21H33N7O17P3	-3	JHUGPYYCEXFQAL-UHFFFAOYSA-N	OCCNC(=O)CCNC(=O)C(C(COP(=O)(OP(=O)(OCC1OC(C(C1OP(=O)(O)O)O)n1cnc2c1ncnc2N)O)O)(C)C)O	0		27932
1159	(E)-3-(4-hydroxy-3-methoxyphenyl)-2-propenethioic S-acid|(E)-3-(4-hydroxy-3-methoxy-phenyl)prop-2-enethioic S-acid	C10H10O3S	0	OKFYKKRAJKOPKD-UHFFFAOYSA-N	COc1cc(C=CC(=O)S)ccc1O	0		27932
1434	Aminoacetaldehyde	C2H5NO	0	LYIIBVSRGJSHAV-UHFFFAOYSA-N	NCC=O	0	C06735	17628
1440	glyoxamide	C2H3NO2	0	AMANDCZTVNQSNB-UHFFFAOYSA-N	O=CC(=O)N	0		59839
1574	4-Cresol	C7H8O	0	IWDCLRJOBJJRNH-UHFFFAOYSA-N	Cc1ccc(cc1)O	0	C01468	17847
1594	Methylglyoxal	C3H4O2	0	AIJULSRZWUXGPQ-UHFFFAOYSA-N	O=CC(=O)C	0	C00546	17158
1597	phenyl 2-oxoacetate|2-oxoacetic acid phenyl ester	C8H6O3	0	PZXHOJFANUNWGC-UHFFFAOYSA-N	O=CC(=O)Oc1ccccc1	0		17158
1650	(S)-Lactate	C3H5O3	-1	JVTAAEKCZFNVCJ-UHFFFAOYSA-N	OC(=O)C(O)C	0	C00186	16651,16004,24996,16651 422
1749	2-Oxobutanoate	C4H5O3	-1	TYEYBOSBBBHJIV-UHFFFAOYSA-N	CCC(=O)C(=O)O	0	C00109	16763,16763 30831
1771	Cyanide ion	CHN	0	LELOWRISYMNNSU-UHFFFAOYSA-N	C#N	0	C00177	17514,18407,33192
1775	acetyl cyanide|2-oxopropanenitrile	C3H3NO	0	QLDHWVVRQCGZLE-UHFFFAOYSA-N	CC(=O)C#N	0		17514,18407,33192
1897	Ethylene	C2H4	0	VGGSQFUCUMXWEO-UHFFFAOYSA-N	C=C	0	C06547	18153,53227
1901	Isoeugenol	C10H12O2	0	BJIOGJUNALELMI-UHFFFAOYSA-N	CC=Cc1ccc(c(c1)OC)O	0	C10469	18224,18224 50545
1929	Glyoxal	C2H2O2	0	LEQAOMBKQFMDFZ-UHFFFAOYSA-N	O=CC=O	0	C14448	18224,18224 50545
1976	methyl 2-oxoacetate|2-oxoacetic acid methyl ester	C3H4O3	0	KFKXSMSQHIOMSO-UHFFFAOYSA-N	COC(=O)C=O	0		18224,18224 50545
1999	formyl cyanide	C2HNO	0	TUHMQDODLHWPCC-UHFFFAOYSA-N	O=CC#N	0		18224,18224 50545
2036	(Z)-2-hydroxy-3-(4-hydroxy-3-methoxyphenyl)-2-propenoic acid|(Z)-2-hydroxy-3-(4-hydroxy-3-methoxy-phenyl)prop-2-enoic acid	C10H9O5	-1	LVXPBVUWWHAFEP-UHFFFAOYSA-N	COc1cc(ccc1O)C=C(C(=O)O)O	0		18224,18224 50545
2041	3-(4-Hydroxy-3-methoxyphenyl)-2-methyllactic acid|2-hydroxy-3-(4-hydroxy-3-methoxyphenyl)-2-methylpropanoic acid|2-hydroxy-3-(4-hydroxy-3-methoxyphenyl)-2-methylpropanoic acid</traditional_iupac>	C11H13O5	-1	YNNLUYGFVUZDAD-UHFFFAOYSA-N	COc1cc(ccc1O)CC(C(=O)O)(O)C	0		18224,18224 50545
2045	3-O-methyldopa|3-<i>O</i>-methyldopa|3-O-methyldopa zwitterion|(PUBCHEM "25273143" NIL |kothari| 3641818092 NIL NIL)	C10H12NO4	-1	PFDUUKDQEHURQC-UHFFFAOYSA-N	COc1cc(ccc1O)CC(C(=O)O)N	0		18224,18224 50545
2092	4-[(E)-2-hydroxyvinyl]-2-methoxy-phenol|4-[(E)-2-hydroxyethenyl]-2-methoxyphenol	C9H10O3	0	MGRQLSWDIFMJGV-UHFFFAOYSA-N	OC=Cc1ccc(c(c1)OC)O	0		18224,18224 50545
2126	2-hydroxy-2-(4-hydroxy-3-methoxyphenyl)acetonitrile|2-hydroxy-2-(4-hydroxy-3-methoxy-phenyl)acetonitrile	C9H9NO3	0	VHGYYIXSLHYRBH-UHFFFAOYSA-N	N#CC(c1ccc(c(c1)OC)O)O	0		18224,18224 50545
2135	2-[(4-hydroxy-3-methoxyphenyl)methyl]propanedioic acid|2-[(4-hydroxy-3-methoxy-phenyl)methyl]propanedioic acid	C11H10O6	-2	PVPJHIOAOWGYMN-UHFFFAOYSA-N	COc1cc(ccc1O)CC(C(=O)O)C(=O)O	0		18224,18224 50545
2144	(2S,3R)-2-amino-3-hydroxy-3-(4-hydroxy-3-methoxyphenyl)propanoic acid|(2S,3R)-2-amino-3-hydroxy-3-(4-hydroxy-3-methoxy-phenyl)propanoic acid	C10H12NO5	-1	WSTUOPKRORLDCX-UHFFFAOYSA-N	COc1cc(ccc1O)C(C(C(=O)O)N)O	0		18224,18224 50545
2145	3-(4-hydroxy-3-methoxyphenyl)oxirane-2-carboxylic acid|3-(4-hydroxy-3-methoxyphenyl)oxirane-2-carboxylic acid</traditional_iupac>	C10H9O5	-1	HXHFXTLGRUPVTB-UHFFFAOYSA-N	COc1cc(ccc1O)C1OC1C(=O)O	0		18224,18224 50545
2954	Hydroquinone	C6H6O2	0	QIGBRXMKCJKVMJ-UHFFFAOYSA-N	Oc1ccc(cc1)O	0	C00530	17594,17977
3957	(4-hydroxyphenyl) 4-hydroxy-3-methoxy-benzoate|4-hydroxy-3-methoxybenzoic acid (4-hydroxyphenyl) ester	C14H12O5	0	ZZJFYCMKSFDXOF-UHFFFAOYSA-N	COc1cc(ccc1O)C(=O)Oc1ccc(cc1)O	0		17594,17977
3963	p-tolyl 4-hydroxy-3-methoxy-benzoate|4-hydroxy-3-methoxybenzoic acid (4-methylphenyl) ester	C15H14O4	0	ULKXDBNGIPHTKE-UHFFFAOYSA-N	COc1cc(ccc1O)C(=O)Oc1ccc(cc1)C	0		17594,17977
3980	(4-formyl-2-methoxy-phenyl) formate|formic acid (4-formyl-2-methoxyphenyl) ester	C9H8O4	0	NTFUOKPEBQRDTR-UHFFFAOYSA-N	O=COc1ccc(cc1OC)C=O	0		17594,17977
3985	4-formyloxy-3-methoxybenzoic acid|4-formyloxy-3-methoxy-benzoic acid	C9H7O5	-1	IYPFWUJKNXMVTQ-UHFFFAOYSA-N	O=COc1ccc(cc1OC)C(=O)O	0		17594,17977
3988	(2-methoxyphenyl) 4-hydroxy-3-methoxy-benzoate|4-hydroxy-3-methoxybenzoic acid (2-methoxyphenyl) ester	C15H14O5	0	SWSGDTGRIOOBII-UHFFFAOYSA-N	COc1cc(ccc1O)C(=O)Oc1ccccc1OC	0		17594,17977
4075	ethyl 4-hydroxy-3-methoxy-benzoate|4-hydroxy-3-methoxybenzoic acid ethyl ester	C10H12O4	0	MWAYRGBWOVHDDZ-UHFFFAOYSA-N	CCOC(=O)c1ccc(c(c1)OC)O	0		17594,17977
4078	PUBCHEM134285063|2-(4-hydroxy-3-methoxy-benzoyl)oxyacetic acid|2-[(4-hydroxy-3-methoxyphenyl)-oxomethoxy]acetic acid	C10H9O6	-1	HOZKFLUWKHVATO-UHFFFAOYSA-N	COc1cc(ccc1O)C(=O)OCC(=O)O	0		17594,17977
4965	Coniferyl alcohol	C10H12O3	0	JMFRWRFFLBVWSI-UHFFFAOYSA-N	OCC=Cc1ccc(c(c1)OC)O	0	C00590	17745
4967	2-hydroxy-3-(4-hydroxy-3-methoxyphenyl)-3-oxopropanal|2-hydroxy-3-(4-hydroxy-3-methoxy-phenyl)-3-oxo-propanal	C10H10O5	0	PZXYAGZUWHMFDV-UHFFFAOYSA-N	O=CC(C(=O)c1ccc(c(c1)OC)O)O	0		17745
4971	1-(4-hydroxy-3-methoxyphenyl)butane-1,3-dione|1-(4-hydroxy-3-methoxy-phenyl)butane-1,3-dione	C11H12O4	0	HRMGIMMBNLHXPS-UHFFFAOYSA-N	COc1cc(ccc1O)C(=O)CC(=O)C	0		17745
4972	4-(4-hydroxy-3-methoxyphenyl)-2,4-dioxobutanoic acid|4-(4-hydroxy-3-methoxy-phenyl)-2,4-dioxo-butanoic acid	C11H9O6	-1	PLUIJKNDRVDKNQ-UHFFFAOYSA-N	COc1cc(ccc1O)C(=O)CC(=O)C(=O)O	0		17745
4996	Glycolaldehyde	C2H4O2	0	WGCNASOHLSPBMP-UHFFFAOYSA-N	OCC=O	0	C00266	17071
4997	2-hydroxy-3-(4-hydroxy-3-methoxyphenyl)-2-propenal|2-hydroxy-3-(4-hydroxy-3-methoxy-phenyl)prop-2-enal	C10H10O4	0	LQJYVUMJMSBXBG-UHFFFAOYSA-N	O=CC(=Cc1ccc(c(c1)OC)O)O	0		17071
5009	Acetone	C3H6O	0	CSCPPACGZOOCGX-UHFFFAOYSA-N	CC(=O)C	0	C00207	15347
5010	Dehydrozingerone	C11H12O3	0	AFWKBSMFXWNGRE-UHFFFAOYSA-N	COc1cc(C=CC(=O)C)ccc1O	0	C17840	81361
5017	4-[(E)-3-aminoprop-1-enyl]-2-methoxyphenol|4-[(E)-3-aminoprop-1-enyl]-2-methoxy-phenol	C10H13NO2	0	BNVLWLLKJDBTBE-UHFFFAOYSA-N	NCC=Cc1ccc(c(c1)OC)O	0		81361
5019	3-(4-hydroxy-3-methoxyphenyl)-2-methyl-2-propenal|3-(4-hydroxy-3-methoxy-phenyl)-2-methyl-prop-2-enal	C11H12O3	0	YBCOYERTNPRAKL-UHFFFAOYSA-N	O=CC(=Cc1ccc(c(c1)OC)O)C	0		81361
5118	(Z)-2-hydroxy-3-(4-hydroxy-3-methoxyphenyl)-2-propenamide|(Z)-2-hydroxy-3-(4-hydroxy-3-methoxy-phenyl)prop-2-enamide	C10H11NO4	0	VLSHVHNBDMQEJD-UHFFFAOYSA-N	COc1cc(ccc1O)C=C(C(=O)N)O	0		81361
5139	N-hydroxy-2-oxoacetamide|2-oxoethanehydroxamic acid	C2H3NO3	0	ZIZGHLTVSVOHEF-UHFFFAOYSA-N	ONC(=O)C=O	0		81361
5267	Malonate	C3H2O4	-2	OFOBLEOULBTSOW-UHFFFAOYSA-N	OC(=O)CC(=O)O	0	C00383	15792,35692,28383,15792 30794
5487	[(2R,3S,4R,5R)-5-(6-aminopurin-9-yl)-3,4-dihydroxy-2-oxolanyl]methyl ethyl hydrogen phosphate|[(2R,3S,4R,5R)-5-(6-aminopurin-9-yl)-3,4-dihydroxy-tetrahydrofuran-2-yl]methyl ethyl hydrogen phosphate	C12H17N5O7P	-1	MXYRBUKSSSUFQO-UHFFFAOYSA-N	CCOP(=O)(OCC1OC(C(C1O)O)n1cnc2c1ncnc2N)O	0		15792,35692,28383,15792 30794
5989	[2-carboxy-1-(4-hydroxy-3-methoxy-phenyl)vinyl]ammonium|[2-carboxy-1-(4-hydroxy-3-methoxyphenyl)ethenyl]ammonium	C10H10NO4	-1	XQWNTHYUWAFWMA-UHFFFAOYSA-N	COc1cc(ccc1O)C(=CC(=O)O)N	0		15792,35692,28383,15792 30794
5990	2-hydroxy-1-(4-hydroxy-3-methoxyphenyl)-1-propanone|2-hydroxy-1-(4-hydroxy-3-methoxy-phenyl)propan-1-one	C10H12O4	0	XADGCRVOLDLTQY-UHFFFAOYSA-N	COc1cc(ccc1O)C(=O)C(O)C	0		15792,35692,28383,15792 30794
5993	1-(4-hydroxy-3-methoxyphenyl)ethene-1,2-diol|1-(4-hydroxy-3-methoxy-phenyl)ethene-1,2-diol	C9H10O4	0	ANQSZMFAMJMVNO-UHFFFAOYSA-N	OC=C(c1ccc(c(c1)OC)O)O	0		15792,35692,28383,15792 30794
6002	1-(4-hydroxy-3-methoxyphenyl)-2-propen-1-one|1-(4-hydroxy-3-methoxy-phenyl)prop-2-en-1-one	C10H10O3	0	HAJPCOSOWIMWFV-UHFFFAOYSA-N	C=CC(=O)c1ccc(c(c1)OC)O	0		15792,35692,28383,15792 30794
6012	4-[(E)-1-hydroxyprop-1-enyl]-2-methoxyphenol|4-[(E)-1-hydroxyprop-1-enyl]-2-methoxy-phenol	C10H12O3	0	BOVBOPAVCSURFY-UHFFFAOYSA-N	CC=C(c1ccc(c(c1)OC)O)O	0		15792,35692,28383,15792 30794
6068	4-[(1R,2R)-2-amino-1-hydroxypropyl]-2-methoxyphenol|4-[(1R,2R)-2-amino-1-hydroxy-propyl]-2-methoxy-phenol	C10H15NO3	0	MASIPYZIHWNUPA-UHFFFAOYSA-N	COc1cc(ccc1O)C(C(N)C)O	0		15792,35692,28383,15792 30794
6538	3-(4-hydroxy-3-methoxyphenyl)-2-methylpropanoic acid|3-(4-Hydroxy-3-methoxyphenyl)-2-methylpropionic acid|3-(4-hydroxy-3-methoxyphenyl)-2-methylpropanoic acid</traditional_iupac>	C11H13O4	-1	XUQXZROVMZNKPO-UHFFFAOYSA-N	COc1cc(ccc1O)CC(C(=O)O)C	0		15792,35692,28383,15792 30794
6560	3-(4-hydroxy-3-methoxyphenyl)-2-propenamide|3-(4-hydroxy-3-methoxy-phenyl)prop-2-enamide	C10H11NO3	0	YYAJJKZSQWOLIP-UHFFFAOYSA-N	COc1cc(C=CC(=O)N)ccc1O	0		15792,35692,28383,15792 30794
6567	Caffeate	C9H7O4	-1	QAIPRVGONGVQAS-UHFFFAOYSA-N	OC(=O)C=Cc1ccc(c(c1)O)O	0	C01197	16433,16433
6576	3,4-dimethoxycinnamic acid	C11H11O4	-1	HJBWJAPEBGSQPR-UHFFFAOYSA-N	COc1cc(C=CC(=O)O)ccc1OC	0		86549
6578	trans-methylferulate	C11H12O4	0	AUJXJFHANFIVKH-UHFFFAOYSA-N	COC(=O)C=Cc1ccc(c(c1)OC)O	0		67379
6581	(E)-3-(4-hydroxy-3-methoxyphenyl)-2-butenoic acid|(E)-3-(4-hydroxy-3-methoxy-phenyl)but-2-enoic acid	C11H11O4	-1	IBSOVRLSOFRZBW-UHFFFAOYSA-N	COc1cc(ccc1O)C(=CC(=O)O)C	0		67379
6586	PUBCHEM131858116|3-(hydroxyamino)-3-(4-hydroxy-3-methoxyphenyl)propanoic acid|3-(hydroxyamino)-3-(4-hydroxy-3-methoxy-phenyl)propanoic acid	C10H12NO5	-1	XPWQLCYVZAZOQL-UHFFFAOYSA-N	ONC(c1ccc(c(c1)OC)O)CC(=O)O	0		67379
6587	3-(4-hydroxy-3-methoxyphenyl)-3-(methylamino)propanoic acid|3-(4-hydroxy-3-methoxy-phenyl)-3-(methylamino)propanoic acid	C11H14NO4	-1	PTDHYOBJTMJYMX-UHFFFAOYSA-N	CNC(c1ccc(c(c1)OC)O)CC(=O)O	0		67379
6591	phenyl (E)-3-(4-hydroxy-3-methoxy-phenyl)prop-2-enoate|(E)-3-(4-hydroxy-3-methoxyphenyl)-2-propenoic acid phenyl ester	C16H14O4	0	QDWDUTOGRQNHSQ-UHFFFAOYSA-N	COc1cc(C=CC(=O)Oc2ccccc2)ccc1O	0		67379
6597	(E)-3-(4-hydroxy-3-methoxyphenyl)-2-methyl-2-propenoic acid|(E)-3-(4-hydroxy-3-methoxy-phenyl)-2-methyl-prop-2-enoic acid	C11H11O4	-1	YHOAZFMXZXWRHC-UHFFFAOYSA-N	COc1cc(ccc1O)C=C(C(=O)O)C	0		67379
6608	(E)-3-(3-methoxy-4-phosphonooxyphenyl)-2-propenoic acid|(E)-3-(3-methoxy-4-phosphonooxy-phenyl)prop-2-enoic acid	C10H9O7P	-2	FMAUXXKUYZPQTC-UHFFFAOYSA-N	COc1cc(C=CC(=O)O)ccc1OP(=O)(O)O	0		67379
6609	ferulic acid 4-sulfate	C10H8O7S	-2	PZPATWACAAOHTJ-UHFFFAOYSA-N	COc1cc(C=CC(=O)O)ccc1OS(=O)(=O)O	0		133508
6610	(Z)-3-(4-hydroxy-3-methoxyphenyl)-2-propenenitrile|(Z)-3-(4-hydroxy-3-methoxy-phenyl)prop-2-enenitrile	C10H9NO2	0	XLZOBXJSXAVHDP-UHFFFAOYSA-N	N#CC=Cc1ccc(c(c1)OC)O	0		133508
6612	3-(4-hydroxy-3-methoxyphenyl)-2-propene-1,1,1-triol|3-(4-hydroxy-3-methoxy-phenyl)prop-2-ene-1,1,1-triol	C10H12O5	0	PTVDNVOFSSGZPR-UHFFFAOYSA-N	COc1cc(C=CC(O)(O)O)ccc1O	0		133508
6643	1-(4-hydroxy-3-methoxyphenyl)propane-1,2-dione|1-(4-hydroxy-3-methoxy-phenyl)propane-1,2-dione	C10H10O4	0	BCUDLMOGCPZQHY-UHFFFAOYSA-N	COc1cc(ccc1O)C(=O)C(=O)C	0		133508
6871	1-hydroxy-1-(4-hydroxy-3-methoxyphenyl)-2-propanone|1-hydroxy-1-(4-hydroxy-3-methoxy-phenyl)propan-2-one	C10H12O4	0	KNROPFRZGGYSJO-UHFFFAOYSA-N	COc1cc(ccc1O)C(C(=O)C)O	0		133508
6994	(E)-3-(4-hydroxy-3-methoxyphenyl)-N-(2-phenylethyl)-2-propenamide|(E)-3-(4-hydroxy-3-methoxy-phenyl)-N-(2-phenylethyl)prop-2-enamide	C18H19NO3	0	QSHSRHRDAVWDHM-UHFFFAOYSA-N	COc1cc(C=CC(=O)NCCc2ccccc2)ccc1O	0		133508
6996	2-oxoethanethioate	C2H2O2S	0	GFAOUTQICBDAHN-UHFFFAOYSA-N	O=CC(=O)S	0		133508
6998	Hydrogen sulfide	H2S	0	RWSOTUBLDIXVET-UHFFFAOYSA-N	S	0	C00283	16136,81055
7394	2,2,2-trihydroxyacetaldehyde	C2H4O4	0	BCPOUJREEDBHJU-UHFFFAOYSA-N	O=CC(O)(O)O	0		16136,81055
7658	(4-hydroxyphenyl) 4-hydroxy-3-methoxy-benzoate|4-hydroxy-3-methoxybenzoic acid (4-hydroxyphenyl) ester	C14H12O5	0	ZZJFYCMKSFDXOF-UHFFFAOYSA-N	COc1cc(ccc1O)C(=O)Oc1ccc(cc1)O	0		16136,81055
9259	Propanoate	C3H5O2	-1	XBDQKXXYIPTUBI-UHFFFAOYSA-N	CCC(=O)O	0	C00163	17272,17272 30768
10293	(2E)-2-[(4-hydroxy-3-methoxy-phenyl)methylene]butanoic acid|(2E)-2-[(4-hydroxy-3-methoxyphenyl)methylidene]butanoic acid	C12H13O4	-1	GQBVUGXINLMDTO-UHFFFAOYSA-N	CCC(=Cc1ccc(c(c1)OC)O)C(=O)O	0		17272,17272 30768
10415	3-(4-hydroxy-3-methoxyphenyl)-2-methyl-2-propenenitrile|3-(4-hydroxy-3-methoxy-phenyl)-2-methyl-prop-2-enenitrile	C11H11NO2	0	MKRXOHPCGNHPRH-UHFFFAOYSA-N	N#CC(=Cc1ccc(c(c1)OC)O)C	0		17272,17272 30768
11279	2-oxo-N-(2-phenylethyl)acetamide	C10H11NO2	0	LAGXJKKQWXGGDL-UHFFFAOYSA-N	O=CC(=O)NCCc1ccccc1	0		17272,17272 30768
23380	(E)-N-hydroxy-3-(4-hydroxy-3-methoxyphenyl)-2-propenamide|(E)-3-(4-hydroxy-3-methoxy-phenyl)prop-2-enehydroxamic acid	C10H11NO4	0	YRNXKRKCQTWLQH-UHFFFAOYSA-N	ONC(=O)C=Cc1ccc(c(c1)OC)O	0		17272,17272 30768
