P_PR_UID	P_PR_REACTIONS	P_PR_ORIGIN	P_PR_TARGET	P_PR_INTERMEDIATES	P_PR_BOUNDARY	P_RF_PUBMED	P_MT_SCORE	P_MT_MAXYIELD	P_MT_LENGTH	P_MT_FEASIBILITY
Z2575.10_Meta-I:31592	RXN-I:22256 | RXN-I:11606 | RXN-I:19604 | RXN-I:24226 | RXN-I:12893 | RXN-I:8617 | RXN-I:27769	Meta-I:34930	Meta-I:31592	Meta-I:79 | Meta-I:29908 | Meta-I:51388 | Meta-I:19847 | Meta-I:105 | Meta-I:509	Meta-I:39678 | Meta-I:34930 | Meta-I:40688 | Meta-I:40690 | Meta-I:5852 | Meta-I:39867 | Meta-I:40729 | Meta-I:1752 | Meta-I:42676 | Meta-I:45326 | Meta-I:31746 | Meta-I:30109				7	
Z2575.9_Meta-I:31592	RXN-I:14214 | RXN-I:11606 | RXN-I:19604 | RXN-I:24226 | RXN-I:12893 | RXN-I:8617 | RXN-I:27769	Meta-I:34930	Meta-I:31592	Meta-I:79 | Meta-I:29908 | Meta-I:51388 | Meta-I:19847 | Meta-I:105 | Meta-I:509	Meta-I:39678 | Meta-I:34930 | Meta-I:1752 | Meta-I:40688 | Meta-I:42676 | Meta-I:40690 | Meta-I:5852 | Meta-I:39867 | Meta-I:40729 | Meta-I:45326 | Meta-I:31746 | Meta-I:30109				7	
Z2575.11_Meta-I:31592	RXN-I:14214 | RXN-I:11606 | RXN-I:22000 | RXN-I:24226 | RXN-I:12893 | RXN-I:8617 | RXN-I:27769	Meta-I:34930	Meta-I:31592	Meta-I:79 | Meta-I:29908 | Meta-I:51388 | Meta-I:19847 | Meta-I:105 | Meta-I:509	Meta-I:39678 | Meta-I:34930 | Meta-I:1752 | Meta-I:40688 | Meta-I:42676 | Meta-I:40690 | Meta-I:5852 | Meta-I:39867 | Meta-I:40729 | Meta-I:45326 | Meta-I:31746 | Meta-I:30109				7	
Z2575.8_Meta-I:31592	RXN-I:22256 | RXN-I:11606 | RXN-I:22000 | RXN-I:24226 | RXN-I:12893 | RXN-I:3293 | RXN-I:27769	Meta-I:34930	Meta-I:31592	Meta-I:79 | Meta-I:29908 | Meta-I:51388 | Meta-I:19847 | Meta-I:105 | Meta-I:509	Meta-I:39678 | Meta-I:34930 | Meta-I:40688 | Meta-I:40690 | Meta-I:5852 | Meta-I:39867 | Meta-I:40729 | Meta-I:42676 | Meta-I:45326 | Meta-I:1752 | Meta-I:31746				7	
Z2575.7_Meta-I:31592	RXN-I:14214 | RXN-I:11606 | RXN-I:22000 | RXN-I:24226 | RXN-I:12893 | RXN-I:3293 | RXN-I:27769	Meta-I:34930	Meta-I:31592	Meta-I:79 | Meta-I:29908 | Meta-I:51388 | Meta-I:19847 | Meta-I:105 | Meta-I:509	Meta-I:39678 | Meta-I:34930 | Meta-I:1752 | Meta-I:40688 | Meta-I:42676 | Meta-I:40690 | Meta-I:5852 | Meta-I:39867 | Meta-I:40729 | Meta-I:45326 | Meta-I:31746				7	
Z1710.7_Meta-I:31592	RXN-I:14214 | RXN-I:6960 | RXN-I:28170 | RXN-I:27769	Meta-I:34930	Meta-I:31592	Meta-I:79 | Meta-I:23101 | Meta-I:509	Meta-I:39678 | Meta-I:34930 | Meta-I:1752 | Meta-I:40688 | Meta-I:42676 | Meta-I:40690				4	
Z2575.6_Meta-I:31592	RXN-I:22256 | RXN-I:11606 | RXN-I:19604 | RXN-I:24226 | RXN-I:12893 | RXN-I:3293 | RXN-I:27769	Meta-I:34930	Meta-I:31592	Meta-I:79 | Meta-I:29908 | Meta-I:51388 | Meta-I:19847 | Meta-I:105 | Meta-I:509	Meta-I:39678 | Meta-I:34930 | Meta-I:40688 | Meta-I:40690 | Meta-I:5852 | Meta-I:39867 | Meta-I:40729 | Meta-I:1752 | Meta-I:42676 | Meta-I:45326 | Meta-I:31746				7	
Z1710.8_Meta-I:31592	RXN-I:22256 | RXN-I:6960 | RXN-I:28170 | RXN-I:27769	Meta-I:34930	Meta-I:31592	Meta-I:79 | Meta-I:23101 | Meta-I:509	Meta-I:39678 | Meta-I:34930 | Meta-I:40688 | Meta-I:40690 | Meta-I:42676 | Meta-I:1752				4	
Z2575.5_Meta-I:31592	RXN-I:14214 | RXN-I:11606 | RXN-I:19604 | RXN-I:24226 | RXN-I:12893 | RXN-I:3293 | RXN-I:27769	Meta-I:34930	Meta-I:31592	Meta-I:79 | Meta-I:29908 | Meta-I:51388 | Meta-I:19847 | Meta-I:105 | Meta-I:509	Meta-I:39678 | Meta-I:34930 | Meta-I:1752 | Meta-I:40688 | Meta-I:42676 | Meta-I:40690 | Meta-I:5852 | Meta-I:39867 | Meta-I:40729 | Meta-I:45326 | Meta-I:31746				7	
Z2575.4_Meta-I:31592	RXN-I:22256 | RXN-I:11606 | RXN-I:22000 | RXN-I:24226 | RXN-I:12893 | RXN-I:5755 | RXN-I:27769	Meta-I:34930	Meta-I:31592	Meta-I:79 | Meta-I:29908 | Meta-I:51388 | Meta-I:19847 | Meta-I:105 | Meta-I:509	Meta-I:39678 | Meta-I:34930 | Meta-I:40688 | Meta-I:40690 | Meta-I:5852 | Meta-I:39867 | Meta-I:40729 | Meta-I:42676 | Meta-I:45326 | Meta-I:1752 | Meta-I:31746 | Meta-I:46079				7	
Z2575.12_Meta-I:31592	RXN-I:22256 | RXN-I:11606 | RXN-I:22000 | RXN-I:24226 | RXN-I:12893 | RXN-I:8617 | RXN-I:27769	Meta-I:34930	Meta-I:31592	Meta-I:79 | Meta-I:29908 | Meta-I:51388 | Meta-I:19847 | Meta-I:105 | Meta-I:509	Meta-I:39678 | Meta-I:34930 | Meta-I:40688 | Meta-I:40690 | Meta-I:5852 | Meta-I:39867 | Meta-I:40729 | Meta-I:42676 | Meta-I:45326 | Meta-I:1752 | Meta-I:31746 | Meta-I:30109				7	
Z2575.3_Meta-I:31592	RXN-I:14214 | RXN-I:11606 | RXN-I:22000 | RXN-I:24226 | RXN-I:12893 | RXN-I:5755 | RXN-I:27769	Meta-I:34930	Meta-I:31592	Meta-I:79 | Meta-I:29908 | Meta-I:51388 | Meta-I:19847 | Meta-I:105 | Meta-I:509	Meta-I:39678 | Meta-I:34930 | Meta-I:1752 | Meta-I:40688 | Meta-I:42676 | Meta-I:40690 | Meta-I:5852 | Meta-I:39867 | Meta-I:40729 | Meta-I:45326 | Meta-I:31746 | Meta-I:46079				7	
Z1710.3_Meta-I:31592	RXN-I:14214 | RXN-I:30079 | RXN-I:28170 | RXN-I:27769	Meta-I:34930	Meta-I:31592	Meta-I:79 | Meta-I:23101 | Meta-I:509	Meta-I:39678 | Meta-I:34930 | Meta-I:1752 | Meta-I:40688 | Meta-I:42676 | Meta-I:40690 | Meta-I:5852 | Meta-I:39867 | Meta-I:40729				4	
Z1710.4_Meta-I:31592	RXN-I:22256 | RXN-I:30079 | RXN-I:28170 | RXN-I:27769	Meta-I:34930	Meta-I:31592	Meta-I:79 | Meta-I:23101 | Meta-I:509	Meta-I:39678 | Meta-I:34930 | Meta-I:40688 | Meta-I:40690 | Meta-I:5852 | Meta-I:39867 | Meta-I:42676 | Meta-I:40729 | Meta-I:1752				4	
Z1710.5_Meta-I:31592	RXN-I:14214 | RXN-I:20151 | RXN-I:28170 | RXN-I:27769	Meta-I:34930	Meta-I:31592	Meta-I:79 | Meta-I:23101 | Meta-I:509	Meta-I:39678 | Meta-I:34930 | Meta-I:1752 | Meta-I:40688 | Meta-I:42676 | Meta-I:40690 | Meta-I:5852 | Meta-I:39867 | Meta-I:40729				4	
Z1710.6_Meta-I:31592	RXN-I:22256 | RXN-I:20151 | RXN-I:28170 | RXN-I:27769	Meta-I:34930	Meta-I:31592	Meta-I:79 | Meta-I:23101 | Meta-I:509	Meta-I:39678 | Meta-I:34930 | Meta-I:40688 | Meta-I:40690 | Meta-I:5852 | Meta-I:39867 | Meta-I:40729 | Meta-I:42676 | Meta-I:1752				4	
Z1710.1_Meta-I:31592	RXN-I:14214 | RXN-I:13000 | RXN-I:28170 | RXN-I:27769	Meta-I:34930	Meta-I:31592	Meta-I:79 | Meta-I:23101 | Meta-I:509	Meta-I:39678 | Meta-I:34930 | Meta-I:1752 | Meta-I:40688 | Meta-I:42676 | Meta-I:40690				4	
Z1710.2_Meta-I:31592	RXN-I:22256 | RXN-I:13000 | RXN-I:28170 | RXN-I:27769	Meta-I:34930	Meta-I:31592	Meta-I:79 | Meta-I:23101 | Meta-I:509	Meta-I:39678 | Meta-I:34930 | Meta-I:40688 | Meta-I:40690 | Meta-I:42676 | Meta-I:1752				4	
Z1140.8_Meta-I:31592	RXN-I:22256 | RXN-I:6960 | RXN-I:19064	Meta-I:34930	Meta-I:31592	Meta-I:79 | Meta-I:23101	Meta-I:39678 | Meta-I:34930 | Meta-I:40688 | Meta-I:40690 | Meta-I:42676 | Meta-I:1752				3	
Z2002.2_Meta-I:31592	RXN-I:3335 | RXN-I:6785 | RXN-I:3424 | RXN-I:27769	Meta-I:34930	Meta-I:31592	Meta-I:46329 | Meta-I:29908 | Meta-I:509	Meta-I:39678 | Meta-I:5852 | Meta-I:39867 | Meta-I:34930 | Meta-I:40729 | Meta-I:40688 | Meta-I:40690 | Meta-I:42676 | Meta-I:1752				4	
Z573.1_Meta-I:31592	RXN-I:3335 | RXN-I:24192 | RXN-I:15414 | RXN-I:35364	Meta-I:34930	Meta-I:31592	Meta-I:46329 | Meta-I:29908 | Meta-I:35809	Meta-I:39678 | Meta-I:5852 | Meta-I:39867 | Meta-I:34930 | Meta-I:40729 | Meta-I:1752 | Meta-I:40688 | Meta-I:42676 | Meta-I:40690				4	
Z1141.1_Meta-I:31592	RXN-I:3335 | RXN-I:26569 | RXN-I:19064	Meta-I:34930	Meta-I:31592	Meta-I:46329 | Meta-I:23101	Meta-I:39678 | Meta-I:5852 | Meta-I:39867 | Meta-I:34930 | Meta-I:40729 | Meta-I:42676 | Meta-I:1752 | Meta-I:40688 | Meta-I:40690				3	
Z573.2_Meta-I:31592	RXN-I:3335 | RXN-I:6785 | RXN-I:15414 | RXN-I:35364	Meta-I:34930	Meta-I:31592	Meta-I:46329 | Meta-I:29908 | Meta-I:35809	Meta-I:39678 | Meta-I:5852 | Meta-I:39867 | Meta-I:34930 | Meta-I:40729 | Meta-I:40688 | Meta-I:40690 | Meta-I:1752 | Meta-I:42676				4	
Z2002.1_Meta-I:31592	RXN-I:3335 | RXN-I:24192 | RXN-I:3424 | RXN-I:27769	Meta-I:34930	Meta-I:31592	Meta-I:46329 | Meta-I:29908 | Meta-I:509	Meta-I:39678 | Meta-I:5852 | Meta-I:39867 | Meta-I:34930 | Meta-I:40729 | Meta-I:1752 | Meta-I:40688 | Meta-I:42676 | Meta-I:40690				4	
Z1997.2_Meta-I:31592	RXN-I:22256 | RXN-I:11606 | RXN-I:15414 | RXN-I:20071 | RXN-I:26569 | RXN-I:28170 | RXN-I:27769	Meta-I:34930	Meta-I:31592	Meta-I:79 | Meta-I:29908 | Meta-I:35809 | Meta-I:46329 | Meta-I:23101 | Meta-I:509	Meta-I:39678 | Meta-I:34930 | Meta-I:40688 | Meta-I:40690 | Meta-I:5852 | Meta-I:39867 | Meta-I:40729 | Meta-I:1752 | Meta-I:42676				7	
Z1997.3_Meta-I:31592	RXN-I:14214 | RXN-I:11606 | RXN-I:15414 | RXN-I:26357 | RXN-I:26569 | RXN-I:28170 | RXN-I:27769	Meta-I:34930	Meta-I:31592	Meta-I:79 | Meta-I:29908 | Meta-I:35809 | Meta-I:46329 | Meta-I:23101 | Meta-I:509	Meta-I:39678 | Meta-I:34930 | Meta-I:1752 | Meta-I:40688 | Meta-I:42676 | Meta-I:40690 | Meta-I:5852 | Meta-I:39867 | Meta-I:40729				7	
Z1997.4_Meta-I:31592	RXN-I:22256 | RXN-I:11606 | RXN-I:15414 | RXN-I:26357 | RXN-I:26569 | RXN-I:28170 | RXN-I:27769	Meta-I:34930	Meta-I:31592	Meta-I:79 | Meta-I:29908 | Meta-I:35809 | Meta-I:46329 | Meta-I:23101 | Meta-I:509	Meta-I:39678 | Meta-I:34930 | Meta-I:40688 | Meta-I:40690 | Meta-I:5852 | Meta-I:39867 | Meta-I:40729 | Meta-I:1752 | Meta-I:42676				7	
Z1997.1_Meta-I:31592	RXN-I:14214 | RXN-I:11606 | RXN-I:15414 | RXN-I:20071 | RXN-I:26569 | RXN-I:28170 | RXN-I:27769	Meta-I:34930	Meta-I:31592	Meta-I:79 | Meta-I:29908 | Meta-I:35809 | Meta-I:46329 | Meta-I:23101 | Meta-I:509	Meta-I:39678 | Meta-I:34930 | Meta-I:1752 | Meta-I:40688 | Meta-I:42676 | Meta-I:40690 | Meta-I:5852 | Meta-I:39867 | Meta-I:40729				7	
Z2293.11_Meta-I:31592	RXN-I:3335 | RXN-I:24192 | RXN-I:22000 | RXN-I:24226 | RXN-I:12893 | RXN-I:8617 | RXN-I:27769	Meta-I:34930	Meta-I:31592	Meta-I:46329 | Meta-I:29908 | Meta-I:51388 | Meta-I:19847 | Meta-I:105 | Meta-I:509	Meta-I:39678 | Meta-I:5852 | Meta-I:39867 | Meta-I:34930 | Meta-I:40729 | Meta-I:1752 | Meta-I:40688 | Meta-I:42676 | Meta-I:40690 | Meta-I:45326 | Meta-I:31746 | Meta-I:30109				7	
Z2293.12_Meta-I:31592	RXN-I:3335 | RXN-I:6785 | RXN-I:22000 | RXN-I:24226 | RXN-I:12893 | RXN-I:8617 | RXN-I:27769	Meta-I:34930	Meta-I:31592	Meta-I:46329 | Meta-I:29908 | Meta-I:51388 | Meta-I:19847 | Meta-I:105 | Meta-I:509	Meta-I:39678 | Meta-I:5852 | Meta-I:39867 | Meta-I:34930 | Meta-I:40729 | Meta-I:40688 | Meta-I:40690 | Meta-I:42676 | Meta-I:45326 | Meta-I:1752 | Meta-I:31746 | Meta-I:30109				7	
Z2293.10_Meta-I:31592	RXN-I:3335 | RXN-I:6785 | RXN-I:19604 | RXN-I:24226 | RXN-I:12893 | RXN-I:8617 | RXN-I:27769	Meta-I:34930	Meta-I:31592	Meta-I:46329 | Meta-I:29908 | Meta-I:51388 | Meta-I:19847 | Meta-I:105 | Meta-I:509	Meta-I:39678 | Meta-I:5852 | Meta-I:39867 | Meta-I:34930 | Meta-I:40729 | Meta-I:40688 | Meta-I:40690 | Meta-I:1752 | Meta-I:42676 | Meta-I:45326 | Meta-I:31746 | Meta-I:30109				7	
Z568.1_Meta-I:31592	RXN-I:14214 | RXN-I:11606 | RXN-I:15414 | RXN-I:20071 | RXN-I:26569 | RXN-I:29259	Meta-I:34930	Meta-I:31592	Meta-I:79 | Meta-I:29908 | Meta-I:35809 | Meta-I:46329 | Meta-I:23101	Meta-I:39678 | Meta-I:34930 | Meta-I:1752 | Meta-I:40688 | Meta-I:42676 | Meta-I:40690 | Meta-I:5852 | Meta-I:39867 | Meta-I:40729				6	
Z568.2_Meta-I:31592	RXN-I:22256 | RXN-I:11606 | RXN-I:15414 | RXN-I:20071 | RXN-I:26569 | RXN-I:29259	Meta-I:34930	Meta-I:31592	Meta-I:79 | Meta-I:29908 | Meta-I:35809 | Meta-I:46329 | Meta-I:23101	Meta-I:39678 | Meta-I:34930 | Meta-I:40688 | Meta-I:40690 | Meta-I:5852 | Meta-I:39867 | Meta-I:40729 | Meta-I:1752 | Meta-I:42676				6	
Z568.3_Meta-I:31592	RXN-I:14214 | RXN-I:11606 | RXN-I:15414 | RXN-I:26357 | RXN-I:26569 | RXN-I:29259	Meta-I:34930	Meta-I:31592	Meta-I:79 | Meta-I:29908 | Meta-I:35809 | Meta-I:46329 | Meta-I:23101	Meta-I:39678 | Meta-I:34930 | Meta-I:1752 | Meta-I:40688 | Meta-I:42676 | Meta-I:40690 | Meta-I:5852 | Meta-I:39867 | Meta-I:40729				6	
Z282.1_Meta-I:31592	RXN-I:3335 | RXN-I:26569 | RXN-I:29259	Meta-I:34930	Meta-I:31592	Meta-I:46329 | Meta-I:23101	Meta-I:39678 | Meta-I:5852 | Meta-I:39867 | Meta-I:34930 | Meta-I:40729 | Meta-I:42676 | Meta-I:1752 | Meta-I:40688 | Meta-I:40690				3	
Z568.4_Meta-I:31592	RXN-I:22256 | RXN-I:11606 | RXN-I:15414 | RXN-I:26357 | RXN-I:26569 | RXN-I:29259	Meta-I:34930	Meta-I:31592	Meta-I:79 | Meta-I:29908 | Meta-I:35809 | Meta-I:46329 | Meta-I:23101	Meta-I:39678 | Meta-I:34930 | Meta-I:40688 | Meta-I:40690 | Meta-I:5852 | Meta-I:39867 | Meta-I:40729 | Meta-I:1752 | Meta-I:42676				6	
Z2288.2_Meta-I:31592	RXN-I:22256 | RXN-I:11606 | RXN-I:3424 | RXN-I:27769	Meta-I:34930	Meta-I:31592	Meta-I:79 | Meta-I:29908 | Meta-I:509	Meta-I:39678 | Meta-I:34930 | Meta-I:40688 | Meta-I:40690 | Meta-I:5852 | Meta-I:39867 | Meta-I:40729 | Meta-I:42676 | Meta-I:1752				4	
Z2288.1_Meta-I:31592	RXN-I:14214 | RXN-I:11606 | RXN-I:3424 | RXN-I:27769	Meta-I:34930	Meta-I:31592	Meta-I:79 | Meta-I:29908 | Meta-I:509	Meta-I:39678 | Meta-I:34930 | Meta-I:1752 | Meta-I:40688 | Meta-I:42676 | Meta-I:40690 | Meta-I:5852 | Meta-I:39867 | Meta-I:40729				4	
Z859.2_Meta-I:31592	RXN-I:22256 | RXN-I:11606 | RXN-I:15414 | RXN-I:35364	Meta-I:34930	Meta-I:31592	Meta-I:79 | Meta-I:29908 | Meta-I:35809	Meta-I:39678 | Meta-I:34930 | Meta-I:40688 | Meta-I:40690 | Meta-I:5852 | Meta-I:39867 | Meta-I:40729 | Meta-I:1752 | Meta-I:42676				4	
Z1427.2_Meta-I:31592	RXN-I:22256 | RXN-I:11606 | RXN-I:15414 | RXN-I:20071 | RXN-I:26569 | RXN-I:19064	Meta-I:34930	Meta-I:31592	Meta-I:79 | Meta-I:29908 | Meta-I:35809 | Meta-I:46329 | Meta-I:23101	Meta-I:39678 | Meta-I:34930 | Meta-I:40688 | Meta-I:40690 | Meta-I:5852 | Meta-I:39867 | Meta-I:40729 | Meta-I:1752 | Meta-I:42676				6	
Z1427.3_Meta-I:31592	RXN-I:14214 | RXN-I:11606 | RXN-I:15414 | RXN-I:26357 | RXN-I:26569 | RXN-I:19064	Meta-I:34930	Meta-I:31592	Meta-I:79 | Meta-I:29908 | Meta-I:35809 | Meta-I:46329 | Meta-I:23101	Meta-I:39678 | Meta-I:34930 | Meta-I:1752 | Meta-I:40688 | Meta-I:42676 | Meta-I:40690 | Meta-I:5852 | Meta-I:39867 | Meta-I:40729				6	
Z859.1_Meta-I:31592	RXN-I:14214 | RXN-I:11606 | RXN-I:15414 | RXN-I:35364	Meta-I:34930	Meta-I:31592	Meta-I:79 | Meta-I:29908 | Meta-I:35809	Meta-I:39678 | Meta-I:34930 | Meta-I:1752 | Meta-I:40688 | Meta-I:42676 | Meta-I:40690 | Meta-I:5852 | Meta-I:39867 | Meta-I:40729				4	
Z1427.1_Meta-I:31592	RXN-I:14214 | RXN-I:11606 | RXN-I:15414 | RXN-I:20071 | RXN-I:26569 | RXN-I:19064	Meta-I:34930	Meta-I:31592	Meta-I:79 | Meta-I:29908 | Meta-I:35809 | Meta-I:46329 | Meta-I:23101	Meta-I:39678 | Meta-I:34930 | Meta-I:1752 | Meta-I:40688 | Meta-I:42676 | Meta-I:40690 | Meta-I:5852 | Meta-I:39867 | Meta-I:40729				6	
Z1427.4_Meta-I:31592	RXN-I:22256 | RXN-I:11606 | RXN-I:15414 | RXN-I:26357 | RXN-I:26569 | RXN-I:19064	Meta-I:34930	Meta-I:31592	Meta-I:79 | Meta-I:29908 | Meta-I:35809 | Meta-I:46329 | Meta-I:23101	Meta-I:39678 | Meta-I:34930 | Meta-I:40688 | Meta-I:40690 | Meta-I:5852 | Meta-I:39867 | Meta-I:40729 | Meta-I:1752 | Meta-I:42676				6	
Z1711.1_Meta-I:31592	RXN-I:3335 | RXN-I:26569 | RXN-I:28170 | RXN-I:27769	Meta-I:34930	Meta-I:31592	Meta-I:46329 | Meta-I:23101 | Meta-I:509	Meta-I:39678 | Meta-I:5852 | Meta-I:39867 | Meta-I:34930 | Meta-I:40729 | Meta-I:42676 | Meta-I:40688 | Meta-I:40690 | Meta-I:1752				4	
Z1140.1_Meta-I:31592	RXN-I:14214 | RXN-I:13000 | RXN-I:19064	Meta-I:34930	Meta-I:31592	Meta-I:79 | Meta-I:23101	Meta-I:39678 | Meta-I:34930 | Meta-I:1752 | Meta-I:40688 | Meta-I:42676 | Meta-I:40690				3	
Z2293.8_Meta-I:31592	RXN-I:3335 | RXN-I:6785 | RXN-I:22000 | RXN-I:24226 | RXN-I:12893 | RXN-I:3293 | RXN-I:27769	Meta-I:34930	Meta-I:31592	Meta-I:46329 | Meta-I:29908 | Meta-I:51388 | Meta-I:19847 | Meta-I:105 | Meta-I:509	Meta-I:39678 | Meta-I:5852 | Meta-I:39867 | Meta-I:34930 | Meta-I:40729 | Meta-I:40688 | Meta-I:40690 | Meta-I:42676 | Meta-I:45326 | Meta-I:1752 | Meta-I:31746				7	
Z572.1_Meta-I:31592	RXN-I:3335 | RXN-I:20071 | RXN-I:35364	Meta-I:34930	Meta-I:31592	Meta-I:46329 | Meta-I:35809	Meta-I:39678 | Meta-I:5852 | Meta-I:39867 | Meta-I:34930 | Meta-I:40729 | Meta-I:1752 | Meta-I:40688 | Meta-I:42676 | Meta-I:40690				3	
Z2293.9_Meta-I:31592	RXN-I:3335 | RXN-I:24192 | RXN-I:19604 | RXN-I:24226 | RXN-I:12893 | RXN-I:8617 | RXN-I:27769	Meta-I:34930	Meta-I:31592	Meta-I:46329 | Meta-I:29908 | Meta-I:51388 | Meta-I:19847 | Meta-I:105 | Meta-I:509	Meta-I:39678 | Meta-I:5852 | Meta-I:39867 | Meta-I:34930 | Meta-I:40729 | Meta-I:1752 | Meta-I:40688 | Meta-I:42676 | Meta-I:40690 | Meta-I:45326 | Meta-I:31746 | Meta-I:30109				7	
Z1140.3_Meta-I:31592	RXN-I:14214 | RXN-I:30079 | RXN-I:19064	Meta-I:34930	Meta-I:31592	Meta-I:79 | Meta-I:23101	Meta-I:39678 | Meta-I:34930 | Meta-I:1752 | Meta-I:40688 | Meta-I:42676 | Meta-I:40690 | Meta-I:5852 | Meta-I:39867 | Meta-I:40729				3	
Z572.2_Meta-I:31592	RXN-I:3335 | RXN-I:26357 | RXN-I:35364	Meta-I:34930	Meta-I:31592	Meta-I:46329 | Meta-I:35809	Meta-I:39678 | Meta-I:5852 | Meta-I:39867 | Meta-I:34930 | Meta-I:40729 | Meta-I:1752 | Meta-I:40688 | Meta-I:40690 | Meta-I:42676				3	
Z2293.6_Meta-I:31592	RXN-I:3335 | RXN-I:6785 | RXN-I:19604 | RXN-I:24226 | RXN-I:12893 | RXN-I:3293 | RXN-I:27769	Meta-I:34930	Meta-I:31592	Meta-I:46329 | Meta-I:29908 | Meta-I:51388 | Meta-I:19847 | Meta-I:105 | Meta-I:509	Meta-I:39678 | Meta-I:5852 | Meta-I:39867 | Meta-I:34930 | Meta-I:40729 | Meta-I:40688 | Meta-I:40690 | Meta-I:1752 | Meta-I:42676 | Meta-I:45326 | Meta-I:31746				7	
Z1140.2_Meta-I:31592	RXN-I:22256 | RXN-I:13000 | RXN-I:19064	Meta-I:34930	Meta-I:31592	Meta-I:79 | Meta-I:23101	Meta-I:39678 | Meta-I:34930 | Meta-I:40688 | Meta-I:40690 | Meta-I:1752				3	
Z2293.7_Meta-I:31592	RXN-I:3335 | RXN-I:24192 | RXN-I:22000 | RXN-I:24226 | RXN-I:12893 | RXN-I:3293 | RXN-I:27769	Meta-I:34930	Meta-I:31592	Meta-I:46329 | Meta-I:29908 | Meta-I:51388 | Meta-I:19847 | Meta-I:105 | Meta-I:509	Meta-I:39678 | Meta-I:5852 | Meta-I:39867 | Meta-I:34930 | Meta-I:40729 | Meta-I:1752 | Meta-I:40688 | Meta-I:42676 | Meta-I:40690 | Meta-I:45326 | Meta-I:31746				7	
Z1140.5_Meta-I:31592	RXN-I:14214 | RXN-I:20151 | RXN-I:19064	Meta-I:34930	Meta-I:31592	Meta-I:79 | Meta-I:23101	Meta-I:39678 | Meta-I:34930 | Meta-I:1752 | Meta-I:40688 | Meta-I:42676 | Meta-I:40690 | Meta-I:5852 | Meta-I:39867 | Meta-I:40729				3	
Z2293.4_Meta-I:31592	RXN-I:3335 | RXN-I:6785 | RXN-I:22000 | RXN-I:24226 | RXN-I:12893 | RXN-I:5755 | RXN-I:27769	Meta-I:34930	Meta-I:31592	Meta-I:46329 | Meta-I:29908 | Meta-I:51388 | Meta-I:19847 | Meta-I:105 | Meta-I:509	Meta-I:39678 | Meta-I:5852 | Meta-I:39867 | Meta-I:34930 | Meta-I:40729 | Meta-I:40688 | Meta-I:40690 | Meta-I:42676 | Meta-I:45326 | Meta-I:1752 | Meta-I:31746 | Meta-I:46079				7	
Z1140.4_Meta-I:31592	RXN-I:22256 | RXN-I:30079 | RXN-I:19064	Meta-I:34930	Meta-I:31592	Meta-I:79 | Meta-I:23101	Meta-I:39678 | Meta-I:34930 | Meta-I:40688 | Meta-I:40690 | Meta-I:5852 | Meta-I:39867 | Meta-I:42676 | Meta-I:40729 | Meta-I:1752				3	
Z2293.5_Meta-I:31592	RXN-I:3335 | RXN-I:24192 | RXN-I:19604 | RXN-I:24226 | RXN-I:12893 | RXN-I:3293 | RXN-I:27769	Meta-I:34930	Meta-I:31592	Meta-I:46329 | Meta-I:29908 | Meta-I:51388 | Meta-I:19847 | Meta-I:105 | Meta-I:509	Meta-I:39678 | Meta-I:5852 | Meta-I:39867 | Meta-I:34930 | Meta-I:40729 | Meta-I:1752 | Meta-I:40688 | Meta-I:42676 | Meta-I:40690 | Meta-I:45326 | Meta-I:31746				7	
Z1140.7_Meta-I:31592	RXN-I:14214 | RXN-I:6960 | RXN-I:19064	Meta-I:34930	Meta-I:31592	Meta-I:79 | Meta-I:23101	Meta-I:39678 | Meta-I:34930 | Meta-I:1752 | Meta-I:40688 | Meta-I:42676 | Meta-I:40690				3	
Z2293.2_Meta-I:31592	RXN-I:3335 | RXN-I:6785 | RXN-I:19604 | RXN-I:24226 | RXN-I:12893 | RXN-I:5755 | RXN-I:27769	Meta-I:34930	Meta-I:31592	Meta-I:46329 | Meta-I:29908 | Meta-I:51388 | Meta-I:19847 | Meta-I:105 | Meta-I:509	Meta-I:39678 | Meta-I:5852 | Meta-I:39867 | Meta-I:34930 | Meta-I:40729 | Meta-I:40688 | Meta-I:40690 | Meta-I:1752 | Meta-I:42676 | Meta-I:45326 | Meta-I:31746 | Meta-I:46079				7	
Z1140.6_Meta-I:31592	RXN-I:22256 | RXN-I:20151 | RXN-I:19064	Meta-I:34930	Meta-I:31592	Meta-I:79 | Meta-I:23101	Meta-I:39678 | Meta-I:34930 | Meta-I:40688 | Meta-I:40690 | Meta-I:5852 | Meta-I:39867 | Meta-I:40729 | Meta-I:1752				3	
Z2293.3_Meta-I:31592	RXN-I:3335 | RXN-I:24192 | RXN-I:22000 | RXN-I:24226 | RXN-I:12893 | RXN-I:5755 | RXN-I:27769	Meta-I:34930	Meta-I:31592	Meta-I:46329 | Meta-I:29908 | Meta-I:51388 | Meta-I:19847 | Meta-I:105 | Meta-I:509	Meta-I:39678 | Meta-I:5852 | Meta-I:39867 | Meta-I:34930 | Meta-I:40729 | Meta-I:1752 | Meta-I:40688 | Meta-I:42676 | Meta-I:40690 | Meta-I:45326 | Meta-I:31746 | Meta-I:46079				7	
Z2293.1_Meta-I:31592	RXN-I:3335 | RXN-I:24192 | RXN-I:19604 | RXN-I:24226 | RXN-I:12893 | RXN-I:5755 | RXN-I:27769	Meta-I:34930	Meta-I:31592	Meta-I:46329 | Meta-I:29908 | Meta-I:51388 | Meta-I:19847 | Meta-I:105 | Meta-I:509	Meta-I:39678 | Meta-I:5852 | Meta-I:39867 | Meta-I:34930 | Meta-I:40729 | Meta-I:1752 | Meta-I:40688 | Meta-I:42676 | Meta-I:40690 | Meta-I:45326 | Meta-I:31746 | Meta-I:46079				7	
Z281.7_Meta-I:31592	RXN-I:14214 | RXN-I:6960 | RXN-I:29259	Meta-I:34930	Meta-I:31592	Meta-I:79 | Meta-I:23101	Meta-I:39678 | Meta-I:34930 | Meta-I:1752 | Meta-I:40688 | Meta-I:42676 | Meta-I:40690				3	
Z281.8_Meta-I:31592	RXN-I:22256 | RXN-I:6960 | RXN-I:29259	Meta-I:34930	Meta-I:31592	Meta-I:79 | Meta-I:23101	Meta-I:39678 | Meta-I:34930 | Meta-I:40688 | Meta-I:40690 | Meta-I:42676 | Meta-I:1752				3	
Z281.5_Meta-I:31592	RXN-I:14214 | RXN-I:20151 | RXN-I:29259	Meta-I:34930	Meta-I:31592	Meta-I:79 | Meta-I:23101	Meta-I:39678 | Meta-I:34930 | Meta-I:1752 | Meta-I:40688 | Meta-I:42676 | Meta-I:40690 | Meta-I:5852 | Meta-I:39867 | Meta-I:40729				3	
Z281.6_Meta-I:31592	RXN-I:22256 | RXN-I:20151 | RXN-I:29259	Meta-I:34930	Meta-I:31592	Meta-I:79 | Meta-I:23101	Meta-I:39678 | Meta-I:34930 | Meta-I:40688 | Meta-I:40690 | Meta-I:5852 | Meta-I:39867 | Meta-I:40729 | Meta-I:1752 | Meta-I:42676				3	
Z281.3_Meta-I:31592	RXN-I:14214 | RXN-I:30079 | RXN-I:29259	Meta-I:34930	Meta-I:31592	Meta-I:79 | Meta-I:23101	Meta-I:39678 | Meta-I:34930 | Meta-I:1752 | Meta-I:40688 | Meta-I:42676 | Meta-I:40690 | Meta-I:5852 | Meta-I:39867 | Meta-I:40729				3	
Z2575.2_Meta-I:31592	RXN-I:22256 | RXN-I:11606 | RXN-I:19604 | RXN-I:24226 | RXN-I:12893 | RXN-I:5755 | RXN-I:27769	Meta-I:34930	Meta-I:31592	Meta-I:79 | Meta-I:29908 | Meta-I:51388 | Meta-I:19847 | Meta-I:105 | Meta-I:509	Meta-I:39678 | Meta-I:34930 | Meta-I:40688 | Meta-I:40690 | Meta-I:5852 | Meta-I:39867 | Meta-I:40729 | Meta-I:1752 | Meta-I:42676 | Meta-I:45326 | Meta-I:31746 | Meta-I:46079				7	
Z281.4_Meta-I:31592	RXN-I:22256 | RXN-I:30079 | RXN-I:29259	Meta-I:34930	Meta-I:31592	Meta-I:79 | Meta-I:23101	Meta-I:39678 | Meta-I:34930 | Meta-I:40688 | Meta-I:40690 | Meta-I:5852 | Meta-I:39867 | Meta-I:42676 | Meta-I:40729 | Meta-I:1752				3	
Z2575.1_Meta-I:31592	RXN-I:14214 | RXN-I:11606 | RXN-I:19604 | RXN-I:24226 | RXN-I:12893 | RXN-I:5755 | RXN-I:27769	Meta-I:34930	Meta-I:31592	Meta-I:79 | Meta-I:29908 | Meta-I:51388 | Meta-I:19847 | Meta-I:105 | Meta-I:509	Meta-I:39678 | Meta-I:34930 | Meta-I:1752 | Meta-I:40688 | Meta-I:42676 | Meta-I:40690 | Meta-I:5852 | Meta-I:39867 | Meta-I:40729 | Meta-I:45326 | Meta-I:31746 | Meta-I:46079				7	
Z281.1_Meta-I:31592	RXN-I:14214 | RXN-I:13000 | RXN-I:29259	Meta-I:34930	Meta-I:31592	Meta-I:79 | Meta-I:23101	Meta-I:39678 | Meta-I:34930 | Meta-I:1752 | Meta-I:40688 | Meta-I:42676 | Meta-I:40690				3	
Z281.2_Meta-I:31592	RXN-I:22256 | RXN-I:13000 | RXN-I:29259	Meta-I:34930	Meta-I:31592	Meta-I:79 | Meta-I:23101	Meta-I:39678 | Meta-I:34930 | Meta-I:40688 | Meta-I:40690 | Meta-I:1752 | Meta-I:42676				3	
