M_PR_UID	M_PR_SMILE-CAN-OB
CMPD_0000000005	Oc1ccc(cc1)c1coc2c(c1=O)ccc(c2)O
CMPD_0000000006	Oc1ccc(cc1)C1CC(=O)c2c(O1)cc(cc2O)OC1OC(COC2OC(C)C(C(C2O)O)O)C(C(C1O)O)O
CMPD_0000000007	Oc1ccc(cc1)C=CC(=O)c1c(O)cc(cc1O)O
CMPD_0000000010	OCC1OC(Oc2cc3OC(CC(=O)c3c(c2)O)c2ccc(cc2)O)C(C(C1O)O)O
CMPD_0000000011	OC1C(COP(=O)(OP(=O)(OC2OC(C)C(C(C2O)O)O)O)O)OC(C1O)n1ccc(nc1=O)O
CMPD_0000000013	Oc1ccc(cc1)C1C(O)Oc2c(C1=O)ccc(c2)O
CMPD_0000000014	Oc1ccc(cc1)C1CC(=O)c2c(O1)cc(cc2)O
CMPD_0000000016	O=C(C=Cc1ccc(cc1)O)SCCN=C(CCN=C(C(C(COP(=O)(OP(=O)(OCC1OC(C(C1OP(=O)(O)O)O)n1cnc2c1ncnc2N)O)O)(C)C)O)O)O
CMPD_0000000026	OC(=O)C=Cc1ccc(cc1)O
CMPD_0000000043	OCC1OC(Oc2cc(O)c(c(c2)O)C(=O)C=Cc2ccc(cc2)O)C(C(C1O)O)O
CMPD_0000000046	Oc1ccc(cc1)c1cc(=O)c2c(o1)cc(cc2)O
CMPD_0000000052	Oc1ccc(cc1)C=CC(=O)c1ccc(cc1O)O
CMPD_0000000054	O=Cc1ccc(cc1)O
CMPD_0000000071	O=C(C=Cc1ccc(cc1)O)SCCN=C(CCN=C(C(C(COP(=O)(OP(=O)(OCC1OC(C(C1O)O)n1cnc2c1ncnc2N)O)O)(C)C)O)O)O
MNXM12	SCCN=C(CCN=C(C(C(COP(=O)(OP(=O)(OCC1OC(C(C1OP(=O)(O)O)O)n1cnc2c1ncnc2N)O)O)(C)C)O)O)O
MNXM2	O
MNXM21	CC(=O)SCCN=C(CCN=C(C(C(COP(=O)(OP(=O)(OCC1OC(C(C1OP(=O)(O)O)O)n1cnc2c1ncnc2N)O)O)(C)C)O)O)O
MNXM3	OC1C(COP(=O)(OP(=O)(OP(=O)(O)O)O)O)OC(C1O)n1cnc2c1ncnc2N
MNXM4	O=O
MNXM40	OC(=O)CC(=O)SCCN=C(CCN=C(C(C(COP(=O)(OP(=O)(OCC1OC(C(C1OP(=O)(O)O)O)n1cnc2c1ncnc2N)O)O)(C)C)O)O)O
MNXM481	SCCN=C(CCN=C(C(C(COP(=O)(OP(=O)(OCC1OC(C(C1O)O)n1cnc2c1ncnc2N)O)O)(C)C)O)O)O
MNXM52	OCC1OC(OP(=O)(OP(=O)(OCC2OC(C(C2O)O)n2ccc(nc2=O)O)O)O)C(C(C1O)O)O
MNXM6	OC1C(O)C(OC1N1C=CCC(=C1)C(=N)O)COP(=O)(OP(=O)(OCC1OC(C(C1O)OP(=O)(O)O)n1cnc2c1ncnc2N)O)O
MNXM89795	OCC1OC(OP(=O)(OP(=O)(OCC2OC(C(C2O)O)n2ccc(nc2=O)O)O)O)C(C(C1O)O)O
MNXM9	OP(=O)(O)O
TARGET_0000000001	Oc1ccc(cc1)C1CC(=O)c2c(O1)cc(cc2O)O
