M_PR_UID	M_PR_NAME	M_PR_FORMULA	M_PR_CHARGE	M_PR_INCHI	M_PR_SMILE-CAN-OB	M_PR_COFACTOR	M_XR_KEGG	M_XR_CHEBI
7	H2O	H2O	0	XLYOFNOQVPJJNP-UHFFFAOYSA-N	O	1	C00001	15377,16234,18219,6637,31341,31794,32035,32145,31344,33130,32108,49900,29191,81045,81882
51	Ammonia	H3N	0	QGZKDVFQNNGYKY-UHFFFAOYSA-N	N	1	C00014	16134
52	Pyruvate	C3H4O3	0	LCTONWCANYUPML-UHFFFAOYSA-N	OC(=O)C(=O)C	1	C00022	15361
53	4-Amino-4-deoxychorismate	C10H11NO5	0	OIUJHGOLFKDBSU-UHFFFAOYSA-N	NC1C=CC(=CC1OC(=C)C(=O)O)C(=O)O	0	C11355	18198,18198 35181
54	4-Aminobenzoate	C7H7NO2	0	ALYNCZNDIQEVRV-UHFFFAOYSA-N	OC(=O)c1ccc(cc1)N	0	C00568	17836,17836 30753
85	4-Hydroxybenzoate	C7H6O3	0	FJKROLUGYXJWQN-UHFFFAOYSA-N	Oc1ccc(cc1)C(=O)O	0	C00156	17879,17879 30763
118	Chorismate	C10H10O6	0	WTFXTQVDAKGDEY-UHFFFAOYSA-N	OC1C=CC(=CC1OC(=C)C(=O)O)C(=O)O	0	C00251	17333
