P_PR_UID	P_PR_REACTIONS	P_PR_ORIGIN	P_PR_TARGET	P_PR_INTERMEDIATES	P_PR_BOUNDARY	P_RF_PUBMED	P_MT_SCORE	P_MT_MAXYIELD	P_MT_LENGTH	P_MT_FEASIBILITY
Z160.11_Meta-I:12609	RXN-I:26656 | RXN-I:25109 | RXN-I:19204 | RXN-I:1046 | RXN-I:33681	Meta-I:36864	Meta-I:12609	Meta-I:16489 | Meta-I:41096 | Meta-I:42694 | Meta-I:18308	Meta-I:36864 | Meta-I:33695 | Meta-I:40733 | Meta-I:35208 | Meta-I:12273 | Meta-I:1752 | Meta-I:42676 | Meta-I:757 | Meta-I:40771 | Meta-I:40688 | Meta-I:40690				5	
Z160.10_Meta-I:12609	RXN-I:26656 | RXN-I:30906 | RXN-I:19204 | RXN-I:1046 | RXN-I:33681	Meta-I:36864	Meta-I:12609	Meta-I:16489 | Meta-I:41096 | Meta-I:42694 | Meta-I:18308	Meta-I:36864 | Meta-I:33695 | Meta-I:40733 | Meta-I:35208 | Meta-I:12273 | Meta-I:39678 | Meta-I:1752 | Meta-I:40688 | Meta-I:42676 | Meta-I:40690 | Meta-I:757 | Meta-I:40771				5	
Z160.12_Meta-I:12609	RXN-I:26656 | RXN-I:2381 | RXN-I:19204 | RXN-I:1046 | RXN-I:33681	Meta-I:36864	Meta-I:12609	Meta-I:16489 | Meta-I:41096 | Meta-I:42694 | Meta-I:18308	Meta-I:36864 | Meta-I:33695 | Meta-I:40733 | Meta-I:35208 | Meta-I:12273 | Meta-I:757 | Meta-I:1752 | Meta-I:40771 | Meta-I:40688 | Meta-I:40690				5	
Z269.9_Meta-I:12609	RXN-I:26656 | RXN-I:2381 | RXN-I:32434 | RXN-I:26767 | RXN-I:1012	Meta-I:36864	Meta-I:12609	Meta-I:16489 | Meta-I:41096 | Meta-I:5798 | Meta-I:18308	Meta-I:36864 | Meta-I:33695 | Meta-I:40733 | Meta-I:35208 | Meta-I:12273 | Meta-I:1752 | Meta-I:40688 | Meta-I:40690 | Meta-I:757 | Meta-I:40771 | Meta-I:40685 | Meta-I:40686				5	
Z269.7_Meta-I:12609	RXN-I:26656 | RXN-I:30906 | RXN-I:32434 | RXN-I:26767 | RXN-I:1012	Meta-I:36864	Meta-I:12609	Meta-I:16489 | Meta-I:41096 | Meta-I:5798 | Meta-I:18308	Meta-I:36864 | Meta-I:33695 | Meta-I:40733 | Meta-I:35208 | Meta-I:12273 | Meta-I:39678 | Meta-I:1752 | Meta-I:40688 | Meta-I:42676 | Meta-I:40690 | Meta-I:757 | Meta-I:40771 | Meta-I:40685 | Meta-I:40686				5	
Z269.8_Meta-I:12609	RXN-I:26656 | RXN-I:25109 | RXN-I:32434 | RXN-I:26767 | RXN-I:1012	Meta-I:36864	Meta-I:12609	Meta-I:16489 | Meta-I:41096 | Meta-I:5798 | Meta-I:18308	Meta-I:36864 | Meta-I:33695 | Meta-I:40733 | Meta-I:35208 | Meta-I:12273 | Meta-I:1752 | Meta-I:42676 | Meta-I:40688 | Meta-I:40690 | Meta-I:757 | Meta-I:40771 | Meta-I:40685 | Meta-I:40686				5	
Z269.5_Meta-I:12609	RXN-I:26656 | RXN-I:25109 | RXN-I:32434 | RXN-I:26767 | RXN-I:15561	Meta-I:36864	Meta-I:12609	Meta-I:16489 | Meta-I:41096 | Meta-I:5798 | Meta-I:18308	Meta-I:36864 | Meta-I:33695 | Meta-I:40733 | Meta-I:35208 | Meta-I:12273 | Meta-I:1752 | Meta-I:42676 | Meta-I:40688 | Meta-I:40690 | Meta-I:757 | Meta-I:40771 | Meta-I:40685 | Meta-I:40686				5	
Z269.6_Meta-I:12609	RXN-I:26656 | RXN-I:2381 | RXN-I:32434 | RXN-I:26767 | RXN-I:15561	Meta-I:36864	Meta-I:12609	Meta-I:16489 | Meta-I:41096 | Meta-I:5798 | Meta-I:18308	Meta-I:36864 | Meta-I:33695 | Meta-I:40733 | Meta-I:35208 | Meta-I:12273 | Meta-I:1752 | Meta-I:40688 | Meta-I:40690 | Meta-I:757 | Meta-I:40771 | Meta-I:40685 | Meta-I:40686 | Meta-I:42676				5	
Z269.3_Meta-I:12609	RXN-I:26656 | RXN-I:2381 | RXN-I:32434 | RXN-I:26767 | RXN-I:4151	Meta-I:36864	Meta-I:12609	Meta-I:16489 | Meta-I:41096 | Meta-I:5798 | Meta-I:18308	Meta-I:36864 | Meta-I:33695 | Meta-I:40733 | Meta-I:35208 | Meta-I:12273 | Meta-I:1752 | Meta-I:40688 | Meta-I:40690 | Meta-I:757 | Meta-I:40771 | Meta-I:42676				5	
Z269.4_Meta-I:12609	RXN-I:26656 | RXN-I:30906 | RXN-I:32434 | RXN-I:26767 | RXN-I:15561	Meta-I:36864	Meta-I:12609	Meta-I:16489 | Meta-I:41096 | Meta-I:5798 | Meta-I:18308	Meta-I:36864 | Meta-I:33695 | Meta-I:40733 | Meta-I:35208 | Meta-I:12273 | Meta-I:39678 | Meta-I:1752 | Meta-I:40688 | Meta-I:42676 | Meta-I:40690 | Meta-I:757 | Meta-I:40771 | Meta-I:40685 | Meta-I:40686				5	
Z215.1_Meta-I:12609	RXN-I:26656 | RXN-I:17035 | RXN-I:3026 | RXN-I:14214 | RXN-I:12489 | RXN-I:32434 | RXN-I:26767 | RXN-I:4151	Meta-I:36864	Meta-I:12609	Meta-I:16489 | Meta-I:10428 | Meta-I:34930 | Meta-I:79 | Meta-I:41096 | Meta-I:5798 | Meta-I:18308	Meta-I:36864 | Meta-I:33695 | Meta-I:40733 | Meta-I:35208 | Meta-I:12273 | Meta-I:5852 | Meta-I:1752 | Meta-I:38086 | Meta-I:39678 | Meta-I:40688 | Meta-I:42676 | Meta-I:40690 | Meta-I:757 | Meta-I:40771				8	
Z323.6_Meta-I:12609	RXN-I:26656 | RXN-I:6374 | RXN-I:6321 | RXN-I:26767 | RXN-I:15561	Meta-I:36864	Meta-I:12609	Meta-I:16489 | Meta-I:252 | Meta-I:5798 | Meta-I:18308	Meta-I:36864 | Meta-I:33695 | Meta-I:40733 | Meta-I:35208 | Meta-I:12273 | Meta-I:1752 | Meta-I:40688 | Meta-I:40690 | Meta-I:39678 | Meta-I:42676 | Meta-I:757 | Meta-I:40771 | Meta-I:40685 | Meta-I:40686				5	
Z323.7_Meta-I:12609	RXN-I:26656 | RXN-I:6374 | RXN-I:23205 | RXN-I:26767 | RXN-I:1012	Meta-I:36864	Meta-I:12609	Meta-I:16489 | Meta-I:252 | Meta-I:5798 | Meta-I:18308	Meta-I:36864 | Meta-I:33695 | Meta-I:40733 | Meta-I:35208 | Meta-I:12273 | Meta-I:1752 | Meta-I:40688 | Meta-I:40690 | Meta-I:42676 | Meta-I:757 | Meta-I:40771 | Meta-I:40685 | Meta-I:40686				5	
Z323.4_Meta-I:12609	RXN-I:26656 | RXN-I:6374 | RXN-I:23205 | RXN-I:26767 | RXN-I:15561	Meta-I:36864	Meta-I:12609	Meta-I:16489 | Meta-I:252 | Meta-I:5798 | Meta-I:18308	Meta-I:36864 | Meta-I:33695 | Meta-I:40733 | Meta-I:35208 | Meta-I:12273 | Meta-I:1752 | Meta-I:40688 | Meta-I:40690 | Meta-I:42676 | Meta-I:757 | Meta-I:40771 | Meta-I:40685 | Meta-I:40686				5	
Z323.5_Meta-I:12609	RXN-I:26656 | RXN-I:6374 | RXN-I:8784 | RXN-I:26767 | RXN-I:15561	Meta-I:36864	Meta-I:12609	Meta-I:16489 | Meta-I:252 | Meta-I:5798 | Meta-I:18308	Meta-I:36864 | Meta-I:33695 | Meta-I:40733 | Meta-I:35208 | Meta-I:12273 | Meta-I:1752 | Meta-I:40688 | Meta-I:40690 | Meta-I:757 | Meta-I:40771 | Meta-I:40685 | Meta-I:40686 | Meta-I:42676				5	
Z323.8_Meta-I:12609	RXN-I:26656 | RXN-I:6374 | RXN-I:8784 | RXN-I:26767 | RXN-I:1012	Meta-I:36864	Meta-I:12609	Meta-I:16489 | Meta-I:252 | Meta-I:5798 | Meta-I:18308	Meta-I:36864 | Meta-I:33695 | Meta-I:40733 | Meta-I:35208 | Meta-I:12273 | Meta-I:1752 | Meta-I:40688 | Meta-I:40690 | Meta-I:757 | Meta-I:40771 | Meta-I:40685 | Meta-I:40686				5	
Z323.9_Meta-I:12609	RXN-I:26656 | RXN-I:6374 | RXN-I:6321 | RXN-I:26767 | RXN-I:1012	Meta-I:36864	Meta-I:12609	Meta-I:16489 | Meta-I:252 | Meta-I:5798 | Meta-I:18308	Meta-I:36864 | Meta-I:33695 | Meta-I:40733 | Meta-I:35208 | Meta-I:12273 | Meta-I:1752 | Meta-I:40688 | Meta-I:40690 | Meta-I:39678 | Meta-I:42676 | Meta-I:757 | Meta-I:40771 | Meta-I:40685 | Meta-I:40686				5	
Z323.10_Meta-I:12609	RXN-I:26656 | RXN-I:6374 | RXN-I:23205 | RXN-I:26767 | RXN-I:33681	Meta-I:36864	Meta-I:12609	Meta-I:16489 | Meta-I:252 | Meta-I:5798 | Meta-I:18308	Meta-I:36864 | Meta-I:33695 | Meta-I:40733 | Meta-I:35208 | Meta-I:12273 | Meta-I:1752 | Meta-I:40688 | Meta-I:40690 | Meta-I:42676 | Meta-I:757 | Meta-I:40771				5	
Z323.2_Meta-I:12609	RXN-I:26656 | RXN-I:6374 | RXN-I:8784 | RXN-I:26767 | RXN-I:4151	Meta-I:36864	Meta-I:12609	Meta-I:16489 | Meta-I:252 | Meta-I:5798 | Meta-I:18308	Meta-I:36864 | Meta-I:33695 | Meta-I:40733 | Meta-I:35208 | Meta-I:12273 | Meta-I:1752 | Meta-I:40688 | Meta-I:40690 | Meta-I:757 | Meta-I:40771 | Meta-I:42676				5	
Z323.11_Meta-I:12609	RXN-I:26656 | RXN-I:6374 | RXN-I:8784 | RXN-I:26767 | RXN-I:33681	Meta-I:36864	Meta-I:12609	Meta-I:16489 | Meta-I:252 | Meta-I:5798 | Meta-I:18308	Meta-I:36864 | Meta-I:33695 | Meta-I:40733 | Meta-I:35208 | Meta-I:12273 | Meta-I:1752 | Meta-I:40688 | Meta-I:40690 | Meta-I:757 | Meta-I:40771				5	
Z323.3_Meta-I:12609	RXN-I:26656 | RXN-I:6374 | RXN-I:6321 | RXN-I:26767 | RXN-I:4151	Meta-I:36864	Meta-I:12609	Meta-I:16489 | Meta-I:252 | Meta-I:5798 | Meta-I:18308	Meta-I:36864 | Meta-I:33695 | Meta-I:40733 | Meta-I:35208 | Meta-I:12273 | Meta-I:1752 | Meta-I:40688 | Meta-I:40690 | Meta-I:39678 | Meta-I:42676 | Meta-I:757 | Meta-I:40771				5	
Z323.12_Meta-I:12609	RXN-I:26656 | RXN-I:6374 | RXN-I:6321 | RXN-I:26767 | RXN-I:33681	Meta-I:36864	Meta-I:12609	Meta-I:16489 | Meta-I:252 | Meta-I:5798 | Meta-I:18308	Meta-I:36864 | Meta-I:33695 | Meta-I:40733 | Meta-I:35208 | Meta-I:12273 | Meta-I:1752 | Meta-I:40688 | Meta-I:40690 | Meta-I:39678 | Meta-I:42676 | Meta-I:757 | Meta-I:40771				5	
Z323.1_Meta-I:12609	RXN-I:26656 | RXN-I:6374 | RXN-I:23205 | RXN-I:26767 | RXN-I:4151	Meta-I:36864	Meta-I:12609	Meta-I:16489 | Meta-I:252 | Meta-I:5798 | Meta-I:18308	Meta-I:36864 | Meta-I:33695 | Meta-I:40733 | Meta-I:35208 | Meta-I:12273 | Meta-I:1752 | Meta-I:40688 | Meta-I:40690 | Meta-I:42676 | Meta-I:757 | Meta-I:40771				5	
Z269.1_Meta-I:12609	RXN-I:26656 | RXN-I:30906 | RXN-I:32434 | RXN-I:26767 | RXN-I:4151	Meta-I:36864	Meta-I:12609	Meta-I:16489 | Meta-I:41096 | Meta-I:5798 | Meta-I:18308	Meta-I:36864 | Meta-I:33695 | Meta-I:40733 | Meta-I:35208 | Meta-I:12273 | Meta-I:39678 | Meta-I:1752 | Meta-I:40688 | Meta-I:42676 | Meta-I:40690 | Meta-I:757 | Meta-I:40771				5	
Z269.2_Meta-I:12609	RXN-I:26656 | RXN-I:25109 | RXN-I:32434 | RXN-I:26767 | RXN-I:4151	Meta-I:36864	Meta-I:12609	Meta-I:16489 | Meta-I:41096 | Meta-I:5798 | Meta-I:18308	Meta-I:36864 | Meta-I:33695 | Meta-I:40733 | Meta-I:35208 | Meta-I:12273 | Meta-I:1752 | Meta-I:42676 | Meta-I:40688 | Meta-I:40690 | Meta-I:757 | Meta-I:40771				5	
Z106.6_Meta-I:12609	RXN-I:26656 | RXN-I:17035 | RXN-I:3026 | RXN-I:22256 | RXN-I:12489 | RXN-I:19204 | RXN-I:1046 | RXN-I:1012	Meta-I:36864	Meta-I:12609	Meta-I:16489 | Meta-I:10428 | Meta-I:34930 | Meta-I:79 | Meta-I:41096 | Meta-I:42694 | Meta-I:18308	Meta-I:36864 | Meta-I:33695 | Meta-I:40733 | Meta-I:35208 | Meta-I:12273 | Meta-I:5852 | Meta-I:1752 | Meta-I:38086 | Meta-I:39678 | Meta-I:40688 | Meta-I:40690 | Meta-I:757 | Meta-I:40771 | Meta-I:40685 | Meta-I:40686				8	
Z106.5_Meta-I:12609	RXN-I:26656 | RXN-I:17035 | RXN-I:3026 | RXN-I:14214 | RXN-I:12489 | RXN-I:19204 | RXN-I:1046 | RXN-I:1012	Meta-I:36864	Meta-I:12609	Meta-I:16489 | Meta-I:10428 | Meta-I:34930 | Meta-I:79 | Meta-I:41096 | Meta-I:42694 | Meta-I:18308	Meta-I:36864 | Meta-I:33695 | Meta-I:40733 | Meta-I:35208 | Meta-I:12273 | Meta-I:5852 | Meta-I:1752 | Meta-I:38086 | Meta-I:39678 | Meta-I:40688 | Meta-I:42676 | Meta-I:40690 | Meta-I:757 | Meta-I:40771 | Meta-I:40685 | Meta-I:40686				8	
Z106.8_Meta-I:12609	RXN-I:26656 | RXN-I:17035 | RXN-I:3026 | RXN-I:22256 | RXN-I:12489 | RXN-I:19204 | RXN-I:1046 | RXN-I:33681	Meta-I:36864	Meta-I:12609	Meta-I:16489 | Meta-I:10428 | Meta-I:34930 | Meta-I:79 | Meta-I:41096 | Meta-I:42694 | Meta-I:18308	Meta-I:36864 | Meta-I:33695 | Meta-I:40733 | Meta-I:35208 | Meta-I:12273 | Meta-I:5852 | Meta-I:1752 | Meta-I:38086 | Meta-I:39678 | Meta-I:40688 | Meta-I:40690 | Meta-I:757 | Meta-I:40771				8	
Z106.7_Meta-I:12609	RXN-I:26656 | RXN-I:17035 | RXN-I:3026 | RXN-I:14214 | RXN-I:12489 | RXN-I:19204 | RXN-I:1046 | RXN-I:33681	Meta-I:36864	Meta-I:12609	Meta-I:16489 | Meta-I:10428 | Meta-I:34930 | Meta-I:79 | Meta-I:41096 | Meta-I:42694 | Meta-I:18308	Meta-I:36864 | Meta-I:33695 | Meta-I:40733 | Meta-I:35208 | Meta-I:12273 | Meta-I:5852 | Meta-I:1752 | Meta-I:38086 | Meta-I:39678 | Meta-I:40688 | Meta-I:42676 | Meta-I:40690 | Meta-I:757 | Meta-I:40771				8	
Z106.2_Meta-I:12609	RXN-I:26656 | RXN-I:17035 | RXN-I:3026 | RXN-I:22256 | RXN-I:12489 | RXN-I:19204 | RXN-I:1046 | RXN-I:4151	Meta-I:36864	Meta-I:12609	Meta-I:16489 | Meta-I:10428 | Meta-I:34930 | Meta-I:79 | Meta-I:41096 | Meta-I:42694 | Meta-I:18308	Meta-I:36864 | Meta-I:33695 | Meta-I:40733 | Meta-I:35208 | Meta-I:12273 | Meta-I:5852 | Meta-I:1752 | Meta-I:38086 | Meta-I:39678 | Meta-I:40688 | Meta-I:40690 | Meta-I:757 | Meta-I:40771 | Meta-I:42676				8	
Z106.1_Meta-I:12609	RXN-I:26656 | RXN-I:17035 | RXN-I:3026 | RXN-I:14214 | RXN-I:12489 | RXN-I:19204 | RXN-I:1046 | RXN-I:4151	Meta-I:36864	Meta-I:12609	Meta-I:16489 | Meta-I:10428 | Meta-I:34930 | Meta-I:79 | Meta-I:41096 | Meta-I:42694 | Meta-I:18308	Meta-I:36864 | Meta-I:33695 | Meta-I:40733 | Meta-I:35208 | Meta-I:12273 | Meta-I:5852 | Meta-I:1752 | Meta-I:38086 | Meta-I:39678 | Meta-I:40688 | Meta-I:42676 | Meta-I:40690 | Meta-I:757 | Meta-I:40771				8	
Z106.4_Meta-I:12609	RXN-I:26656 | RXN-I:17035 | RXN-I:3026 | RXN-I:22256 | RXN-I:12489 | RXN-I:19204 | RXN-I:1046 | RXN-I:15561	Meta-I:36864	Meta-I:12609	Meta-I:16489 | Meta-I:10428 | Meta-I:34930 | Meta-I:79 | Meta-I:41096 | Meta-I:42694 | Meta-I:18308	Meta-I:36864 | Meta-I:33695 | Meta-I:40733 | Meta-I:35208 | Meta-I:12273 | Meta-I:5852 | Meta-I:1752 | Meta-I:38086 | Meta-I:39678 | Meta-I:40688 | Meta-I:40690 | Meta-I:757 | Meta-I:40771 | Meta-I:40685 | Meta-I:40686 | Meta-I:42676				8	
Z106.3_Meta-I:12609	RXN-I:26656 | RXN-I:17035 | RXN-I:3026 | RXN-I:14214 | RXN-I:12489 | RXN-I:19204 | RXN-I:1046 | RXN-I:15561	Meta-I:36864	Meta-I:12609	Meta-I:16489 | Meta-I:10428 | Meta-I:34930 | Meta-I:79 | Meta-I:41096 | Meta-I:42694 | Meta-I:18308	Meta-I:36864 | Meta-I:33695 | Meta-I:40733 | Meta-I:35208 | Meta-I:12273 | Meta-I:5852 | Meta-I:1752 | Meta-I:38086 | Meta-I:39678 | Meta-I:40688 | Meta-I:42676 | Meta-I:40690 | Meta-I:757 | Meta-I:40771 | Meta-I:40685 | Meta-I:40686				8	
Z375.3_Meta-I:12609	RXN-I:26656 | RXN-I:6374 | RXN-I:29075 | RXN-I:28244 | RXN-I:10859 | RXN-I:26767 | RXN-I:1012	Meta-I:36864	Meta-I:12609	Meta-I:16489 | Meta-I:252 | Meta-I:7657 | Meta-I:31559 | Meta-I:5798 | Meta-I:18308	Meta-I:36864 | Meta-I:33695 | Meta-I:40733 | Meta-I:35208 | Meta-I:12273 | Meta-I:1752 | Meta-I:40688 | Meta-I:40690 | Meta-I:757 | Meta-I:40771 | Meta-I:40685 | Meta-I:40686				7	
Z375.4_Meta-I:12609	RXN-I:26656 | RXN-I:6374 | RXN-I:29075 | RXN-I:28244 | RXN-I:10859 | RXN-I:26767 | RXN-I:33681	Meta-I:36864	Meta-I:12609	Meta-I:16489 | Meta-I:252 | Meta-I:7657 | Meta-I:31559 | Meta-I:5798 | Meta-I:18308	Meta-I:36864 | Meta-I:33695 | Meta-I:40733 | Meta-I:35208 | Meta-I:12273 | Meta-I:1752 | Meta-I:40688 | Meta-I:40690 | Meta-I:757 | Meta-I:40771				7	
Z269.12_Meta-I:12609	RXN-I:26656 | RXN-I:2381 | RXN-I:32434 | RXN-I:26767 | RXN-I:33681	Meta-I:36864	Meta-I:12609	Meta-I:16489 | Meta-I:41096 | Meta-I:5798 | Meta-I:18308	Meta-I:36864 | Meta-I:33695 | Meta-I:40733 | Meta-I:35208 | Meta-I:12273 | Meta-I:1752 | Meta-I:40688 | Meta-I:40690 | Meta-I:757 | Meta-I:40771				5	
Z160.9_Meta-I:12609	RXN-I:26656 | RXN-I:2381 | RXN-I:19204 | RXN-I:1046 | RXN-I:1012	Meta-I:36864	Meta-I:12609	Meta-I:16489 | Meta-I:41096 | Meta-I:42694 | Meta-I:18308	Meta-I:36864 | Meta-I:33695 | Meta-I:40733 | Meta-I:35208 | Meta-I:12273 | Meta-I:757 | Meta-I:1752 | Meta-I:40771 | Meta-I:40688 | Meta-I:40690 | Meta-I:40685 | Meta-I:40686				5	
Z160.8_Meta-I:12609	RXN-I:26656 | RXN-I:25109 | RXN-I:19204 | RXN-I:1046 | RXN-I:1012	Meta-I:36864	Meta-I:12609	Meta-I:16489 | Meta-I:41096 | Meta-I:42694 | Meta-I:18308	Meta-I:36864 | Meta-I:33695 | Meta-I:40733 | Meta-I:35208 | Meta-I:12273 | Meta-I:1752 | Meta-I:42676 | Meta-I:757 | Meta-I:40771 | Meta-I:40688 | Meta-I:40690 | Meta-I:40685 | Meta-I:40686				5	
Z269.10_Meta-I:12609	RXN-I:26656 | RXN-I:30906 | RXN-I:32434 | RXN-I:26767 | RXN-I:33681	Meta-I:36864	Meta-I:12609	Meta-I:16489 | Meta-I:41096 | Meta-I:5798 | Meta-I:18308	Meta-I:36864 | Meta-I:33695 | Meta-I:40733 | Meta-I:35208 | Meta-I:12273 | Meta-I:39678 | Meta-I:1752 | Meta-I:40688 | Meta-I:42676 | Meta-I:40690 | Meta-I:757 | Meta-I:40771				5	
Z160.7_Meta-I:12609	RXN-I:26656 | RXN-I:30906 | RXN-I:19204 | RXN-I:1046 | RXN-I:1012	Meta-I:36864	Meta-I:12609	Meta-I:16489 | Meta-I:41096 | Meta-I:42694 | Meta-I:18308	Meta-I:36864 | Meta-I:33695 | Meta-I:40733 | Meta-I:35208 | Meta-I:12273 | Meta-I:39678 | Meta-I:1752 | Meta-I:40688 | Meta-I:42676 | Meta-I:40690 | Meta-I:757 | Meta-I:40771 | Meta-I:40685 | Meta-I:40686				5	
Z269.11_Meta-I:12609	RXN-I:26656 | RXN-I:25109 | RXN-I:32434 | RXN-I:26767 | RXN-I:33681	Meta-I:36864	Meta-I:12609	Meta-I:16489 | Meta-I:41096 | Meta-I:5798 | Meta-I:18308	Meta-I:36864 | Meta-I:33695 | Meta-I:40733 | Meta-I:35208 | Meta-I:12273 | Meta-I:1752 | Meta-I:42676 | Meta-I:40688 | Meta-I:40690 | Meta-I:757 | Meta-I:40771				5	
Z160.6_Meta-I:12609	RXN-I:26656 | RXN-I:2381 | RXN-I:19204 | RXN-I:1046 | RXN-I:15561	Meta-I:36864	Meta-I:12609	Meta-I:16489 | Meta-I:41096 | Meta-I:42694 | Meta-I:18308	Meta-I:36864 | Meta-I:33695 | Meta-I:40733 | Meta-I:35208 | Meta-I:12273 | Meta-I:757 | Meta-I:1752 | Meta-I:40771 | Meta-I:40688 | Meta-I:40690 | Meta-I:40685 | Meta-I:40686 | Meta-I:42676				5	
Z375.1_Meta-I:12609	RXN-I:26656 | RXN-I:6374 | RXN-I:29075 | RXN-I:28244 | RXN-I:10859 | RXN-I:26767 | RXN-I:4151	Meta-I:36864	Meta-I:12609	Meta-I:16489 | Meta-I:252 | Meta-I:7657 | Meta-I:31559 | Meta-I:5798 | Meta-I:18308	Meta-I:36864 | Meta-I:33695 | Meta-I:40733 | Meta-I:35208 | Meta-I:12273 | Meta-I:1752 | Meta-I:40688 | Meta-I:40690 | Meta-I:757 | Meta-I:40771 | Meta-I:42676				7	
Z160.5_Meta-I:12609	RXN-I:26656 | RXN-I:25109 | RXN-I:19204 | RXN-I:1046 | RXN-I:15561	Meta-I:36864	Meta-I:12609	Meta-I:16489 | Meta-I:41096 | Meta-I:42694 | Meta-I:18308	Meta-I:36864 | Meta-I:33695 | Meta-I:40733 | Meta-I:35208 | Meta-I:12273 | Meta-I:1752 | Meta-I:42676 | Meta-I:757 | Meta-I:40771 | Meta-I:40688 | Meta-I:40690 | Meta-I:40685 | Meta-I:40686				5	
Z375.2_Meta-I:12609	RXN-I:26656 | RXN-I:6374 | RXN-I:29075 | RXN-I:28244 | RXN-I:10859 | RXN-I:26767 | RXN-I:15561	Meta-I:36864	Meta-I:12609	Meta-I:16489 | Meta-I:252 | Meta-I:7657 | Meta-I:31559 | Meta-I:5798 | Meta-I:18308	Meta-I:36864 | Meta-I:33695 | Meta-I:40733 | Meta-I:35208 | Meta-I:12273 | Meta-I:1752 | Meta-I:40688 | Meta-I:40690 | Meta-I:757 | Meta-I:40771 | Meta-I:40685 | Meta-I:40686 | Meta-I:42676				7	
Z160.4_Meta-I:12609	RXN-I:26656 | RXN-I:30906 | RXN-I:19204 | RXN-I:1046 | RXN-I:15561	Meta-I:36864	Meta-I:12609	Meta-I:16489 | Meta-I:41096 | Meta-I:42694 | Meta-I:18308	Meta-I:36864 | Meta-I:33695 | Meta-I:40733 | Meta-I:35208 | Meta-I:12273 | Meta-I:39678 | Meta-I:1752 | Meta-I:40688 | Meta-I:42676 | Meta-I:40690 | Meta-I:757 | Meta-I:40771 | Meta-I:40685 | Meta-I:40686				5	
Z160.3_Meta-I:12609	RXN-I:26656 | RXN-I:2381 | RXN-I:19204 | RXN-I:1046 | RXN-I:4151	Meta-I:36864	Meta-I:12609	Meta-I:16489 | Meta-I:41096 | Meta-I:42694 | Meta-I:18308	Meta-I:36864 | Meta-I:33695 | Meta-I:40733 | Meta-I:35208 | Meta-I:12273 | Meta-I:757 | Meta-I:1752 | Meta-I:40771 | Meta-I:40688 | Meta-I:40690 | Meta-I:42676				5	
Z160.2_Meta-I:12609	RXN-I:26656 | RXN-I:25109 | RXN-I:19204 | RXN-I:1046 | RXN-I:4151	Meta-I:36864	Meta-I:12609	Meta-I:16489 | Meta-I:41096 | Meta-I:42694 | Meta-I:18308	Meta-I:36864 | Meta-I:33695 | Meta-I:40733 | Meta-I:35208 | Meta-I:12273 | Meta-I:1752 | Meta-I:42676 | Meta-I:757 | Meta-I:40771 | Meta-I:40688 | Meta-I:40690				5	
Z160.1_Meta-I:12609	RXN-I:26656 | RXN-I:30906 | RXN-I:19204 | RXN-I:1046 | RXN-I:4151	Meta-I:36864	Meta-I:12609	Meta-I:16489 | Meta-I:41096 | Meta-I:42694 | Meta-I:18308	Meta-I:36864 | Meta-I:33695 | Meta-I:40733 | Meta-I:35208 | Meta-I:12273 | Meta-I:39678 | Meta-I:1752 | Meta-I:40688 | Meta-I:42676 | Meta-I:40690 | Meta-I:757 | Meta-I:40771				5	
Z215.5_Meta-I:12609	RXN-I:26656 | RXN-I:17035 | RXN-I:3026 | RXN-I:14214 | RXN-I:12489 | RXN-I:32434 | RXN-I:26767 | RXN-I:1012	Meta-I:36864	Meta-I:12609	Meta-I:16489 | Meta-I:10428 | Meta-I:34930 | Meta-I:79 | Meta-I:41096 | Meta-I:5798 | Meta-I:18308	Meta-I:36864 | Meta-I:33695 | Meta-I:40733 | Meta-I:35208 | Meta-I:12273 | Meta-I:5852 | Meta-I:1752 | Meta-I:38086 | Meta-I:39678 | Meta-I:40688 | Meta-I:42676 | Meta-I:40690 | Meta-I:757 | Meta-I:40771 | Meta-I:40685 | Meta-I:40686				8	
Z215.4_Meta-I:12609	RXN-I:26656 | RXN-I:17035 | RXN-I:3026 | RXN-I:22256 | RXN-I:12489 | RXN-I:32434 | RXN-I:26767 | RXN-I:15561	Meta-I:36864	Meta-I:12609	Meta-I:16489 | Meta-I:10428 | Meta-I:34930 | Meta-I:79 | Meta-I:41096 | Meta-I:5798 | Meta-I:18308	Meta-I:36864 | Meta-I:33695 | Meta-I:40733 | Meta-I:35208 | Meta-I:12273 | Meta-I:5852 | Meta-I:1752 | Meta-I:38086 | Meta-I:39678 | Meta-I:40688 | Meta-I:40690 | Meta-I:757 | Meta-I:40771 | Meta-I:40685 | Meta-I:40686 | Meta-I:42676				8	
Z215.3_Meta-I:12609	RXN-I:26656 | RXN-I:17035 | RXN-I:3026 | RXN-I:14214 | RXN-I:12489 | RXN-I:32434 | RXN-I:26767 | RXN-I:15561	Meta-I:36864	Meta-I:12609	Meta-I:16489 | Meta-I:10428 | Meta-I:34930 | Meta-I:79 | Meta-I:41096 | Meta-I:5798 | Meta-I:18308	Meta-I:36864 | Meta-I:33695 | Meta-I:40733 | Meta-I:35208 | Meta-I:12273 | Meta-I:5852 | Meta-I:1752 | Meta-I:38086 | Meta-I:39678 | Meta-I:40688 | Meta-I:42676 | Meta-I:40690 | Meta-I:757 | Meta-I:40771 | Meta-I:40685 | Meta-I:40686				8	
Z215.2_Meta-I:12609	RXN-I:26656 | RXN-I:17035 | RXN-I:3026 | RXN-I:22256 | RXN-I:12489 | RXN-I:32434 | RXN-I:26767 | RXN-I:4151	Meta-I:36864	Meta-I:12609	Meta-I:16489 | Meta-I:10428 | Meta-I:34930 | Meta-I:79 | Meta-I:41096 | Meta-I:5798 | Meta-I:18308	Meta-I:36864 | Meta-I:33695 | Meta-I:40733 | Meta-I:35208 | Meta-I:12273 | Meta-I:5852 | Meta-I:1752 | Meta-I:38086 | Meta-I:39678 | Meta-I:40688 | Meta-I:40690 | Meta-I:757 | Meta-I:40771 | Meta-I:42676				8	
Z215.8_Meta-I:12609	RXN-I:26656 | RXN-I:17035 | RXN-I:3026 | RXN-I:22256 | RXN-I:12489 | RXN-I:32434 | RXN-I:26767 | RXN-I:33681	Meta-I:36864	Meta-I:12609	Meta-I:16489 | Meta-I:10428 | Meta-I:34930 | Meta-I:79 | Meta-I:41096 | Meta-I:5798 | Meta-I:18308	Meta-I:36864 | Meta-I:33695 | Meta-I:40733 | Meta-I:35208 | Meta-I:12273 | Meta-I:5852 | Meta-I:1752 | Meta-I:38086 | Meta-I:39678 | Meta-I:40688 | Meta-I:40690 | Meta-I:757 | Meta-I:40771				8	
Z215.7_Meta-I:12609	RXN-I:26656 | RXN-I:17035 | RXN-I:3026 | RXN-I:14214 | RXN-I:12489 | RXN-I:32434 | RXN-I:26767 | RXN-I:33681	Meta-I:36864	Meta-I:12609	Meta-I:16489 | Meta-I:10428 | Meta-I:34930 | Meta-I:79 | Meta-I:41096 | Meta-I:5798 | Meta-I:18308	Meta-I:36864 | Meta-I:33695 | Meta-I:40733 | Meta-I:35208 | Meta-I:12273 | Meta-I:5852 | Meta-I:1752 | Meta-I:38086 | Meta-I:39678 | Meta-I:40688 | Meta-I:42676 | Meta-I:40690 | Meta-I:757 | Meta-I:40771				8	
Z215.6_Meta-I:12609	RXN-I:26656 | RXN-I:17035 | RXN-I:3026 | RXN-I:22256 | RXN-I:12489 | RXN-I:32434 | RXN-I:26767 | RXN-I:1012	Meta-I:36864	Meta-I:12609	Meta-I:16489 | Meta-I:10428 | Meta-I:34930 | Meta-I:79 | Meta-I:41096 | Meta-I:5798 | Meta-I:18308	Meta-I:36864 | Meta-I:33695 | Meta-I:40733 | Meta-I:35208 | Meta-I:12273 | Meta-I:5852 | Meta-I:1752 | Meta-I:38086 | Meta-I:39678 | Meta-I:40688 | Meta-I:40690 | Meta-I:757 | Meta-I:40771 | Meta-I:40685 | Meta-I:40686				8	
Z54.2_Meta-I:12609	RXN-I:26656 | RXN-I:14241 | RXN-I:1046 | RXN-I:15561	Meta-I:36864	Meta-I:12609	Meta-I:16489 | Meta-I:42694 | Meta-I:18308	Meta-I:36864 | Meta-I:33695 | Meta-I:40733 | Meta-I:35208 | Meta-I:12273 | Meta-I:1752 | Meta-I:40688 | Meta-I:40690 | Meta-I:40685 | Meta-I:40686 | Meta-I:42676				4	
Z54.1_Meta-I:12609	RXN-I:26656 | RXN-I:14241 | RXN-I:1046 | RXN-I:4151	Meta-I:36864	Meta-I:12609	Meta-I:16489 | Meta-I:42694 | Meta-I:18308	Meta-I:36864 | Meta-I:33695 | Meta-I:40733 | Meta-I:35208 | Meta-I:12273 | Meta-I:1752 | Meta-I:40688 | Meta-I:40690 | Meta-I:42676				4	
Z54.4_Meta-I:12609	RXN-I:26656 | RXN-I:14241 | RXN-I:1046 | RXN-I:33681	Meta-I:36864	Meta-I:12609	Meta-I:16489 | Meta-I:42694 | Meta-I:18308	Meta-I:36864 | Meta-I:33695 | Meta-I:40733 | Meta-I:35208 | Meta-I:12273 | Meta-I:1752 | Meta-I:40688 | Meta-I:40690				4	
Z54.3_Meta-I:12609	RXN-I:26656 | RXN-I:14241 | RXN-I:1046 | RXN-I:1012	Meta-I:36864	Meta-I:12609	Meta-I:16489 | Meta-I:42694 | Meta-I:18308	Meta-I:36864 | Meta-I:33695 | Meta-I:40733 | Meta-I:35208 | Meta-I:12273 | Meta-I:1752 | Meta-I:40688 | Meta-I:40690 | Meta-I:40685 | Meta-I:40686				4	
