M_PR_UID	M_PR_NAME	M_PR_SYNONYMS	M_PR_FORMULA	M_PR_CHARGE	M_PR_INCHI	M_PR_SMILE	M_PR_SMILE-CAN-OB	M_PR_BIO	M_PR_COFACTOR	M_RF_PUBMED	M_XR_KEGG	M_XR_METACYC	M_XR_CHEBI	M_XR_BIGG	M_XR_METANETX	M_MT_ENERGY	M_MT_ERROR
Meta-I:51967				0			[O-]C(=O)c1ccccc1 | [O-]C(=O)*				C00180 | D00038 | C00539	BENZOATE | Aromatic-Acid		bz	MNXM96125 | MNXM217		
Meta-I:22678				0			[O-]C(=O)C=Cc1ccccc1				C10438 | C00423	CPD-674		cinnm	MNXM438		
Meta-I:1752				0							C00080	PROTON		h	MNXM1		
Meta-I:40685				0			OC1C(O)C(OC1N1C=CCC(=C1)C(=O)N)COP(=O)(OP(=O)(OCC1OC(C(C1O)O)n1cnc2c1ncnc2N)[O-])[O-]				C00004	NADH		nadh	MNXM10		
Meta-I:40686				0			OC1C(O)C(OC1[n+]1cccc(c1)C(=O)N)COP(=O)(OP(=O)(OCC1OC(C(C1O)O)n1cnc2c1ncnc2N)[O-])[O-]				C00003 | D00002	NAD		nad	MNXM8 | MNXM165571		
Meta-I:42676				0			[OH3+] | [OH-] | *O | [O-2].[Cu+].[Cu+] | O				C00001 | D06322 | D03703 | C18714 | D00001 | C01328	OH | OXONIUM | HYDROXYL-GROUP | WATER		h2o | oh1	MNXM124831 | MNXM154962 | MNXM126605 | MNXM2 | MNXM145357		
Meta-I:40186				0			[O-]C(=O)C				C00033 | D00010	ACET		ac	MNXM26		
Meta-I:48514				0			Oc1cccc(c1)C(=O)[O-]				C00587	3-HYDROXYBENZOATE			MNXM737		
Meta-I:33045				0			OC1C=CC(=CC1OC(=C)C(=O)[O-])C(=O)[O-]				C00251	CHORISMATE		chor	MNXM337		
Meta-I:40736				0			CC(=O)C(=O)[O-]				C00022	PYRUVATE		pyr	MNXM23		
Meta-I:36855				0			OC1C=CC(C=C1)(CC(=O)C(=O)[O-])C(=O)[O-]				C00254	PREPHENATE		pphn	MNXM503		
Meta-I:5852				0			O=C=O				C00011 | D00004	CARBON-DIOXIDE		co2	MNXM13		
Meta-I:40688				0			OC1C(O)C(OC1[n+]1cccc(c1)C(=O)N)COP(=O)(OP(=O)(OCC1OC(C(C1O)OP(=O)([O-])[O-])n1cnc2c1ncnc2N)[O-])[O-]				C00006	NADP		nadp	MNXM5		
Meta-I:40690				0			OC1C(O)C(OC1N1C=CCC(=C1)C(=O)N)COP(=O)(OP(=O)(OCC1OC(C(C1O)OP(=O)([O-])[O-])n1cnc2c1ncnc2N)[O-])[O-]				C00005	NADPH		nadph	MNXM6		
Meta-I:48530				0			O=C(C(=O)[O-])Cc1ccc(cc1)O | OC(=Cc1ccc(cc1)O)C(=O)[O-]				C05350 | C01179	P-HYDROXY-PHENYLPYRUVATE | CPD-21004		2h34hppr | 34hpp	MNXM114441 | MNXM153		
Meta-I:40489				0			[NH3+]C(C(=O)[O-])Cc1ccc(cc1)O				C00082 | D00022 | C01536	TYR		tyr__L	MNXM76		
Meta-I:42953				0			[O-]C(=O)CCC(C(=O)[O-])[NH3+]				C00025 | D00007 | C00302 | D04341	GLT | Glutamates		glu__L	MNXM89557		
Meta-I:40729				0			[O-]C(=O)CCC(=O)C(=O)[O-]				C00026	2-KETOGLUTARATE		akg	MNXM20		
Meta-I:33513				0			[O-]C(=O)C(=O)Cc1c[nH]c2c1cccc2				C00331	INDOLE_PYRUVATE		indpyr	MNXM315		
Meta-I:39325				0			[O-]C(=O)C(Cc1c[nH]c2c1cccc2)[NH3+]				C00806 | C00078 | D00020	TRP		trp__L	MNXM94		
Meta-I:49871				0			[NH3+]C(C(=O)[O-])Cc1ccccc1				C00079 | C02057 | D00021	PHE		phe__L	MNXM97		
Meta-I:52041				0			[NH4+] | *N | *[N+](*)(*)*				C00014 | D02916 | C00706 | D02915 | C01342	SUBSTITUTED-AMINE | All-Amines | AMMONIUM | AMMONIA		nh3 | nh4	MNXM12468 | MNXM723598 | MNXM42009 | MNXM15		
Meta-I:39678				0			O=O				D00003 | C00007	OXYGEN-MOLECULE		o2	MNXM4		
Meta-I:41479				0			O=CCc1ccccc1				C00601	PHENYLACETALDEHYDE		pacald	MNXM473		
Meta-I:8501				0			OO | [O-][O-].[Ca+2] | [O-][O-].[Mg+2] | [Ca]1OO1				C17732 | C00027 | D00008 | C18566	HYDROGEN-PEROXIDE		h2o2	MNXM157675 | MNXM45240 | MNXM22		
Meta-I:18337				0			[O-]C(=O)Cc1ccccc1 | CC(=O)Oc1ccccc1				C07086 | C15583 | C00548	PHENYLACETATE		pac	MNXM497 | MNXM722732		
Meta-I:36885				0			O=C(NCCSC(=O)Cc1ccccc1)CCNC(=O)C(C(COP(=O)(OP(=O)(OCC1OC(C(C1OP(=O)([O-])[O-])O)n1cnc2c1ncnc2N)[O-])[O-])(C)C)O				C00582	CPD-207		phaccoa	MNXM502		
Meta-I:33695				0			OC1C(COP(=O)(OP(=O)(OP(=O)([O-])[O-])[O-])[O-])OC(C1O)n1cnc2c1ncnc2N				C00002 | D08646	ATP		atp	MNXM3		
Meta-I:40733				0			OC1C(O)C(OC1n1cnc2c1ncnc2N)COP(=O)([O-])[O-]				C00020 | D02769	AMP | AMP-GROUP		amp	MNXM14 | MNXM723601		
Meta-I:35208				0			[O-]P(=O)(OP(=O)([O-])[O-])[O-] | *OP(=O)(OP(=O)([O-])[O-])[O-]				C00013	PPI | PYROPHOSPHATE-GROUP		ppi	MNXM104620 | MNXM11		
Meta-I:12273				0			SCCNC(=O)CCNC(=O)C(C(COP(=O)(OP(=O)(OCC1OC(C(C1OP(=O)([O-])[O-])O)n1cnc2c1ncnc2N)[O-])[O-])(C)C)O				C00010	CO-A | COA-GROUP		coa	MNXM12		
Meta-I:51354				0			C[O]=[C]1=C([O-])C(=C(C(=[C]1=[O]C)[O-])C)CC=C(CCC=C(CCC=C(CCC=C(CCC=C(CCC=C(CCC=C(CCC=C(CCC=C(CCC=C(C)C)C)C)C)C)C)C)C)C)C				D01065 | C11378	UBIQUINONE-10		q10	MNXM8440		
Meta-I:20723				0			COc1c(O)c(CC=C(CCC=C(CCC=C(CCC=C(CCC=C(CCC=C(CCC=C(CCC=C(CCC=C(CCC=C(C)C)C)C)C)C)C)C)C)C)C)c(c(c1OC)O)C					CPD-9958		q10h2	MNXM9200		
Meta-I:27286				0			O=C(NCCSC(=O)C(=O)c1ccccc1)CCNC(=O)C(C(COP(=O)(OP(=O)(OCC1OC(C(C1OP(=O)([O-])[O-])O)n1cnc2c1ncnc2N)[O-])[O-])(C)C)O				C15524	CPD-7242			MNXM2272		
Meta-I:37359				0			O=C(c1ccccc1)C(=O)[O-]				C02137	PHENYLGLYOXYLATE			MNXM764		
Meta-I:17163				0			O=C(NCCSC(=O)c1ccccc1)CCNC(=O)C(C(COP(=O)(OP(=O)(OCC1OC(C(C1OP(=O)([O-])[O-])O)n1cnc2c1ncnc2N)[O-])[O-])(C)C)O				C00512	BENZOYLCOA		benzcoa | bzcoa	MNXM240		
Meta-I:43370				0			O=C(c1ccccc1)OCc1ccccc1				D01138 | C12537	CPD-6443			MNXM3922		
Meta-I:35331				0			*CO | OCc1ccccc1				C00556 | C03485 | D00077	Aromatic-Primary-Alcohols | BENZYL-ALCOHOL		bzalc	MNXM10739 | MNXM562 | MNXM42616		
Meta-I:24872				0			[O-]C(=O)C([NH3+])C				C01401 | C00041 | D00012	L-ALPHA-ALANINE		ala__L	MNXM32		
Meta-I:10422				0			[NH3+]C(C(=O)[O-])CC(C)C				C00123 | D00030 | C16439	LEU		leu__L	MNXM140		
Meta-I:42703				0			CC(CC(=O)C(=O)[O-])C				C00233	2K-4CH3-PENTANOATE		4mop	MNXM404		
Meta-I:6501				0			O=C(C(=O)[O-])Cc1ccccc1 | OC(=Cc1ccccc1)C(=O)[O-]				C00166 | C02763	ENOL-PHENYLPYRUVATE | PHENYL-PYRUVATE		phpyr	MNXM210 | MNXM589160 | MNXM162242		
Meta-I:41074				0			*c1c(O)c(*)c(c(c1*)O)* | Oc1ccc(cc1)O				D00073 | C00530	HYDROQUINONE | Reduced-Quinones		hqn	MNXM376 | MNXM56807		
Meta-I:37829				0			*C1=C(*)C(=O)C(=C(C1=O)*)* | O=C1C=CC(=O)C=C1				C00472	P-BENZOQUINONE			MNXM769		
Meta-I:39859				0			[O-]C(=O)C[NH3+]				C00037 | D00011	GLY		gly	MNXM29		
Meta-I:40134				0			O=CC(=O)[O-]				C00048	GLYOX		glx	MNXM69		
Meta-I:17262				0			CCC(C(C(=O)[O-])[NH3+])C				C00407 | D00065	ILE		ile__L	MNXM231		
Meta-I:42081				0			[O-]C(=O)C(=O)C(CC)C				C00671 | C06008 | C03465	2-KETO-3-METHYL-VALERATE		2o3mpt | 3mop	MNXM162801 | MNXM94056 | MNXM439		
Meta-I:40935				0			[O-]C(=O)C([NH3+])CCC[NH3+]				D08302 | C00077 | C01602	L-ORNITHINE		orn__L | orn	MNXM89689		
Meta-I:17126				0			O=CCCC(C(=O)[O-])[NH3+]				C01165	L-GLUTAMATE_GAMMA-SEMIALDEHYDE		glu5sa	MNXM245 | MNXM167820		
Meta-I:27537				0			[O-]C(=O)C(=O)CC1CCC(C2C1O2)O					CPD-17536			MNXM147378		
Meta-I:12409				0			[O-]C(=O)C([NH3+])CC1CCC(C2C1O2)O				C20940	CPD-17531			MNXM146287		
Meta-I:12557				0			NC(=O)CCC(=O)C(=O)[O-]				C00940	2-KETO-GLUTARAMATE		HC00591	MNXM575		
Meta-I:41596				0			NC(=O)CCC(C(=O)[O-])[NH3+]				C00064 | D00015 | C00303	GLN		gln__L	MNXM37		
Meta-I:19655				0			CC(=CCC1=CC(=O)c2c(C1=O)cccc2)CCC=C(C)C | CC(=CCCC(=CCCC(=CCCC(=CCC1=CC(=O)c2c(C1=O)cccc2)C)C)C)CCC=C(CCC=C(CCC=C(CCC=C(C)C)C)C)C				C05818	DEMETHYLMENAQUINONE		2dmmq8	MNXM90597 | MNXM7001 | MNXM2178		
Meta-I:34918				0			CC(=CCCC(=CCCC(=CCCC(=CCc1cc(O)c2c(c1O)cccc2)C)C)C)CCC=C(CCC=C(CCC=C(CCC=C(C)C)C)C)C | CC(=CCCC(=CCCC(=CCCC(=CCC1=CC(O)c2c(C1O)cccc2)C)C)C)CCC=C(CCC=C(CCC=C(CCC=C(C)C)C)C)C					CPD-12115 | CPD0-2129		2dmmql8	MNXM558		
Meta-I:1791				0			*CC(=CCC1=C(C)C(=[C](=[O]C)[C](=C1[O-])=[O]C)[O-])C | C[O]=[C]1=C([O-])C(=C(C(=[C]1=[O]C)[O-])C)CC=C(CCC=C(C)C)C				C00399	Ubiquinones | UBIQUINONE-2		q	MNXM89768 | MNXM723089 | MNXM176		
Meta-I:6131				0			COc1c(O)c(CC=C(CCC=C(CCC=C(CCC=C(CCC=C(CCC=C(C)C)C)C)C)C)C)c(c(c1OC)O)C | *CC(=CCc1c(C)c(O)c(c(c1O)OC)OC)C | COc1c(O)c(CC=C(CCC=C(C)C)C)c(c(c1OC)O)C				C00390	Ubiquinols | UBIQUINOL-30 | QH2		q6h2 | qh2	MNXM202 | MNXM5319 | MNXM13204		
Meta-I:381				0			[O-]C(=O)C(=O)CC1CCC(C2C1O2)O				C21087				MNXM722936		
Meta-I:3333				0			[O-]C(=CC(=O)C(=O)[O-])[O-] | [O-]C(=O)CC(=O)C(=O)[O-]				C00036 | C03981	ENOL-OXALOACETATE | OXALACETIC_ACID		oaa	MNXM46 | MNXM163366		
Meta-I:31533				0			[O-]C(=O)CC(C(=O)[O-])[NH3+]				D00013 | C16433 | C00049	L-ASPARTATE		CE1787 | CE5868 | asp__L	MNXM162407 | MNXM42		
Meta-I:20695				0			COc1c(O)c(CC=C(CCC=C(CCC=C(CCC=C(CCC=C(CCC=C(CCC=C(CCC=C(CCC=C(C)C)C)C)C)C)C)C)C)C)c(c(c1OC)O)C					CPD-9957			MNXM7857		
Meta-I:43636				0			C[O]=[C]1=C([O-])C(=C(C(=[C]1=[O]C)[O-])C)CC=C(CCC=C(CCC=C(CCC=C(CCC=C(CCC=C(CCC=C(CCC=C(CCC=C(C)C)C)C)C)C)C)C)C)C				C01967	UBIQUINONE-9			MNXM2440		
Meta-I:8708				0			CC(CCCC(CCCC(C)C)C)CCCC(=CCC1=C(C)C(=O)c2c(C1=O)cccc2)C				D00148 | C02059	2-METHYL-3-PHYTYL-14-NAPHTHOQUINONE		phllqne	MNXM722816 | MNXM1155		
Meta-I:51483				0			CC(CCCC(CCCC(C)C)C)CCCC(=CCc1c(C)c(O)c2c(c1O)cccc2)C				C03313	CPD-12831			MNXM1587		
Meta-I:29051				0			O=C(NCCSC(=O)CCC(=O)[O-])CCNC(=O)C(C(COP(=O)(OP(=O)(OCC1OC(C(C1OP(=O)([O-])[O-])O)n1cnc2c1ncnc2N)[O-])[O-])(C)C)O				C00091	SUC-COA		succoa	MNXM92		
Meta-I:39867				0			[O-]C(=O)CCC(=O)[O-]				C00042	SUC		succ	MNXM25		
Meta-I:9025				0			Oc1ccc(cc1)[O]				C02389	Benzosemiquinones | BENZOSEMIQUINONE			MNXM7107		
