P_PR_UID	P_PR_REACTIONS	P_PR_ORIGIN	P_PR_TARGET	P_PR_INTERMEDIATES	P_PR_BOUNDARY	P_RF_PUBMED	P_MT_SCORE	P_MT_MAXYIELD	P_MT_LENGTH	P_MT_FEASIBILITY
Z4.22_Meta-I:38165	RXN-I:3335 | RXN-I:6785 | RXN-I:19604 | RXN-I:35775 | RXN-I:640	Meta-I:34930	Meta-I:38165	Meta-I:46329 | Meta-I:29908 | Meta-I:51388 | Meta-I:5937	Meta-I:39678 | Meta-I:5852 | Meta-I:39867 | Meta-I:34930 | Meta-I:40729 | Meta-I:40688 | Meta-I:40690 | Meta-I:1752				5	
Z4.23_Meta-I:38165	RXN-I:3335 | RXN-I:24192 | RXN-I:22000 | RXN-I:35775 | RXN-I:640	Meta-I:34930	Meta-I:38165	Meta-I:46329 | Meta-I:29908 | Meta-I:51388 | Meta-I:5937	Meta-I:39678 | Meta-I:5852 | Meta-I:39867 | Meta-I:34930 | Meta-I:40729 | Meta-I:1752 | Meta-I:40688 | Meta-I:42676 | Meta-I:40690				5	
Z4.24_Meta-I:38165	RXN-I:3335 | RXN-I:6785 | RXN-I:22000 | RXN-I:35775 | RXN-I:640	Meta-I:34930	Meta-I:38165	Meta-I:46329 | Meta-I:29908 | Meta-I:51388 | Meta-I:5937	Meta-I:39678 | Meta-I:5852 | Meta-I:39867 | Meta-I:34930 | Meta-I:40729 | Meta-I:40688 | Meta-I:40690 | Meta-I:42676 | Meta-I:1752				5	
Z4.20_Meta-I:38165	RXN-I:3335 | RXN-I:6785 | RXN-I:22000 | RXN-I:10564 | RXN-I:640	Meta-I:34930	Meta-I:38165	Meta-I:46329 | Meta-I:29908 | Meta-I:51388 | Meta-I:5937	Meta-I:39678 | Meta-I:5852 | Meta-I:39867 | Meta-I:34930 | Meta-I:40729 | Meta-I:40688 | Meta-I:40690 | Meta-I:42676 | Meta-I:1752				5	
Z4.21_Meta-I:38165	RXN-I:3335 | RXN-I:24192 | RXN-I:19604 | RXN-I:35775 | RXN-I:640	Meta-I:34930	Meta-I:38165	Meta-I:46329 | Meta-I:29908 | Meta-I:51388 | Meta-I:5937	Meta-I:39678 | Meta-I:5852 | Meta-I:39867 | Meta-I:34930 | Meta-I:40729 | Meta-I:1752 | Meta-I:40688 | Meta-I:42676 | Meta-I:40690				5	
Z6.18_Meta-I:38165	RXN-I:22256 | RXN-I:11606 | RXN-I:19604 | RXN-I:10564 | RXN-I:640	Meta-I:34930	Meta-I:38165	Meta-I:79 | Meta-I:29908 | Meta-I:51388 | Meta-I:5937	Meta-I:39678 | Meta-I:34930 | Meta-I:40688 | Meta-I:40690 | Meta-I:5852 | Meta-I:39867 | Meta-I:40729 | Meta-I:1752 | Meta-I:42676				5	
Z6.17_Meta-I:38165	RXN-I:14214 | RXN-I:11606 | RXN-I:19604 | RXN-I:10564 | RXN-I:640	Meta-I:34930	Meta-I:38165	Meta-I:79 | Meta-I:29908 | Meta-I:51388 | Meta-I:5937	Meta-I:39678 | Meta-I:34930 | Meta-I:1752 | Meta-I:40688 | Meta-I:42676 | Meta-I:40690 | Meta-I:5852 | Meta-I:39867 | Meta-I:40729				5	
Z6.19_Meta-I:38165	RXN-I:14214 | RXN-I:11606 | RXN-I:22000 | RXN-I:10564 | RXN-I:640	Meta-I:34930	Meta-I:38165	Meta-I:79 | Meta-I:29908 | Meta-I:51388 | Meta-I:5937	Meta-I:39678 | Meta-I:34930 | Meta-I:1752 | Meta-I:40688 | Meta-I:42676 | Meta-I:40690 | Meta-I:5852 | Meta-I:39867 | Meta-I:40729				5	
Z6.14_Meta-I:38165	RXN-I:22256 | RXN-I:11606 | RXN-I:19604 | RXN-I:10510 | RXN-I:640	Meta-I:34930	Meta-I:38165	Meta-I:79 | Meta-I:29908 | Meta-I:51388 | Meta-I:5937	Meta-I:39678 | Meta-I:34930 | Meta-I:40688 | Meta-I:40690 | Meta-I:5852 | Meta-I:39867 | Meta-I:40729 | Meta-I:1752 | Meta-I:42676				5	
Z6.13_Meta-I:38165	RXN-I:14214 | RXN-I:11606 | RXN-I:19604 | RXN-I:10510 | RXN-I:640	Meta-I:34930	Meta-I:38165	Meta-I:79 | Meta-I:29908 | Meta-I:51388 | Meta-I:5937	Meta-I:39678 | Meta-I:34930 | Meta-I:1752 | Meta-I:40688 | Meta-I:42676 | Meta-I:40690 | Meta-I:5852 | Meta-I:39867 | Meta-I:40729				5	
Z6.16_Meta-I:38165	RXN-I:22256 | RXN-I:11606 | RXN-I:22000 | RXN-I:10510 | RXN-I:640	Meta-I:34930	Meta-I:38165	Meta-I:79 | Meta-I:29908 | Meta-I:51388 | Meta-I:5937	Meta-I:39678 | Meta-I:34930 | Meta-I:40688 | Meta-I:40690 | Meta-I:5852 | Meta-I:39867 | Meta-I:40729 | Meta-I:42676 | Meta-I:1752				5	
Z6.15_Meta-I:38165	RXN-I:14214 | RXN-I:11606 | RXN-I:22000 | RXN-I:10510 | RXN-I:640	Meta-I:34930	Meta-I:38165	Meta-I:79 | Meta-I:29908 | Meta-I:51388 | Meta-I:5937	Meta-I:39678 | Meta-I:34930 | Meta-I:1752 | Meta-I:40688 | Meta-I:42676 | Meta-I:40690 | Meta-I:5852 | Meta-I:39867 | Meta-I:40729				5	
Z6.10_Meta-I:38165	RXN-I:22256 | RXN-I:11606 | RXN-I:19604 | RXN-I:35775 | RXN-I:26664	Meta-I:34930	Meta-I:38165	Meta-I:79 | Meta-I:29908 | Meta-I:51388 | Meta-I:5937	Meta-I:39678 | Meta-I:34930 | Meta-I:40688 | Meta-I:40690 | Meta-I:5852 | Meta-I:39867 | Meta-I:40729 | Meta-I:1752 | Meta-I:40685 | Meta-I:40686				5	
Z6.12_Meta-I:38165	RXN-I:22256 | RXN-I:11606 | RXN-I:22000 | RXN-I:35775 | RXN-I:26664	Meta-I:34930	Meta-I:38165	Meta-I:79 | Meta-I:29908 | Meta-I:51388 | Meta-I:5937	Meta-I:39678 | Meta-I:34930 | Meta-I:40688 | Meta-I:40690 | Meta-I:5852 | Meta-I:39867 | Meta-I:40729 | Meta-I:42676 | Meta-I:1752 | Meta-I:40685 | Meta-I:40686				5	
Z6.11_Meta-I:38165	RXN-I:14214 | RXN-I:11606 | RXN-I:22000 | RXN-I:35775 | RXN-I:26664	Meta-I:34930	Meta-I:38165	Meta-I:79 | Meta-I:29908 | Meta-I:51388 | Meta-I:5937	Meta-I:39678 | Meta-I:34930 | Meta-I:1752 | Meta-I:40688 | Meta-I:42676 | Meta-I:40690 | Meta-I:5852 | Meta-I:39867 | Meta-I:40729 | Meta-I:40685 | Meta-I:40686				5	
Z580.4_Meta-I:38165	RXN-I:3335 | RXN-I:6785 | RXN-I:22000 | RXN-I:22975	Meta-I:34930	Meta-I:38165	Meta-I:46329 | Meta-I:29908 | Meta-I:51388	Meta-I:39678 | Meta-I:5852 | Meta-I:39867 | Meta-I:34930 | Meta-I:40729 | Meta-I:40688 | Meta-I:40690 | Meta-I:42676 | Meta-I:1752				4	
Z582.2_Meta-I:38165	RXN-I:22256 | RXN-I:11606 | RXN-I:19604 | RXN-I:22975	Meta-I:34930	Meta-I:38165	Meta-I:79 | Meta-I:29908 | Meta-I:51388	Meta-I:39678 | Meta-I:34930 | Meta-I:40688 | Meta-I:40690 | Meta-I:5852 | Meta-I:39867 | Meta-I:40729 | Meta-I:1752 | Meta-I:42676				4	
Z580.3_Meta-I:38165	RXN-I:3335 | RXN-I:24192 | RXN-I:22000 | RXN-I:22975	Meta-I:34930	Meta-I:38165	Meta-I:46329 | Meta-I:29908 | Meta-I:51388	Meta-I:39678 | Meta-I:5852 | Meta-I:39867 | Meta-I:34930 | Meta-I:40729 | Meta-I:1752 | Meta-I:40688 | Meta-I:42676 | Meta-I:40690				4	
Z582.1_Meta-I:38165	RXN-I:14214 | RXN-I:11606 | RXN-I:19604 | RXN-I:22975	Meta-I:34930	Meta-I:38165	Meta-I:79 | Meta-I:29908 | Meta-I:51388	Meta-I:39678 | Meta-I:34930 | Meta-I:1752 | Meta-I:40688 | Meta-I:42676 | Meta-I:40690 | Meta-I:5852 | Meta-I:39867 | Meta-I:40729				4	
Z582.4_Meta-I:38165	RXN-I:22256 | RXN-I:11606 | RXN-I:22000 | RXN-I:22975	Meta-I:34930	Meta-I:38165	Meta-I:79 | Meta-I:29908 | Meta-I:51388	Meta-I:39678 | Meta-I:34930 | Meta-I:40688 | Meta-I:40690 | Meta-I:5852 | Meta-I:39867 | Meta-I:40729 | Meta-I:42676 | Meta-I:1752				4	
Z582.3_Meta-I:38165	RXN-I:14214 | RXN-I:11606 | RXN-I:22000 | RXN-I:22975	Meta-I:34930	Meta-I:38165	Meta-I:79 | Meta-I:29908 | Meta-I:51388	Meta-I:39678 | Meta-I:34930 | Meta-I:1752 | Meta-I:40688 | Meta-I:42676 | Meta-I:40690 | Meta-I:5852 | Meta-I:39867 | Meta-I:40729				4	
Z4.5_Meta-I:38165	RXN-I:3335 | RXN-I:24192 | RXN-I:19604 | RXN-I:10564 | RXN-I:26664	Meta-I:34930	Meta-I:38165	Meta-I:46329 | Meta-I:29908 | Meta-I:51388 | Meta-I:5937	Meta-I:39678 | Meta-I:5852 | Meta-I:39867 | Meta-I:34930 | Meta-I:40729 | Meta-I:1752 | Meta-I:40688 | Meta-I:42676 | Meta-I:40690 | Meta-I:40685 | Meta-I:40686				5	
Z6.3_Meta-I:38165	RXN-I:14214 | RXN-I:11606 | RXN-I:22000 | RXN-I:10510 | RXN-I:26664	Meta-I:34930	Meta-I:38165	Meta-I:79 | Meta-I:29908 | Meta-I:51388 | Meta-I:5937	Meta-I:39678 | Meta-I:34930 | Meta-I:1752 | Meta-I:40688 | Meta-I:42676 | Meta-I:40690 | Meta-I:5852 | Meta-I:39867 | Meta-I:40729 | Meta-I:40685 | Meta-I:40686				5	
Z4.4_Meta-I:38165	RXN-I:3335 | RXN-I:6785 | RXN-I:22000 | RXN-I:10510 | RXN-I:26664	Meta-I:34930	Meta-I:38165	Meta-I:46329 | Meta-I:29908 | Meta-I:51388 | Meta-I:5937	Meta-I:39678 | Meta-I:5852 | Meta-I:39867 | Meta-I:34930 | Meta-I:40729 | Meta-I:40688 | Meta-I:40690 | Meta-I:42676 | Meta-I:1752 | Meta-I:40685 | Meta-I:40686				5	
Z6.2_Meta-I:38165	RXN-I:22256 | RXN-I:11606 | RXN-I:19604 | RXN-I:10510 | RXN-I:26664	Meta-I:34930	Meta-I:38165	Meta-I:79 | Meta-I:29908 | Meta-I:51388 | Meta-I:5937	Meta-I:39678 | Meta-I:34930 | Meta-I:40688 | Meta-I:40690 | Meta-I:5852 | Meta-I:39867 | Meta-I:40729 | Meta-I:1752 | Meta-I:42676 | Meta-I:40685 | Meta-I:40686				5	
Z4.7_Meta-I:38165	RXN-I:3335 | RXN-I:24192 | RXN-I:22000 | RXN-I:10564 | RXN-I:26664	Meta-I:34930	Meta-I:38165	Meta-I:46329 | Meta-I:29908 | Meta-I:51388 | Meta-I:5937	Meta-I:39678 | Meta-I:5852 | Meta-I:39867 | Meta-I:34930 | Meta-I:40729 | Meta-I:1752 | Meta-I:40688 | Meta-I:42676 | Meta-I:40690 | Meta-I:40685 | Meta-I:40686				5	
Z6.5_Meta-I:38165	RXN-I:14214 | RXN-I:11606 | RXN-I:19604 | RXN-I:10564 | RXN-I:26664	Meta-I:34930	Meta-I:38165	Meta-I:79 | Meta-I:29908 | Meta-I:51388 | Meta-I:5937	Meta-I:39678 | Meta-I:34930 | Meta-I:1752 | Meta-I:40688 | Meta-I:42676 | Meta-I:40690 | Meta-I:5852 | Meta-I:39867 | Meta-I:40729 | Meta-I:40685 | Meta-I:40686				5	
Z4.6_Meta-I:38165	RXN-I:3335 | RXN-I:6785 | RXN-I:19604 | RXN-I:10564 | RXN-I:26664	Meta-I:34930	Meta-I:38165	Meta-I:46329 | Meta-I:29908 | Meta-I:51388 | Meta-I:5937	Meta-I:39678 | Meta-I:5852 | Meta-I:39867 | Meta-I:34930 | Meta-I:40729 | Meta-I:40688 | Meta-I:40690 | Meta-I:1752 | Meta-I:42676 | Meta-I:40685 | Meta-I:40686				5	
Z6.4_Meta-I:38165	RXN-I:22256 | RXN-I:11606 | RXN-I:22000 | RXN-I:10510 | RXN-I:26664	Meta-I:34930	Meta-I:38165	Meta-I:79 | Meta-I:29908 | Meta-I:51388 | Meta-I:5937	Meta-I:39678 | Meta-I:34930 | Meta-I:40688 | Meta-I:40690 | Meta-I:5852 | Meta-I:39867 | Meta-I:40729 | Meta-I:42676 | Meta-I:1752 | Meta-I:40685 | Meta-I:40686				5	
Z4.9_Meta-I:38165	RXN-I:3335 | RXN-I:24192 | RXN-I:19604 | RXN-I:35775 | RXN-I:26664	Meta-I:34930	Meta-I:38165	Meta-I:46329 | Meta-I:29908 | Meta-I:51388 | Meta-I:5937	Meta-I:39678 | Meta-I:5852 | Meta-I:39867 | Meta-I:34930 | Meta-I:40729 | Meta-I:1752 | Meta-I:40688 | Meta-I:42676 | Meta-I:40690 | Meta-I:40685 | Meta-I:40686				5	
Z6.7_Meta-I:38165	RXN-I:14214 | RXN-I:11606 | RXN-I:22000 | RXN-I:10564 | RXN-I:26664	Meta-I:34930	Meta-I:38165	Meta-I:79 | Meta-I:29908 | Meta-I:51388 | Meta-I:5937	Meta-I:39678 | Meta-I:34930 | Meta-I:1752 | Meta-I:40688 | Meta-I:42676 | Meta-I:40690 | Meta-I:5852 | Meta-I:39867 | Meta-I:40729 | Meta-I:40685 | Meta-I:40686				5	
Z4.8_Meta-I:38165	RXN-I:3335 | RXN-I:6785 | RXN-I:22000 | RXN-I:10564 | RXN-I:26664	Meta-I:34930	Meta-I:38165	Meta-I:46329 | Meta-I:29908 | Meta-I:51388 | Meta-I:5937	Meta-I:39678 | Meta-I:5852 | Meta-I:39867 | Meta-I:34930 | Meta-I:40729 | Meta-I:40688 | Meta-I:40690 | Meta-I:42676 | Meta-I:1752 | Meta-I:40685 | Meta-I:40686				5	
Z6.6_Meta-I:38165	RXN-I:22256 | RXN-I:11606 | RXN-I:19604 | RXN-I:10564 | RXN-I:26664	Meta-I:34930	Meta-I:38165	Meta-I:79 | Meta-I:29908 | Meta-I:51388 | Meta-I:5937	Meta-I:39678 | Meta-I:34930 | Meta-I:40688 | Meta-I:40690 | Meta-I:5852 | Meta-I:39867 | Meta-I:40729 | Meta-I:1752 | Meta-I:42676 | Meta-I:40685 | Meta-I:40686				5	
Z580.2_Meta-I:38165	RXN-I:3335 | RXN-I:6785 | RXN-I:19604 | RXN-I:22975	Meta-I:34930	Meta-I:38165	Meta-I:46329 | Meta-I:29908 | Meta-I:51388	Meta-I:39678 | Meta-I:5852 | Meta-I:39867 | Meta-I:34930 | Meta-I:40729 | Meta-I:40688 | Meta-I:40690 | Meta-I:1752 | Meta-I:42676				4	
Z6.9_Meta-I:38165	RXN-I:14214 | RXN-I:11606 | RXN-I:19604 | RXN-I:35775 | RXN-I:26664	Meta-I:34930	Meta-I:38165	Meta-I:79 | Meta-I:29908 | Meta-I:51388 | Meta-I:5937	Meta-I:39678 | Meta-I:34930 | Meta-I:1752 | Meta-I:40688 | Meta-I:42676 | Meta-I:40690 | Meta-I:5852 | Meta-I:39867 | Meta-I:40729 | Meta-I:40685 | Meta-I:40686				5	
Z580.1_Meta-I:38165	RXN-I:3335 | RXN-I:24192 | RXN-I:19604 | RXN-I:22975	Meta-I:34930	Meta-I:38165	Meta-I:46329 | Meta-I:29908 | Meta-I:51388	Meta-I:39678 | Meta-I:5852 | Meta-I:39867 | Meta-I:34930 | Meta-I:40729 | Meta-I:1752 | Meta-I:40688 | Meta-I:42676 | Meta-I:40690				4	
Z6.8_Meta-I:38165	RXN-I:22256 | RXN-I:11606 | RXN-I:22000 | RXN-I:10564 | RXN-I:26664	Meta-I:34930	Meta-I:38165	Meta-I:79 | Meta-I:29908 | Meta-I:51388 | Meta-I:5937	Meta-I:39678 | Meta-I:34930 | Meta-I:40688 | Meta-I:40690 | Meta-I:5852 | Meta-I:39867 | Meta-I:40729 | Meta-I:42676 | Meta-I:1752 | Meta-I:40685 | Meta-I:40686				5	
Z292.8_Meta-I:38165	RXN-I:22256 | RXN-I:11606 | RXN-I:22000 | RXN-I:36031 | RXN-I:46446 | RXN-I:640	Meta-I:34930	Meta-I:38165	Meta-I:79 | Meta-I:29908 | Meta-I:51388 | Meta-I:692016 | Meta-I:5937	Meta-I:39678 | Meta-I:34930 | Meta-I:40688 | Meta-I:40690 | Meta-I:5852 | Meta-I:39867 | Meta-I:40729 | Meta-I:42676 | Meta-I:1752				6	
Z292.7_Meta-I:38165	RXN-I:14214 | RXN-I:11606 | RXN-I:22000 | RXN-I:36031 | RXN-I:46446 | RXN-I:640	Meta-I:34930	Meta-I:38165	Meta-I:79 | Meta-I:29908 | Meta-I:51388 | Meta-I:692016 | Meta-I:5937	Meta-I:39678 | Meta-I:34930 | Meta-I:1752 | Meta-I:40688 | Meta-I:42676 | Meta-I:40690 | Meta-I:5852 | Meta-I:39867 | Meta-I:40729				6	
Z290.8_Meta-I:38165	RXN-I:3335 | RXN-I:6785 | RXN-I:22000 | RXN-I:36031 | RXN-I:46446 | RXN-I:640	Meta-I:34930	Meta-I:38165	Meta-I:46329 | Meta-I:29908 | Meta-I:51388 | Meta-I:692016 | Meta-I:5937	Meta-I:39678 | Meta-I:5852 | Meta-I:39867 | Meta-I:34930 | Meta-I:40729 | Meta-I:40688 | Meta-I:40690 | Meta-I:42676 | Meta-I:1752				6	
Z292.6_Meta-I:38165	RXN-I:22256 | RXN-I:11606 | RXN-I:19604 | RXN-I:36031 | RXN-I:46446 | RXN-I:640	Meta-I:34930	Meta-I:38165	Meta-I:79 | Meta-I:29908 | Meta-I:51388 | Meta-I:692016 | Meta-I:5937	Meta-I:39678 | Meta-I:34930 | Meta-I:40688 | Meta-I:40690 | Meta-I:5852 | Meta-I:39867 | Meta-I:40729 | Meta-I:1752 | Meta-I:42676				6	
Z290.7_Meta-I:38165	RXN-I:3335 | RXN-I:24192 | RXN-I:22000 | RXN-I:36031 | RXN-I:46446 | RXN-I:640	Meta-I:34930	Meta-I:38165	Meta-I:46329 | Meta-I:29908 | Meta-I:51388 | Meta-I:692016 | Meta-I:5937	Meta-I:39678 | Meta-I:5852 | Meta-I:39867 | Meta-I:34930 | Meta-I:40729 | Meta-I:1752 | Meta-I:40688 | Meta-I:42676 | Meta-I:40690				6	
Z292.5_Meta-I:38165	RXN-I:14214 | RXN-I:11606 | RXN-I:19604 | RXN-I:36031 | RXN-I:46446 | RXN-I:640	Meta-I:34930	Meta-I:38165	Meta-I:79 | Meta-I:29908 | Meta-I:51388 | Meta-I:692016 | Meta-I:5937	Meta-I:39678 | Meta-I:34930 | Meta-I:1752 | Meta-I:40688 | Meta-I:42676 | Meta-I:40690 | Meta-I:5852 | Meta-I:39867 | Meta-I:40729				6	
Z290.6_Meta-I:38165	RXN-I:3335 | RXN-I:6785 | RXN-I:19604 | RXN-I:36031 | RXN-I:46446 | RXN-I:640	Meta-I:34930	Meta-I:38165	Meta-I:46329 | Meta-I:29908 | Meta-I:51388 | Meta-I:692016 | Meta-I:5937	Meta-I:39678 | Meta-I:5852 | Meta-I:39867 | Meta-I:34930 | Meta-I:40729 | Meta-I:40688 | Meta-I:40690 | Meta-I:1752 | Meta-I:42676				6	
Z292.4_Meta-I:38165	RXN-I:22256 | RXN-I:11606 | RXN-I:22000 | RXN-I:36031 | RXN-I:46446 | RXN-I:26664	Meta-I:34930	Meta-I:38165	Meta-I:79 | Meta-I:29908 | Meta-I:51388 | Meta-I:692016 | Meta-I:5937	Meta-I:39678 | Meta-I:34930 | Meta-I:40688 | Meta-I:40690 | Meta-I:5852 | Meta-I:39867 | Meta-I:40729 | Meta-I:42676 | Meta-I:1752 | Meta-I:40685 | Meta-I:40686				6	
Z6.24_Meta-I:38165	RXN-I:22256 | RXN-I:11606 | RXN-I:22000 | RXN-I:35775 | RXN-I:640	Meta-I:34930	Meta-I:38165	Meta-I:79 | Meta-I:29908 | Meta-I:51388 | Meta-I:5937	Meta-I:39678 | Meta-I:34930 | Meta-I:40688 | Meta-I:40690 | Meta-I:5852 | Meta-I:39867 | Meta-I:40729 | Meta-I:42676 | Meta-I:1752				5	
Z290.5_Meta-I:38165	RXN-I:3335 | RXN-I:24192 | RXN-I:19604 | RXN-I:36031 | RXN-I:46446 | RXN-I:640	Meta-I:34930	Meta-I:38165	Meta-I:46329 | Meta-I:29908 | Meta-I:51388 | Meta-I:692016 | Meta-I:5937	Meta-I:39678 | Meta-I:5852 | Meta-I:39867 | Meta-I:34930 | Meta-I:40729 | Meta-I:1752 | Meta-I:40688 | Meta-I:42676 | Meta-I:40690				6	
Z292.3_Meta-I:38165	RXN-I:14214 | RXN-I:11606 | RXN-I:22000 | RXN-I:36031 | RXN-I:46446 | RXN-I:26664	Meta-I:34930	Meta-I:38165	Meta-I:79 | Meta-I:29908 | Meta-I:51388 | Meta-I:692016 | Meta-I:5937	Meta-I:39678 | Meta-I:34930 | Meta-I:1752 | Meta-I:40688 | Meta-I:42676 | Meta-I:40690 | Meta-I:5852 | Meta-I:39867 | Meta-I:40729 | Meta-I:40685 | Meta-I:40686				6	
Z290.4_Meta-I:38165	RXN-I:3335 | RXN-I:6785 | RXN-I:22000 | RXN-I:36031 | RXN-I:46446 | RXN-I:26664	Meta-I:34930	Meta-I:38165	Meta-I:46329 | Meta-I:29908 | Meta-I:51388 | Meta-I:692016 | Meta-I:5937	Meta-I:39678 | Meta-I:5852 | Meta-I:39867 | Meta-I:34930 | Meta-I:40729 | Meta-I:40688 | Meta-I:40690 | Meta-I:42676 | Meta-I:1752 | Meta-I:40685 | Meta-I:40686				6	
Z292.2_Meta-I:38165	RXN-I:22256 | RXN-I:11606 | RXN-I:19604 | RXN-I:36031 | RXN-I:46446 | RXN-I:26664	Meta-I:34930	Meta-I:38165	Meta-I:79 | Meta-I:29908 | Meta-I:51388 | Meta-I:692016 | Meta-I:5937	Meta-I:39678 | Meta-I:34930 | Meta-I:40688 | Meta-I:40690 | Meta-I:5852 | Meta-I:39867 | Meta-I:40729 | Meta-I:1752 | Meta-I:42676 | Meta-I:40685 | Meta-I:40686				6	
Z290.3_Meta-I:38165	RXN-I:3335 | RXN-I:24192 | RXN-I:22000 | RXN-I:36031 | RXN-I:46446 | RXN-I:26664	Meta-I:34930	Meta-I:38165	Meta-I:46329 | Meta-I:29908 | Meta-I:51388 | Meta-I:692016 | Meta-I:5937	Meta-I:39678 | Meta-I:5852 | Meta-I:39867 | Meta-I:34930 | Meta-I:40729 | Meta-I:1752 | Meta-I:40688 | Meta-I:42676 | Meta-I:40690 | Meta-I:40685 | Meta-I:40686				6	
Z292.1_Meta-I:38165	RXN-I:14214 | RXN-I:11606 | RXN-I:19604 | RXN-I:36031 | RXN-I:46446 | RXN-I:26664	Meta-I:34930	Meta-I:38165	Meta-I:79 | Meta-I:29908 | Meta-I:51388 | Meta-I:692016 | Meta-I:5937	Meta-I:39678 | Meta-I:34930 | Meta-I:1752 | Meta-I:40688 | Meta-I:42676 | Meta-I:40690 | Meta-I:5852 | Meta-I:39867 | Meta-I:40729 | Meta-I:40685 | Meta-I:40686				6	
Z6.21_Meta-I:38165	RXN-I:14214 | RXN-I:11606 | RXN-I:19604 | RXN-I:35775 | RXN-I:640	Meta-I:34930	Meta-I:38165	Meta-I:79 | Meta-I:29908 | Meta-I:51388 | Meta-I:5937	Meta-I:39678 | Meta-I:34930 | Meta-I:1752 | Meta-I:40688 | Meta-I:42676 | Meta-I:40690 | Meta-I:5852 | Meta-I:39867 | Meta-I:40729				5	
Z290.2_Meta-I:38165	RXN-I:3335 | RXN-I:6785 | RXN-I:19604 | RXN-I:36031 | RXN-I:46446 | RXN-I:26664	Meta-I:34930	Meta-I:38165	Meta-I:46329 | Meta-I:29908 | Meta-I:51388 | Meta-I:692016 | Meta-I:5937	Meta-I:39678 | Meta-I:5852 | Meta-I:39867 | Meta-I:34930 | Meta-I:40729 | Meta-I:40688 | Meta-I:40690 | Meta-I:1752 | Meta-I:42676 | Meta-I:40685 | Meta-I:40686				6	
Z6.20_Meta-I:38165	RXN-I:22256 | RXN-I:11606 | RXN-I:22000 | RXN-I:10564 | RXN-I:640	Meta-I:34930	Meta-I:38165	Meta-I:79 | Meta-I:29908 | Meta-I:51388 | Meta-I:5937	Meta-I:39678 | Meta-I:34930 | Meta-I:40688 | Meta-I:40690 | Meta-I:5852 | Meta-I:39867 | Meta-I:40729 | Meta-I:42676 | Meta-I:1752				5	
Z290.1_Meta-I:38165	RXN-I:3335 | RXN-I:24192 | RXN-I:19604 | RXN-I:36031 | RXN-I:46446 | RXN-I:26664	Meta-I:34930	Meta-I:38165	Meta-I:46329 | Meta-I:29908 | Meta-I:51388 | Meta-I:692016 | Meta-I:5937	Meta-I:39678 | Meta-I:5852 | Meta-I:39867 | Meta-I:34930 | Meta-I:40729 | Meta-I:1752 | Meta-I:40688 | Meta-I:42676 | Meta-I:40690 | Meta-I:40685 | Meta-I:40686				6	
Z6.23_Meta-I:38165	RXN-I:14214 | RXN-I:11606 | RXN-I:22000 | RXN-I:35775 | RXN-I:640	Meta-I:34930	Meta-I:38165	Meta-I:79 | Meta-I:29908 | Meta-I:51388 | Meta-I:5937	Meta-I:39678 | Meta-I:34930 | Meta-I:1752 | Meta-I:40688 | Meta-I:42676 | Meta-I:40690 | Meta-I:5852 | Meta-I:39867 | Meta-I:40729				5	
Z6.22_Meta-I:38165	RXN-I:22256 | RXN-I:11606 | RXN-I:19604 | RXN-I:35775 | RXN-I:640	Meta-I:34930	Meta-I:38165	Meta-I:79 | Meta-I:29908 | Meta-I:51388 | Meta-I:5937	Meta-I:39678 | Meta-I:34930 | Meta-I:40688 | Meta-I:40690 | Meta-I:5852 | Meta-I:39867 | Meta-I:40729 | Meta-I:1752				5	
Z4.19_Meta-I:38165	RXN-I:3335 | RXN-I:24192 | RXN-I:22000 | RXN-I:10564 | RXN-I:640	Meta-I:34930	Meta-I:38165	Meta-I:46329 | Meta-I:29908 | Meta-I:51388 | Meta-I:5937	Meta-I:39678 | Meta-I:5852 | Meta-I:39867 | Meta-I:34930 | Meta-I:40729 | Meta-I:1752 | Meta-I:40688 | Meta-I:42676 | Meta-I:40690				5	
Z4.1_Meta-I:38165	RXN-I:3335 | RXN-I:24192 | RXN-I:19604 | RXN-I:10510 | RXN-I:26664	Meta-I:34930	Meta-I:38165	Meta-I:46329 | Meta-I:29908 | Meta-I:51388 | Meta-I:5937	Meta-I:39678 | Meta-I:5852 | Meta-I:39867 | Meta-I:34930 | Meta-I:40729 | Meta-I:1752 | Meta-I:40688 | Meta-I:42676 | Meta-I:40690 | Meta-I:40685 | Meta-I:40686				5	
Z4.15_Meta-I:38165	RXN-I:3335 | RXN-I:24192 | RXN-I:22000 | RXN-I:10510 | RXN-I:640	Meta-I:34930	Meta-I:38165	Meta-I:46329 | Meta-I:29908 | Meta-I:51388 | Meta-I:5937	Meta-I:39678 | Meta-I:5852 | Meta-I:39867 | Meta-I:34930 | Meta-I:40729 | Meta-I:1752 | Meta-I:40688 | Meta-I:42676 | Meta-I:40690				5	
Z4.16_Meta-I:38165	RXN-I:3335 | RXN-I:6785 | RXN-I:22000 | RXN-I:10510 | RXN-I:640	Meta-I:34930	Meta-I:38165	Meta-I:46329 | Meta-I:29908 | Meta-I:51388 | Meta-I:5937	Meta-I:39678 | Meta-I:5852 | Meta-I:39867 | Meta-I:34930 | Meta-I:40729 | Meta-I:40688 | Meta-I:40690 | Meta-I:42676 | Meta-I:1752				5	
Z4.3_Meta-I:38165	RXN-I:3335 | RXN-I:24192 | RXN-I:22000 | RXN-I:10510 | RXN-I:26664	Meta-I:34930	Meta-I:38165	Meta-I:46329 | Meta-I:29908 | Meta-I:51388 | Meta-I:5937	Meta-I:39678 | Meta-I:5852 | Meta-I:39867 | Meta-I:34930 | Meta-I:40729 | Meta-I:1752 | Meta-I:40688 | Meta-I:42676 | Meta-I:40690 | Meta-I:40685 | Meta-I:40686				5	
Z4.17_Meta-I:38165	RXN-I:3335 | RXN-I:24192 | RXN-I:19604 | RXN-I:10564 | RXN-I:640	Meta-I:34930	Meta-I:38165	Meta-I:46329 | Meta-I:29908 | Meta-I:51388 | Meta-I:5937	Meta-I:39678 | Meta-I:5852 | Meta-I:39867 | Meta-I:34930 | Meta-I:40729 | Meta-I:1752 | Meta-I:40688 | Meta-I:42676 | Meta-I:40690				5	
Z6.1_Meta-I:38165	RXN-I:14214 | RXN-I:11606 | RXN-I:19604 | RXN-I:10510 | RXN-I:26664	Meta-I:34930	Meta-I:38165	Meta-I:79 | Meta-I:29908 | Meta-I:51388 | Meta-I:5937	Meta-I:39678 | Meta-I:34930 | Meta-I:1752 | Meta-I:40688 | Meta-I:42676 | Meta-I:40690 | Meta-I:5852 | Meta-I:39867 | Meta-I:40729 | Meta-I:40685 | Meta-I:40686				5	
Z4.2_Meta-I:38165	RXN-I:3335 | RXN-I:6785 | RXN-I:19604 | RXN-I:10510 | RXN-I:26664	Meta-I:34930	Meta-I:38165	Meta-I:46329 | Meta-I:29908 | Meta-I:51388 | Meta-I:5937	Meta-I:39678 | Meta-I:5852 | Meta-I:39867 | Meta-I:34930 | Meta-I:40729 | Meta-I:40688 | Meta-I:40690 | Meta-I:1752 | Meta-I:42676 | Meta-I:40685 | Meta-I:40686				5	
Z4.18_Meta-I:38165	RXN-I:3335 | RXN-I:6785 | RXN-I:19604 | RXN-I:10564 | RXN-I:640	Meta-I:34930	Meta-I:38165	Meta-I:46329 | Meta-I:29908 | Meta-I:51388 | Meta-I:5937	Meta-I:39678 | Meta-I:5852 | Meta-I:39867 | Meta-I:34930 | Meta-I:40729 | Meta-I:40688 | Meta-I:40690 | Meta-I:1752 | Meta-I:42676				5	
Z4.11_Meta-I:38165	RXN-I:3335 | RXN-I:24192 | RXN-I:22000 | RXN-I:35775 | RXN-I:26664	Meta-I:34930	Meta-I:38165	Meta-I:46329 | Meta-I:29908 | Meta-I:51388 | Meta-I:5937	Meta-I:39678 | Meta-I:5852 | Meta-I:39867 | Meta-I:34930 | Meta-I:40729 | Meta-I:1752 | Meta-I:40688 | Meta-I:42676 | Meta-I:40690 | Meta-I:40685 | Meta-I:40686				5	
Z4.12_Meta-I:38165	RXN-I:3335 | RXN-I:6785 | RXN-I:22000 | RXN-I:35775 | RXN-I:26664	Meta-I:34930	Meta-I:38165	Meta-I:46329 | Meta-I:29908 | Meta-I:51388 | Meta-I:5937	Meta-I:39678 | Meta-I:5852 | Meta-I:39867 | Meta-I:34930 | Meta-I:40729 | Meta-I:40688 | Meta-I:40690 | Meta-I:42676 | Meta-I:1752 | Meta-I:40685 | Meta-I:40686				5	
Z4.13_Meta-I:38165	RXN-I:3335 | RXN-I:24192 | RXN-I:19604 | RXN-I:10510 | RXN-I:640	Meta-I:34930	Meta-I:38165	Meta-I:46329 | Meta-I:29908 | Meta-I:51388 | Meta-I:5937	Meta-I:39678 | Meta-I:5852 | Meta-I:39867 | Meta-I:34930 | Meta-I:40729 | Meta-I:1752 | Meta-I:40688 | Meta-I:42676 | Meta-I:40690				5	
Z4.14_Meta-I:38165	RXN-I:3335 | RXN-I:6785 | RXN-I:19604 | RXN-I:10510 | RXN-I:640	Meta-I:34930	Meta-I:38165	Meta-I:46329 | Meta-I:29908 | Meta-I:51388 | Meta-I:5937	Meta-I:39678 | Meta-I:5852 | Meta-I:39867 | Meta-I:34930 | Meta-I:40729 | Meta-I:40688 | Meta-I:40690 | Meta-I:1752 | Meta-I:42676				5	
Z4.10_Meta-I:38165	RXN-I:3335 | RXN-I:6785 | RXN-I:19604 | RXN-I:35775 | RXN-I:26664	Meta-I:34930	Meta-I:38165	Meta-I:46329 | Meta-I:29908 | Meta-I:51388 | Meta-I:5937	Meta-I:39678 | Meta-I:5852 | Meta-I:39867 | Meta-I:34930 | Meta-I:40729 | Meta-I:40688 | Meta-I:40690 | Meta-I:1752 | Meta-I:40685 | Meta-I:40686				5	
