M_PR_UID	M_PR_NAME	M_PR_SYNONYMS	M_PR_FORMULA	M_PR_CHARGE	M_PR_INCHI	M_PR_SMILE	M_PR_SMILE-CAN-OB	M_PR_BIO	M_PR_COFACTOR	M_RF_PUBMED	M_XR_KEGG	M_XR_METACYC	M_XR_CHEBI	M_XR_BIGG	M_XR_METANETX	M_MT_ENERGY	M_MT_ERROR
Meta-I:37645				0			OC1C(COP(=O)(OP(=O)([O-])[O-])[O-])OC(C1O)n1cnc2c1ncnc2N				G11113 | C00008	ADP		adp	MNXM7		
Meta-I:33695				0			OC1C(COP(=O)(OP(=O)(OP(=O)([O-])[O-])[O-])[O-])OC(C1O)n1cnc2c1ncnc2N				C00002 | D08646	ATP		atp	MNXM3		
Meta-I:1752				0							C00080	PROTON		h	MNXM1		
Meta-I:36088				0			OC1C(O)CC(=CC1OP(=O)([O-])[O-])C(=O)[O-]				C03175	SHIKIMATE-5P		skm5p	MNXM1265		
Meta-I:2471				0			OC1CC(=CC(C1O)O)C(=O)[O-]				C00493	SHIKIMATE		skm	MNXM165257 | MNXM602		
Meta-I:20244				0			[O-]C(=O)C(=C)OP(=O)([O-])[O-]				C00074	PHOSPHO-ENOL-PYRUVATE		pep	MNXM73		
Meta-I:35927				0			[O-]P(=O)(O)O | [O-]P(=O)(O)[O-].[Na+].[Na+] | OP(=O)(O)O | [O-]P(=O)(O)[O-] | *OP(=O)([O-])[O-] | O=C(NCCSC(=O)*)CCNC(=O)C(C(COP(=O)([O-])[O-])(C)C)O				C00009 | D05870 | C13558 | D05467	Pi | CPD-16459 | CPD0-2412 | PHOSPHATE-GROUP		pi	MNXM94846 | MNXM9 | MNXM107751 | MNXM163267 | MNXM155500		
Meta-I:20040				0			OC1C(CC(=CC1OP(=O)([O-])[O-])C(=O)[O-])OC(=C)C(=O)[O-]				C01269	3-ENOLPYRUVYL-SHIKIMATE-5P		3psme	MNXM1365		
Meta-I:33045				0			OC1C=CC(=CC1OC(=C)C(=O)[O-])C(=O)[O-]				C00251	CHORISMATE		chor	MNXM337		
Meta-I:36855				0			OC1C=CC(C=C1)(CC(=O)C(=O)[O-])C(=O)[O-]				C00254	PREPHENATE		pphn	MNXM503		
Meta-I:6501				0			O=C(C(=O)[O-])Cc1ccccc1 | OC(=Cc1ccccc1)C(=O)[O-]				C00166 | C02763	ENOL-PHENYLPYRUVATE | PHENYL-PYRUVATE		phpyr	MNXM210 | MNXM589160 | MNXM162242		
Meta-I:5852				0			O=C=O				C00011 | D00004	CARBON-DIOXIDE		co2	MNXM13		
Meta-I:42676				0			[OH3+] | [OH-] | *O | [O-2].[Cu+].[Cu+] | O				C00001 | D06322 | D03703 | C18714 | D00001 | C01328	OH | OXONIUM | HYDROXYL-GROUP | WATER		h2o | oh1	MNXM124831 | MNXM154962 | MNXM126605 | MNXM2 | MNXM145357		
Meta-I:39859				0			[O-]C(=O)C[NH3+]				C00037 | D00011	GLY		gly	MNXM29		
Meta-I:40134				0			O=CC(=O)[O-]				C00048	GLYOX		glx	MNXM69		
Meta-I:49871				0			[NH3+]C(C(=O)[O-])Cc1ccccc1				C00079 | C02057 | D00021	PHE		phe__L	MNXM97		
Meta-I:46553				0			CC(C(C1CNc2c(N1)c(=O)[nH]c(n2)N)O)O | CC(C(C1CNc2c(N1)c(=O)nc([nH]2)N)O)O | CC(C(C1CNc2c(N1)c([O-])[nH+]c(=[NH2+])[nH]2)O)O				C00272 | D08505	TETRA-H-BIOPTERIN		thbpt	MNXM722714 | MNXM89658 | MNXM725412 | MNXM725468		
Meta-I:39678				0			O=O				D00003 | C00007	OXYGEN-MOLECULE		o2	MNXM4		
Meta-I:40489				0			[NH3+]C(C(=O)[O-])Cc1ccc(cc1)O				C00082 | D00022 | C01536	TYR		tyr__L	MNXM76		
Meta-I:14894				0			CC(C(C1CN[C+]2=N[C+](=NC(=O)C2([NH2+]1)O)N)O)O				C15522	CPD-5881			MNXM722800 | MNXM380		
Meta-I:17262				0			CCC(C(C(=O)[O-])[NH3+])C				C00407 | D00065	ILE		ile__L	MNXM231		
Meta-I:42081				0			[O-]C(=O)C(=O)C(CC)C				C00671 | C06008 | C03465	2-KETO-3-METHYL-VALERATE		2o3mpt | 3mop	MNXM162801 | MNXM94056 | MNXM439		
Meta-I:42953				0			[O-]C(=O)CCC(C(=O)[O-])[NH3+]				C00025 | D00007 | C00302 | D04341	GLT | Glutamates		glu__L	MNXM89557		
Meta-I:40729				0			[O-]C(=O)CCC(=O)C(=O)[O-]				C00026	2-KETOGLUTARATE		akg	MNXM20		
Meta-I:42741				0			CC(C(C1CNc2c([N]1)c(=O)[nH]c(n2)N)O)O | CC(C(C1=Nc2c(NC1)nc([nH]c2=O)N)O)O | CC(C(C1CN[C+]2=N[C+](=NC(=O)C2=N1)N)O)O | CC(C(C1=Nc2c(NC1)[nH]c(nc2=O)N)O)O | CC(C(C1=Nc2c(NC1)[nH]c(=[NH2+])[nH+]c2[O-])O)O				C00268 | C02953	CPD-15159 | CPD-14202 | BIOPTERIN		CE2705 | dhbpt	MNXM90267 | MNXM90604 | MNXM6118 | MNXM722829 | MNXM723641 | MNXM162257		
Meta-I:10422				0			[NH3+]C(C(=O)[O-])CC(C)C				C00123 | D00030 | C16439	LEU		leu__L	MNXM140		
Meta-I:42703				0			CC(CC(=O)C(=O)[O-])C				C00233	2K-4CH3-PENTANOATE		4mop	MNXM404		
Meta-I:40685				0			OC1C(O)C(OC1N1C=CCC(=C1)C(=O)N)COP(=O)(OP(=O)(OCC1OC(C(C1O)O)n1cnc2c1ncnc2N)[O-])[O-]				C00004	NADH		nadh	MNXM10		
Meta-I:40686				0			OC1C(O)C(OC1[n+]1cccc(c1)C(=O)N)COP(=O)(OP(=O)(OCC1OC(C(C1O)O)n1cnc2c1ncnc2N)[O-])[O-]				C00003 | D00002	NAD		nad	MNXM8 | MNXM165571		
Meta-I:48530				0			O=C(C(=O)[O-])Cc1ccc(cc1)O | OC(=Cc1ccc(cc1)O)C(=O)[O-]				C05350 | C01179	P-HYDROXY-PHENYLPYRUVATE | CPD-21004		2h34hppr | 34hpp	MNXM114441 | MNXM153		
Meta-I:40736				0			CC(=O)C(=O)[O-]				C00022	PYRUVATE		pyr	MNXM23		
Meta-I:24872				0			[O-]C(=O)C([NH3+])C				C01401 | C00041 | D00012	L-ALPHA-ALANINE		ala__L	MNXM32		
Meta-I:40688				0			OC1C(O)C(OC1[n+]1cccc(c1)C(=O)N)COP(=O)(OP(=O)(OCC1OC(C(C1O)OP(=O)([O-])[O-])n1cnc2c1ncnc2N)[O-])[O-]				C00006	NADP		nadp	MNXM5		
Meta-I:40690				0			OC1C(O)C(OC1N1C=CCC(=C1)C(=O)N)COP(=O)(OP(=O)(OCC1OC(C(C1O)OP(=O)([O-])[O-])n1cnc2c1ncnc2N)[O-])[O-]				C00005	NADPH		nadph	MNXM6		
Meta-I:52041				0			[NH4+] | *N | *[N+](*)(*)*				C00014 | D02916 | C00706 | D02915 | C01342	SUBSTITUTED-AMINE | All-Amines | AMMONIUM | AMMONIA		nh3 | nh4	MNXM12468 | MNXM723598 | MNXM42009 | MNXM15		
Meta-I:8501				0			OO | [O-][O-].[Ca+2] | [O-][O-].[Mg+2] | [Ca]1OO1				C17732 | C00027 | D00008 | C18566	HYDROGEN-PEROXIDE		h2o2	MNXM157675 | MNXM45240 | MNXM22		
Meta-I:381				0			[O-]C(=O)C(=O)CC1CCC(C2C1O2)O				C21087				MNXM722936		
Meta-I:12409				0			[O-]C(=O)C([NH3+])CC1CCC(C2C1O2)O				C20940	CPD-17531			MNXM146287		
Meta-I:3333				0			[O-]C(=CC(=O)C(=O)[O-])[O-] | [O-]C(=O)CC(=O)C(=O)[O-]				C00036 | C03981	ENOL-OXALOACETATE | OXALACETIC_ACID		oaa	MNXM46 | MNXM163366		
Meta-I:31533				0			[O-]C(=O)CC(C(=O)[O-])[NH3+]				D00013 | C16433 | C00049	L-ASPARTATE		CE1787 | CE5868 | asp__L	MNXM162407 | MNXM42		
Meta-I:12557				0			NC(=O)CCC(=O)C(=O)[O-]				C00940	2-KETO-GLUTARAMATE		HC00591	MNXM575		
Meta-I:41596				0			NC(=O)CCC(C(=O)[O-])[NH3+]				C00064 | D00015 | C00303	GLN		gln__L	MNXM37		
Meta-I:27537				0			[O-]C(=O)C(=O)CC1CCC(C2C1O2)O					CPD-17536			MNXM147378		
Meta-I:40935				0			[O-]C(=O)C([NH3+])CCC[NH3+]				D08302 | C00077 | C01602	L-ORNITHINE		orn__L | orn	MNXM89689		
Meta-I:17126				0			O=CCCC(C(=O)[O-])[NH3+]				C01165	L-GLUTAMATE_GAMMA-SEMIALDEHYDE		glu5sa	MNXM245 | MNXM167820		
Meta-I:13179				0			[O-]C1=[NH+][C+](=[NH2+])N[C+]2=NCC([NH2+]C12O)C(C(O)C)O								MNXM487425		
Meta-I:20239				0			CC(C(C1CNc2c(N1)c(=O)[nH]c(n2)N)O)O					CPD-14053			MNXM59378		
