P_PR_UID	P_PR_REACTIONS	P_PR_ORIGIN	P_PR_TARGET	P_PR_INTERMEDIATES	P_PR_BOUNDARY	P_RF_PUBMED	P_MT_SCORE	P_MT_MAXYIELD	P_MT_LENGTH	P_MT_FEASIBILITY
Z76.32_Meta-I:40489	RXN-I:1717 | RXN-I:6093 | RXN-I:4445 | RXN-I:26797 | RXN-I:6038 | RXN-I:11370 | RXN-I:19224	Meta-I:2471	Meta-I:40489	Meta-I:36088 | Meta-I:20040 | Meta-I:33045 | Meta-I:36855 | Meta-I:6501 | Meta-I:49871	Meta-I:37645 | Meta-I:33695 | Meta-I:1752 | Meta-I:2471 | Meta-I:20244 | Meta-I:35927 | Meta-I:5852 | Meta-I:42676 | Meta-I:39859 | Meta-I:40134 | Meta-I:46553 | Meta-I:39678 | Meta-I:14894				7	
Z76.33_Meta-I:40489	RXN-I:1717 | RXN-I:6093 | RXN-I:4445 | RXN-I:26797 | RXN-I:6038 | RXN-I:12471 | RXN-I:19224	Meta-I:2471	Meta-I:40489	Meta-I:36088 | Meta-I:20040 | Meta-I:33045 | Meta-I:36855 | Meta-I:6501 | Meta-I:49871	Meta-I:37645 | Meta-I:33695 | Meta-I:1752 | Meta-I:2471 | Meta-I:20244 | Meta-I:35927 | Meta-I:5852 | Meta-I:42676 | Meta-I:17262 | Meta-I:42081 | Meta-I:46553 | Meta-I:39678 | Meta-I:14894				7	
Z76.34_Meta-I:40489	RXN-I:1717 | RXN-I:6093 | RXN-I:4445 | RXN-I:26797 | RXN-I:6038 | RXN-I:33517 | RXN-I:32808	Meta-I:2471	Meta-I:40489	Meta-I:36088 | Meta-I:20040 | Meta-I:33045 | Meta-I:36855 | Meta-I:6501 | Meta-I:49871	Meta-I:37645 | Meta-I:33695 | Meta-I:1752 | Meta-I:2471 | Meta-I:20244 | Meta-I:35927 | Meta-I:5852 | Meta-I:42676 | Meta-I:42953 | Meta-I:40729 | Meta-I:46553 | Meta-I:39678 | Meta-I:42741				7	
Z76.35_Meta-I:40489	RXN-I:1717 | RXN-I:6093 | RXN-I:4445 | RXN-I:26797 | RXN-I:6038 | RXN-I:15653 | RXN-I:32808	Meta-I:2471	Meta-I:40489	Meta-I:36088 | Meta-I:20040 | Meta-I:33045 | Meta-I:36855 | Meta-I:6501 | Meta-I:49871	Meta-I:37645 | Meta-I:33695 | Meta-I:1752 | Meta-I:2471 | Meta-I:20244 | Meta-I:35927 | Meta-I:5852 | Meta-I:42676 | Meta-I:10422 | Meta-I:42703 | Meta-I:46553 | Meta-I:39678 | Meta-I:42741				7	
Z49.11_Meta-I:40489	RXN-I:1717 | RXN-I:6093 | RXN-I:4445 | RXN-I:26797 | RXN-I:29964 | RXN-I:33015	Meta-I:2471	Meta-I:40489	Meta-I:36088 | Meta-I:20040 | Meta-I:33045 | Meta-I:36855 | Meta-I:48530	Meta-I:37645 | Meta-I:33695 | Meta-I:1752 | Meta-I:2471 | Meta-I:20244 | Meta-I:35927 | Meta-I:5852 | Meta-I:40685 | Meta-I:40686 | Meta-I:40736 | Meta-I:24872				6	
Z49.10_Meta-I:40489	RXN-I:1717 | RXN-I:6093 | RXN-I:4445 | RXN-I:26797 | RXN-I:25401 | RXN-I:26281	Meta-I:2471	Meta-I:40489	Meta-I:36088 | Meta-I:20040 | Meta-I:33045 | Meta-I:36855 | Meta-I:48530	Meta-I:37645 | Meta-I:33695 | Meta-I:1752 | Meta-I:2471 | Meta-I:20244 | Meta-I:35927 | Meta-I:5852 | Meta-I:40688 | Meta-I:40690 | Meta-I:42953 | Meta-I:40729				6	
Z76.30_Meta-I:40489	RXN-I:1717 | RXN-I:6093 | RXN-I:4445 | RXN-I:26797 | RXN-I:6038 | RXN-I:23597 | RXN-I:19224	Meta-I:2471	Meta-I:40489	Meta-I:36088 | Meta-I:20040 | Meta-I:33045 | Meta-I:36855 | Meta-I:6501 | Meta-I:49871	Meta-I:37645 | Meta-I:33695 | Meta-I:1752 | Meta-I:2471 | Meta-I:20244 | Meta-I:35927 | Meta-I:5852 | Meta-I:42676 | Meta-I:52041 | Meta-I:39678 | Meta-I:8501 | Meta-I:46553 | Meta-I:14894				7	
Z76.31_Meta-I:40489	RXN-I:1717 | RXN-I:6093 | RXN-I:4445 | RXN-I:26797 | RXN-I:6038 | RXN-I:33241 | RXN-I:19224	Meta-I:2471	Meta-I:40489	Meta-I:36088 | Meta-I:20040 | Meta-I:33045 | Meta-I:36855 | Meta-I:6501 | Meta-I:49871	Meta-I:37645 | Meta-I:33695 | Meta-I:1752 | Meta-I:2471 | Meta-I:20244 | Meta-I:35927 | Meta-I:5852 | Meta-I:42676 | Meta-I:381 | Meta-I:12409 | Meta-I:46553 | Meta-I:39678 | Meta-I:14894				7	
Z76.36_Meta-I:40489	RXN-I:1717 | RXN-I:6093 | RXN-I:4445 | RXN-I:26797 | RXN-I:6038 | RXN-I:29613 | RXN-I:32808	Meta-I:2471	Meta-I:40489	Meta-I:36088 | Meta-I:20040 | Meta-I:33045 | Meta-I:36855 | Meta-I:6501 | Meta-I:49871	Meta-I:37645 | Meta-I:33695 | Meta-I:1752 | Meta-I:2471 | Meta-I:20244 | Meta-I:35927 | Meta-I:5852 | Meta-I:42676 | Meta-I:3333 | Meta-I:31533 | Meta-I:46553 | Meta-I:39678 | Meta-I:42741				7	
Z76.37_Meta-I:40489	RXN-I:1717 | RXN-I:6093 | RXN-I:4445 | RXN-I:26797 | RXN-I:6038 | RXN-I:22614 | RXN-I:32808	Meta-I:2471	Meta-I:40489	Meta-I:36088 | Meta-I:20040 | Meta-I:33045 | Meta-I:36855 | Meta-I:6501 | Meta-I:49871	Meta-I:37645 | Meta-I:33695 | Meta-I:1752 | Meta-I:2471 | Meta-I:20244 | Meta-I:35927 | Meta-I:5852 | Meta-I:42676 | Meta-I:52041 | Meta-I:40685 | Meta-I:40686 | Meta-I:46553 | Meta-I:39678 | Meta-I:42741				7	
Z76.38_Meta-I:40489	RXN-I:1717 | RXN-I:6093 | RXN-I:4445 | RXN-I:26797 | RXN-I:6038 | RXN-I:23921 | RXN-I:32808	Meta-I:2471	Meta-I:40489	Meta-I:36088 | Meta-I:20040 | Meta-I:33045 | Meta-I:36855 | Meta-I:6501 | Meta-I:49871	Meta-I:37645 | Meta-I:33695 | Meta-I:1752 | Meta-I:2471 | Meta-I:20244 | Meta-I:35927 | Meta-I:5852 | Meta-I:42676 | Meta-I:12557 | Meta-I:41596 | Meta-I:46553 | Meta-I:39678 | Meta-I:42741				7	
Z76.39_Meta-I:40489	RXN-I:1717 | RXN-I:6093 | RXN-I:4445 | RXN-I:26797 | RXN-I:6038 | RXN-I:8629 | RXN-I:32808	Meta-I:2471	Meta-I:40489	Meta-I:36088 | Meta-I:20040 | Meta-I:33045 | Meta-I:36855 | Meta-I:6501 | Meta-I:49871	Meta-I:37645 | Meta-I:33695 | Meta-I:1752 | Meta-I:2471 | Meta-I:20244 | Meta-I:35927 | Meta-I:5852 | Meta-I:42676 | Meta-I:27537 | Meta-I:12409 | Meta-I:46553 | Meta-I:39678 | Meta-I:42741				7	
Z49.15_Meta-I:40489	RXN-I:1717 | RXN-I:6093 | RXN-I:4445 | RXN-I:26797 | RXN-I:29964 | RXN-I:7025	Meta-I:2471	Meta-I:40489	Meta-I:36088 | Meta-I:20040 | Meta-I:33045 | Meta-I:36855 | Meta-I:48530	Meta-I:37645 | Meta-I:33695 | Meta-I:1752 | Meta-I:2471 | Meta-I:20244 | Meta-I:35927 | Meta-I:5852 | Meta-I:40685 | Meta-I:40686 | Meta-I:52041 | Meta-I:39678 | Meta-I:42676 | Meta-I:8501				6	
Z49.14_Meta-I:40489	RXN-I:1717 | RXN-I:6093 | RXN-I:4445 | RXN-I:26797 | RXN-I:25401 | RXN-I:10473	Meta-I:2471	Meta-I:40489	Meta-I:36088 | Meta-I:20040 | Meta-I:33045 | Meta-I:36855 | Meta-I:48530	Meta-I:37645 | Meta-I:33695 | Meta-I:1752 | Meta-I:2471 | Meta-I:20244 | Meta-I:35927 | Meta-I:5852 | Meta-I:40688 | Meta-I:40690 | Meta-I:40935 | Meta-I:17126				6	
Z49.13_Meta-I:40489	RXN-I:1717 | RXN-I:6093 | RXN-I:4445 | RXN-I:26797 | RXN-I:29964 | RXN-I:10473	Meta-I:2471	Meta-I:40489	Meta-I:36088 | Meta-I:20040 | Meta-I:33045 | Meta-I:36855 | Meta-I:48530	Meta-I:37645 | Meta-I:33695 | Meta-I:1752 | Meta-I:2471 | Meta-I:20244 | Meta-I:35927 | Meta-I:5852 | Meta-I:40685 | Meta-I:40686 | Meta-I:40935 | Meta-I:17126				6	
Z49.12_Meta-I:40489	RXN-I:1717 | RXN-I:6093 | RXN-I:4445 | RXN-I:26797 | RXN-I:25401 | RXN-I:33015	Meta-I:2471	Meta-I:40489	Meta-I:36088 | Meta-I:20040 | Meta-I:33045 | Meta-I:36855 | Meta-I:48530	Meta-I:37645 | Meta-I:33695 | Meta-I:1752 | Meta-I:2471 | Meta-I:20244 | Meta-I:35927 | Meta-I:5852 | Meta-I:40688 | Meta-I:40690 | Meta-I:40736 | Meta-I:24872				6	
Z49.16_Meta-I:40489	RXN-I:1717 | RXN-I:6093 | RXN-I:4445 | RXN-I:26797 | RXN-I:25401 | RXN-I:7025	Meta-I:2471	Meta-I:40489	Meta-I:36088 | Meta-I:20040 | Meta-I:33045 | Meta-I:36855 | Meta-I:48530	Meta-I:37645 | Meta-I:33695 | Meta-I:1752 | Meta-I:2471 | Meta-I:20244 | Meta-I:35927 | Meta-I:5852 | Meta-I:40688 | Meta-I:40690 | Meta-I:52041 | Meta-I:39678 | Meta-I:42676 | Meta-I:8501				6	
Z76.21_Meta-I:40489	RXN-I:1717 | RXN-I:6093 | RXN-I:4445 | RXN-I:26797 | RXN-I:6038 | RXN-I:11370 | RXN-I:33503	Meta-I:2471	Meta-I:40489	Meta-I:36088 | Meta-I:20040 | Meta-I:33045 | Meta-I:36855 | Meta-I:6501 | Meta-I:49871	Meta-I:37645 | Meta-I:33695 | Meta-I:1752 | Meta-I:2471 | Meta-I:20244 | Meta-I:35927 | Meta-I:5852 | Meta-I:42676 | Meta-I:39859 | Meta-I:40134 | Meta-I:46553 | Meta-I:39678 | Meta-I:13179				7	
Z76.22_Meta-I:40489	RXN-I:1717 | RXN-I:6093 | RXN-I:4445 | RXN-I:26797 | RXN-I:6038 | RXN-I:12471 | RXN-I:33503	Meta-I:2471	Meta-I:40489	Meta-I:36088 | Meta-I:20040 | Meta-I:33045 | Meta-I:36855 | Meta-I:6501 | Meta-I:49871	Meta-I:37645 | Meta-I:33695 | Meta-I:1752 | Meta-I:2471 | Meta-I:20244 | Meta-I:35927 | Meta-I:5852 | Meta-I:42676 | Meta-I:17262 | Meta-I:42081 | Meta-I:46553 | Meta-I:39678 | Meta-I:13179				7	
Z76.23_Meta-I:40489	RXN-I:1717 | RXN-I:6093 | RXN-I:4445 | RXN-I:26797 | RXN-I:6038 | RXN-I:33517 | RXN-I:19224	Meta-I:2471	Meta-I:40489	Meta-I:36088 | Meta-I:20040 | Meta-I:33045 | Meta-I:36855 | Meta-I:6501 | Meta-I:49871	Meta-I:37645 | Meta-I:33695 | Meta-I:1752 | Meta-I:2471 | Meta-I:20244 | Meta-I:35927 | Meta-I:5852 | Meta-I:42676 | Meta-I:42953 | Meta-I:40729 | Meta-I:46553 | Meta-I:39678 | Meta-I:14894				7	
Z76.24_Meta-I:40489	RXN-I:1717 | RXN-I:6093 | RXN-I:4445 | RXN-I:26797 | RXN-I:6038 | RXN-I:15653 | RXN-I:19224	Meta-I:2471	Meta-I:40489	Meta-I:36088 | Meta-I:20040 | Meta-I:33045 | Meta-I:36855 | Meta-I:6501 | Meta-I:49871	Meta-I:37645 | Meta-I:33695 | Meta-I:1752 | Meta-I:2471 | Meta-I:20244 | Meta-I:35927 | Meta-I:5852 | Meta-I:42676 | Meta-I:10422 | Meta-I:42703 | Meta-I:46553 | Meta-I:39678 | Meta-I:14894				7	
Z76.20_Meta-I:40489	RXN-I:1717 | RXN-I:6093 | RXN-I:4445 | RXN-I:26797 | RXN-I:6038 | RXN-I:33241 | RXN-I:33503	Meta-I:2471	Meta-I:40489	Meta-I:36088 | Meta-I:20040 | Meta-I:33045 | Meta-I:36855 | Meta-I:6501 | Meta-I:49871	Meta-I:37645 | Meta-I:33695 | Meta-I:1752 | Meta-I:2471 | Meta-I:20244 | Meta-I:35927 | Meta-I:5852 | Meta-I:42676 | Meta-I:381 | Meta-I:12409 | Meta-I:46553 | Meta-I:39678 | Meta-I:13179				7	
Z76.29_Meta-I:40489	RXN-I:1717 | RXN-I:6093 | RXN-I:4445 | RXN-I:26797 | RXN-I:6038 | RXN-I:20253 | RXN-I:19224	Meta-I:2471	Meta-I:40489	Meta-I:36088 | Meta-I:20040 | Meta-I:33045 | Meta-I:36855 | Meta-I:6501 | Meta-I:49871	Meta-I:37645 | Meta-I:33695 | Meta-I:1752 | Meta-I:2471 | Meta-I:20244 | Meta-I:35927 | Meta-I:5852 | Meta-I:42676 | Meta-I:40736 | Meta-I:24872 | Meta-I:46553 | Meta-I:39678 | Meta-I:14894				7	
Z76.25_Meta-I:40489	RXN-I:1717 | RXN-I:6093 | RXN-I:4445 | RXN-I:26797 | RXN-I:6038 | RXN-I:29613 | RXN-I:19224	Meta-I:2471	Meta-I:40489	Meta-I:36088 | Meta-I:20040 | Meta-I:33045 | Meta-I:36855 | Meta-I:6501 | Meta-I:49871	Meta-I:37645 | Meta-I:33695 | Meta-I:1752 | Meta-I:2471 | Meta-I:20244 | Meta-I:35927 | Meta-I:5852 | Meta-I:42676 | Meta-I:3333 | Meta-I:31533 | Meta-I:46553 | Meta-I:39678 | Meta-I:14894				7	
Z76.26_Meta-I:40489	RXN-I:1717 | RXN-I:6093 | RXN-I:4445 | RXN-I:26797 | RXN-I:6038 | RXN-I:22614 | RXN-I:19224	Meta-I:2471	Meta-I:40489	Meta-I:36088 | Meta-I:20040 | Meta-I:33045 | Meta-I:36855 | Meta-I:6501 | Meta-I:49871	Meta-I:37645 | Meta-I:33695 | Meta-I:1752 | Meta-I:2471 | Meta-I:20244 | Meta-I:35927 | Meta-I:5852 | Meta-I:42676 | Meta-I:52041 | Meta-I:40685 | Meta-I:40686 | Meta-I:46553 | Meta-I:39678 | Meta-I:14894				7	
Z76.27_Meta-I:40489	RXN-I:1717 | RXN-I:6093 | RXN-I:4445 | RXN-I:26797 | RXN-I:6038 | RXN-I:23921 | RXN-I:19224	Meta-I:2471	Meta-I:40489	Meta-I:36088 | Meta-I:20040 | Meta-I:33045 | Meta-I:36855 | Meta-I:6501 | Meta-I:49871	Meta-I:37645 | Meta-I:33695 | Meta-I:1752 | Meta-I:2471 | Meta-I:20244 | Meta-I:35927 | Meta-I:5852 | Meta-I:42676 | Meta-I:12557 | Meta-I:41596 | Meta-I:46553 | Meta-I:39678 | Meta-I:14894				7	
Z76.28_Meta-I:40489	RXN-I:1717 | RXN-I:6093 | RXN-I:4445 | RXN-I:26797 | RXN-I:6038 | RXN-I:8629 | RXN-I:19224	Meta-I:2471	Meta-I:40489	Meta-I:36088 | Meta-I:20040 | Meta-I:33045 | Meta-I:36855 | Meta-I:6501 | Meta-I:49871	Meta-I:37645 | Meta-I:33695 | Meta-I:1752 | Meta-I:2471 | Meta-I:20244 | Meta-I:35927 | Meta-I:5852 | Meta-I:42676 | Meta-I:27537 | Meta-I:12409 | Meta-I:46553 | Meta-I:39678 | Meta-I:14894				7	
Z76.3_Meta-I:40489	RXN-I:1717 | RXN-I:6093 | RXN-I:4445 | RXN-I:26797 | RXN-I:6038 | RXN-I:29613 | RXN-I:18091	Meta-I:2471	Meta-I:40489	Meta-I:36088 | Meta-I:20040 | Meta-I:33045 | Meta-I:36855 | Meta-I:6501 | Meta-I:49871	Meta-I:37645 | Meta-I:33695 | Meta-I:1752 | Meta-I:2471 | Meta-I:20244 | Meta-I:35927 | Meta-I:5852 | Meta-I:42676 | Meta-I:3333 | Meta-I:31533 | Meta-I:39678 | Meta-I:42741 | Meta-I:20239				7	
Z76.4_Meta-I:40489	RXN-I:1717 | RXN-I:6093 | RXN-I:4445 | RXN-I:26797 | RXN-I:6038 | RXN-I:22614 | RXN-I:18091	Meta-I:2471	Meta-I:40489	Meta-I:36088 | Meta-I:20040 | Meta-I:33045 | Meta-I:36855 | Meta-I:6501 | Meta-I:49871	Meta-I:37645 | Meta-I:33695 | Meta-I:1752 | Meta-I:2471 | Meta-I:20244 | Meta-I:35927 | Meta-I:5852 | Meta-I:42676 | Meta-I:52041 | Meta-I:40685 | Meta-I:40686 | Meta-I:39678 | Meta-I:42741 | Meta-I:20239				7	
Z76.1_Meta-I:40489	RXN-I:1717 | RXN-I:6093 | RXN-I:4445 | RXN-I:26797 | RXN-I:6038 | RXN-I:33517 | RXN-I:18091	Meta-I:2471	Meta-I:40489	Meta-I:36088 | Meta-I:20040 | Meta-I:33045 | Meta-I:36855 | Meta-I:6501 | Meta-I:49871	Meta-I:37645 | Meta-I:33695 | Meta-I:1752 | Meta-I:2471 | Meta-I:20244 | Meta-I:35927 | Meta-I:5852 | Meta-I:42676 | Meta-I:42953 | Meta-I:40729 | Meta-I:39678 | Meta-I:42741 | Meta-I:20239				7	
Z76.2_Meta-I:40489	RXN-I:1717 | RXN-I:6093 | RXN-I:4445 | RXN-I:26797 | RXN-I:6038 | RXN-I:15653 | RXN-I:18091	Meta-I:2471	Meta-I:40489	Meta-I:36088 | Meta-I:20040 | Meta-I:33045 | Meta-I:36855 | Meta-I:6501 | Meta-I:49871	Meta-I:37645 | Meta-I:33695 | Meta-I:1752 | Meta-I:2471 | Meta-I:20244 | Meta-I:35927 | Meta-I:5852 | Meta-I:42676 | Meta-I:10422 | Meta-I:42703 | Meta-I:39678 | Meta-I:42741 | Meta-I:20239				7	
Z76.10_Meta-I:40489	RXN-I:1717 | RXN-I:6093 | RXN-I:4445 | RXN-I:26797 | RXN-I:6038 | RXN-I:11370 | RXN-I:18091	Meta-I:2471	Meta-I:40489	Meta-I:36088 | Meta-I:20040 | Meta-I:33045 | Meta-I:36855 | Meta-I:6501 | Meta-I:49871	Meta-I:37645 | Meta-I:33695 | Meta-I:1752 | Meta-I:2471 | Meta-I:20244 | Meta-I:35927 | Meta-I:5852 | Meta-I:42676 | Meta-I:39859 | Meta-I:40134 | Meta-I:39678 | Meta-I:42741 | Meta-I:20239				7	
Z76.54_Meta-I:40489	RXN-I:1717 | RXN-I:6093 | RXN-I:4445 | RXN-I:26797 | RXN-I:6038 | RXN-I:11370 | RXN-I:11161	Meta-I:2471	Meta-I:40489	Meta-I:36088 | Meta-I:20040 | Meta-I:33045 | Meta-I:36855 | Meta-I:6501 | Meta-I:49871	Meta-I:37645 | Meta-I:33695 | Meta-I:1752 | Meta-I:2471 | Meta-I:20244 | Meta-I:35927 | Meta-I:5852 | Meta-I:42676 | Meta-I:39859 | Meta-I:40134 | Meta-I:39678 | Meta-I:14894 | Meta-I:20239				7	
Z76.11_Meta-I:40489	RXN-I:1717 | RXN-I:6093 | RXN-I:4445 | RXN-I:26797 | RXN-I:6038 | RXN-I:12471 | RXN-I:18091	Meta-I:2471	Meta-I:40489	Meta-I:36088 | Meta-I:20040 | Meta-I:33045 | Meta-I:36855 | Meta-I:6501 | Meta-I:49871	Meta-I:37645 | Meta-I:33695 | Meta-I:1752 | Meta-I:2471 | Meta-I:20244 | Meta-I:35927 | Meta-I:5852 | Meta-I:42676 | Meta-I:17262 | Meta-I:42081 | Meta-I:39678 | Meta-I:42741 | Meta-I:20239				7	
Z76.55_Meta-I:40489	RXN-I:1717 | RXN-I:6093 | RXN-I:4445 | RXN-I:26797 | RXN-I:6038 | RXN-I:12471 | RXN-I:11161	Meta-I:2471	Meta-I:40489	Meta-I:36088 | Meta-I:20040 | Meta-I:33045 | Meta-I:36855 | Meta-I:6501 | Meta-I:49871	Meta-I:37645 | Meta-I:33695 | Meta-I:1752 | Meta-I:2471 | Meta-I:20244 | Meta-I:35927 | Meta-I:5852 | Meta-I:42676 | Meta-I:17262 | Meta-I:42081 | Meta-I:39678 | Meta-I:14894 | Meta-I:20239				7	
Z76.12_Meta-I:40489	RXN-I:1717 | RXN-I:6093 | RXN-I:4445 | RXN-I:26797 | RXN-I:6038 | RXN-I:33517 | RXN-I:33503	Meta-I:2471	Meta-I:40489	Meta-I:36088 | Meta-I:20040 | Meta-I:33045 | Meta-I:36855 | Meta-I:6501 | Meta-I:49871	Meta-I:37645 | Meta-I:33695 | Meta-I:1752 | Meta-I:2471 | Meta-I:20244 | Meta-I:35927 | Meta-I:5852 | Meta-I:42676 | Meta-I:42953 | Meta-I:40729 | Meta-I:46553 | Meta-I:39678 | Meta-I:13179				7	
Z76.13_Meta-I:40489	RXN-I:1717 | RXN-I:6093 | RXN-I:4445 | RXN-I:26797 | RXN-I:6038 | RXN-I:15653 | RXN-I:33503	Meta-I:2471	Meta-I:40489	Meta-I:36088 | Meta-I:20040 | Meta-I:33045 | Meta-I:36855 | Meta-I:6501 | Meta-I:49871	Meta-I:37645 | Meta-I:33695 | Meta-I:1752 | Meta-I:2471 | Meta-I:20244 | Meta-I:35927 | Meta-I:5852 | Meta-I:42676 | Meta-I:10422 | Meta-I:42703 | Meta-I:46553 | Meta-I:39678 | Meta-I:13179				7	
Z76.50_Meta-I:40489	RXN-I:1717 | RXN-I:6093 | RXN-I:4445 | RXN-I:26797 | RXN-I:6038 | RXN-I:8629 | RXN-I:11161	Meta-I:2471	Meta-I:40489	Meta-I:36088 | Meta-I:20040 | Meta-I:33045 | Meta-I:36855 | Meta-I:6501 | Meta-I:49871	Meta-I:37645 | Meta-I:33695 | Meta-I:1752 | Meta-I:2471 | Meta-I:20244 | Meta-I:35927 | Meta-I:5852 | Meta-I:42676 | Meta-I:27537 | Meta-I:12409 | Meta-I:39678 | Meta-I:14894 | Meta-I:20239				7	
Z76.51_Meta-I:40489	RXN-I:1717 | RXN-I:6093 | RXN-I:4445 | RXN-I:26797 | RXN-I:6038 | RXN-I:20253 | RXN-I:11161	Meta-I:2471	Meta-I:40489	Meta-I:36088 | Meta-I:20040 | Meta-I:33045 | Meta-I:36855 | Meta-I:6501 | Meta-I:49871	Meta-I:37645 | Meta-I:33695 | Meta-I:1752 | Meta-I:2471 | Meta-I:20244 | Meta-I:35927 | Meta-I:5852 | Meta-I:42676 | Meta-I:40736 | Meta-I:24872 | Meta-I:39678 | Meta-I:14894 | Meta-I:20239				7	
Z76.52_Meta-I:40489	RXN-I:1717 | RXN-I:6093 | RXN-I:4445 | RXN-I:26797 | RXN-I:6038 | RXN-I:23597 | RXN-I:11161	Meta-I:2471	Meta-I:40489	Meta-I:36088 | Meta-I:20040 | Meta-I:33045 | Meta-I:36855 | Meta-I:6501 | Meta-I:49871	Meta-I:37645 | Meta-I:33695 | Meta-I:1752 | Meta-I:2471 | Meta-I:20244 | Meta-I:35927 | Meta-I:5852 | Meta-I:42676 | Meta-I:52041 | Meta-I:39678 | Meta-I:8501 | Meta-I:14894 | Meta-I:20239				7	
Z76.53_Meta-I:40489	RXN-I:1717 | RXN-I:6093 | RXN-I:4445 | RXN-I:26797 | RXN-I:6038 | RXN-I:33241 | RXN-I:11161	Meta-I:2471	Meta-I:40489	Meta-I:36088 | Meta-I:20040 | Meta-I:33045 | Meta-I:36855 | Meta-I:6501 | Meta-I:49871	Meta-I:37645 | Meta-I:33695 | Meta-I:1752 | Meta-I:2471 | Meta-I:20244 | Meta-I:35927 | Meta-I:5852 | Meta-I:42676 | Meta-I:381 | Meta-I:12409 | Meta-I:39678 | Meta-I:14894 | Meta-I:20239				7	
Z76.18_Meta-I:40489	RXN-I:1717 | RXN-I:6093 | RXN-I:4445 | RXN-I:26797 | RXN-I:6038 | RXN-I:20253 | RXN-I:33503	Meta-I:2471	Meta-I:40489	Meta-I:36088 | Meta-I:20040 | Meta-I:33045 | Meta-I:36855 | Meta-I:6501 | Meta-I:49871	Meta-I:37645 | Meta-I:33695 | Meta-I:1752 | Meta-I:2471 | Meta-I:20244 | Meta-I:35927 | Meta-I:5852 | Meta-I:42676 | Meta-I:40736 | Meta-I:24872 | Meta-I:46553 | Meta-I:39678 | Meta-I:13179				7	
Z76.19_Meta-I:40489	RXN-I:1717 | RXN-I:6093 | RXN-I:4445 | RXN-I:26797 | RXN-I:6038 | RXN-I:23597 | RXN-I:33503	Meta-I:2471	Meta-I:40489	Meta-I:36088 | Meta-I:20040 | Meta-I:33045 | Meta-I:36855 | Meta-I:6501 | Meta-I:49871	Meta-I:37645 | Meta-I:33695 | Meta-I:1752 | Meta-I:2471 | Meta-I:20244 | Meta-I:35927 | Meta-I:5852 | Meta-I:42676 | Meta-I:52041 | Meta-I:39678 | Meta-I:8501 | Meta-I:46553 | Meta-I:13179				7	
Z76.9_Meta-I:40489	RXN-I:1717 | RXN-I:6093 | RXN-I:4445 | RXN-I:26797 | RXN-I:6038 | RXN-I:33241 | RXN-I:18091	Meta-I:2471	Meta-I:40489	Meta-I:36088 | Meta-I:20040 | Meta-I:33045 | Meta-I:36855 | Meta-I:6501 | Meta-I:49871	Meta-I:37645 | Meta-I:33695 | Meta-I:1752 | Meta-I:2471 | Meta-I:20244 | Meta-I:35927 | Meta-I:5852 | Meta-I:42676 | Meta-I:381 | Meta-I:12409 | Meta-I:39678 | Meta-I:42741 | Meta-I:20239				7	
Z76.7_Meta-I:40489	RXN-I:1717 | RXN-I:6093 | RXN-I:4445 | RXN-I:26797 | RXN-I:6038 | RXN-I:20253 | RXN-I:18091	Meta-I:2471	Meta-I:40489	Meta-I:36088 | Meta-I:20040 | Meta-I:33045 | Meta-I:36855 | Meta-I:6501 | Meta-I:49871	Meta-I:37645 | Meta-I:33695 | Meta-I:1752 | Meta-I:2471 | Meta-I:20244 | Meta-I:35927 | Meta-I:5852 | Meta-I:42676 | Meta-I:40736 | Meta-I:24872 | Meta-I:39678 | Meta-I:42741 | Meta-I:20239				7	
Z76.14_Meta-I:40489	RXN-I:1717 | RXN-I:6093 | RXN-I:4445 | RXN-I:26797 | RXN-I:6038 | RXN-I:29613 | RXN-I:33503	Meta-I:2471	Meta-I:40489	Meta-I:36088 | Meta-I:20040 | Meta-I:33045 | Meta-I:36855 | Meta-I:6501 | Meta-I:49871	Meta-I:37645 | Meta-I:33695 | Meta-I:1752 | Meta-I:2471 | Meta-I:20244 | Meta-I:35927 | Meta-I:5852 | Meta-I:42676 | Meta-I:3333 | Meta-I:31533 | Meta-I:46553 | Meta-I:39678 | Meta-I:13179				7	
Z76.8_Meta-I:40489	RXN-I:1717 | RXN-I:6093 | RXN-I:4445 | RXN-I:26797 | RXN-I:6038 | RXN-I:23597 | RXN-I:18091	Meta-I:2471	Meta-I:40489	Meta-I:36088 | Meta-I:20040 | Meta-I:33045 | Meta-I:36855 | Meta-I:6501 | Meta-I:49871	Meta-I:37645 | Meta-I:33695 | Meta-I:1752 | Meta-I:2471 | Meta-I:20244 | Meta-I:35927 | Meta-I:5852 | Meta-I:42676 | Meta-I:52041 | Meta-I:39678 | Meta-I:8501 | Meta-I:42741 | Meta-I:20239				7	
Z76.15_Meta-I:40489	RXN-I:1717 | RXN-I:6093 | RXN-I:4445 | RXN-I:26797 | RXN-I:6038 | RXN-I:22614 | RXN-I:33503	Meta-I:2471	Meta-I:40489	Meta-I:36088 | Meta-I:20040 | Meta-I:33045 | Meta-I:36855 | Meta-I:6501 | Meta-I:49871	Meta-I:37645 | Meta-I:33695 | Meta-I:1752 | Meta-I:2471 | Meta-I:20244 | Meta-I:35927 | Meta-I:5852 | Meta-I:42676 | Meta-I:52041 | Meta-I:40685 | Meta-I:40686 | Meta-I:46553 | Meta-I:39678 | Meta-I:13179				7	
Z76.5_Meta-I:40489	RXN-I:1717 | RXN-I:6093 | RXN-I:4445 | RXN-I:26797 | RXN-I:6038 | RXN-I:23921 | RXN-I:18091	Meta-I:2471	Meta-I:40489	Meta-I:36088 | Meta-I:20040 | Meta-I:33045 | Meta-I:36855 | Meta-I:6501 | Meta-I:49871	Meta-I:37645 | Meta-I:33695 | Meta-I:1752 | Meta-I:2471 | Meta-I:20244 | Meta-I:35927 | Meta-I:5852 | Meta-I:42676 | Meta-I:12557 | Meta-I:41596 | Meta-I:39678 | Meta-I:42741 | Meta-I:20239				7	
Z76.16_Meta-I:40489	RXN-I:1717 | RXN-I:6093 | RXN-I:4445 | RXN-I:26797 | RXN-I:6038 | RXN-I:23921 | RXN-I:33503	Meta-I:2471	Meta-I:40489	Meta-I:36088 | Meta-I:20040 | Meta-I:33045 | Meta-I:36855 | Meta-I:6501 | Meta-I:49871	Meta-I:37645 | Meta-I:33695 | Meta-I:1752 | Meta-I:2471 | Meta-I:20244 | Meta-I:35927 | Meta-I:5852 | Meta-I:42676 | Meta-I:12557 | Meta-I:41596 | Meta-I:46553 | Meta-I:39678 | Meta-I:13179				7	
Z76.6_Meta-I:40489	RXN-I:1717 | RXN-I:6093 | RXN-I:4445 | RXN-I:26797 | RXN-I:6038 | RXN-I:8629 | RXN-I:18091	Meta-I:2471	Meta-I:40489	Meta-I:36088 | Meta-I:20040 | Meta-I:33045 | Meta-I:36855 | Meta-I:6501 | Meta-I:49871	Meta-I:37645 | Meta-I:33695 | Meta-I:1752 | Meta-I:2471 | Meta-I:20244 | Meta-I:35927 | Meta-I:5852 | Meta-I:42676 | Meta-I:27537 | Meta-I:12409 | Meta-I:39678 | Meta-I:42741 | Meta-I:20239				7	
Z76.17_Meta-I:40489	RXN-I:1717 | RXN-I:6093 | RXN-I:4445 | RXN-I:26797 | RXN-I:6038 | RXN-I:8629 | RXN-I:33503	Meta-I:2471	Meta-I:40489	Meta-I:36088 | Meta-I:20040 | Meta-I:33045 | Meta-I:36855 | Meta-I:6501 | Meta-I:49871	Meta-I:37645 | Meta-I:33695 | Meta-I:1752 | Meta-I:2471 | Meta-I:20244 | Meta-I:35927 | Meta-I:5852 | Meta-I:42676 | Meta-I:27537 | Meta-I:12409 | Meta-I:46553 | Meta-I:39678 | Meta-I:13179				7	
Z76.43_Meta-I:40489	RXN-I:1717 | RXN-I:6093 | RXN-I:4445 | RXN-I:26797 | RXN-I:6038 | RXN-I:11370 | RXN-I:32808	Meta-I:2471	Meta-I:40489	Meta-I:36088 | Meta-I:20040 | Meta-I:33045 | Meta-I:36855 | Meta-I:6501 | Meta-I:49871	Meta-I:37645 | Meta-I:33695 | Meta-I:1752 | Meta-I:2471 | Meta-I:20244 | Meta-I:35927 | Meta-I:5852 | Meta-I:42676 | Meta-I:39859 | Meta-I:40134 | Meta-I:46553 | Meta-I:39678 | Meta-I:42741				7	
Z76.44_Meta-I:40489	RXN-I:1717 | RXN-I:6093 | RXN-I:4445 | RXN-I:26797 | RXN-I:6038 | RXN-I:12471 | RXN-I:32808	Meta-I:2471	Meta-I:40489	Meta-I:36088 | Meta-I:20040 | Meta-I:33045 | Meta-I:36855 | Meta-I:6501 | Meta-I:49871	Meta-I:37645 | Meta-I:33695 | Meta-I:1752 | Meta-I:2471 | Meta-I:20244 | Meta-I:35927 | Meta-I:5852 | Meta-I:42676 | Meta-I:17262 | Meta-I:42081 | Meta-I:46553 | Meta-I:39678 | Meta-I:42741				7	
Z76.45_Meta-I:40489	RXN-I:1717 | RXN-I:6093 | RXN-I:4445 | RXN-I:26797 | RXN-I:6038 | RXN-I:33517 | RXN-I:11161	Meta-I:2471	Meta-I:40489	Meta-I:36088 | Meta-I:20040 | Meta-I:33045 | Meta-I:36855 | Meta-I:6501 | Meta-I:49871	Meta-I:37645 | Meta-I:33695 | Meta-I:1752 | Meta-I:2471 | Meta-I:20244 | Meta-I:35927 | Meta-I:5852 | Meta-I:42676 | Meta-I:42953 | Meta-I:40729 | Meta-I:39678 | Meta-I:14894 | Meta-I:20239				7	
Z76.46_Meta-I:40489	RXN-I:1717 | RXN-I:6093 | RXN-I:4445 | RXN-I:26797 | RXN-I:6038 | RXN-I:15653 | RXN-I:11161	Meta-I:2471	Meta-I:40489	Meta-I:36088 | Meta-I:20040 | Meta-I:33045 | Meta-I:36855 | Meta-I:6501 | Meta-I:49871	Meta-I:37645 | Meta-I:33695 | Meta-I:1752 | Meta-I:2471 | Meta-I:20244 | Meta-I:35927 | Meta-I:5852 | Meta-I:42676 | Meta-I:10422 | Meta-I:42703 | Meta-I:39678 | Meta-I:14894 | Meta-I:20239				7	
Z49.7_Meta-I:40489	RXN-I:1717 | RXN-I:6093 | RXN-I:4445 | RXN-I:26797 | RXN-I:29964 | RXN-I:8506	Meta-I:2471	Meta-I:40489	Meta-I:36088 | Meta-I:20040 | Meta-I:33045 | Meta-I:36855 | Meta-I:48530	Meta-I:37645 | Meta-I:33695 | Meta-I:1752 | Meta-I:2471 | Meta-I:20244 | Meta-I:35927 | Meta-I:5852 | Meta-I:40685 | Meta-I:40686 | Meta-I:52041 | Meta-I:42676				6	
Z49.8_Meta-I:40489	RXN-I:1717 | RXN-I:6093 | RXN-I:4445 | RXN-I:26797 | RXN-I:25401 | RXN-I:8506	Meta-I:2471	Meta-I:40489	Meta-I:36088 | Meta-I:20040 | Meta-I:33045 | Meta-I:36855 | Meta-I:48530	Meta-I:37645 | Meta-I:33695 | Meta-I:1752 | Meta-I:2471 | Meta-I:20244 | Meta-I:35927 | Meta-I:5852 | Meta-I:40688 | Meta-I:40690 | Meta-I:52041 | Meta-I:40685 | Meta-I:40686 | Meta-I:42676				6	
Z76.40_Meta-I:40489	RXN-I:1717 | RXN-I:6093 | RXN-I:4445 | RXN-I:26797 | RXN-I:6038 | RXN-I:20253 | RXN-I:32808	Meta-I:2471	Meta-I:40489	Meta-I:36088 | Meta-I:20040 | Meta-I:33045 | Meta-I:36855 | Meta-I:6501 | Meta-I:49871	Meta-I:37645 | Meta-I:33695 | Meta-I:1752 | Meta-I:2471 | Meta-I:20244 | Meta-I:35927 | Meta-I:5852 | Meta-I:42676 | Meta-I:40736 | Meta-I:24872 | Meta-I:46553 | Meta-I:39678 | Meta-I:42741				7	
Z49.9_Meta-I:40489	RXN-I:1717 | RXN-I:6093 | RXN-I:4445 | RXN-I:26797 | RXN-I:29964 | RXN-I:26281	Meta-I:2471	Meta-I:40489	Meta-I:36088 | Meta-I:20040 | Meta-I:33045 | Meta-I:36855 | Meta-I:48530	Meta-I:37645 | Meta-I:33695 | Meta-I:1752 | Meta-I:2471 | Meta-I:20244 | Meta-I:35927 | Meta-I:5852 | Meta-I:40685 | Meta-I:40686 | Meta-I:42953 | Meta-I:40729				6	
Z76.41_Meta-I:40489	RXN-I:1717 | RXN-I:6093 | RXN-I:4445 | RXN-I:26797 | RXN-I:6038 | RXN-I:23597 | RXN-I:32808	Meta-I:2471	Meta-I:40489	Meta-I:36088 | Meta-I:20040 | Meta-I:33045 | Meta-I:36855 | Meta-I:6501 | Meta-I:49871	Meta-I:37645 | Meta-I:33695 | Meta-I:1752 | Meta-I:2471 | Meta-I:20244 | Meta-I:35927 | Meta-I:5852 | Meta-I:42676 | Meta-I:52041 | Meta-I:39678 | Meta-I:8501 | Meta-I:46553 | Meta-I:42741				7	
Z76.42_Meta-I:40489	RXN-I:1717 | RXN-I:6093 | RXN-I:4445 | RXN-I:26797 | RXN-I:6038 | RXN-I:33241 | RXN-I:32808	Meta-I:2471	Meta-I:40489	Meta-I:36088 | Meta-I:20040 | Meta-I:33045 | Meta-I:36855 | Meta-I:6501 | Meta-I:49871	Meta-I:37645 | Meta-I:33695 | Meta-I:1752 | Meta-I:2471 | Meta-I:20244 | Meta-I:35927 | Meta-I:5852 | Meta-I:42676 | Meta-I:381 | Meta-I:12409 | Meta-I:46553 | Meta-I:39678 | Meta-I:42741				7	
Z49.3_Meta-I:40489	RXN-I:1717 | RXN-I:6093 | RXN-I:4445 | RXN-I:26797 | RXN-I:29964 | RXN-I:33825	Meta-I:2471	Meta-I:40489	Meta-I:36088 | Meta-I:20040 | Meta-I:33045 | Meta-I:36855 | Meta-I:48530	Meta-I:37645 | Meta-I:33695 | Meta-I:1752 | Meta-I:2471 | Meta-I:20244 | Meta-I:35927 | Meta-I:5852 | Meta-I:40685 | Meta-I:40686 | Meta-I:10422 | Meta-I:42703				6	
Z49.4_Meta-I:40489	RXN-I:1717 | RXN-I:6093 | RXN-I:4445 | RXN-I:26797 | RXN-I:25401 | RXN-I:33825	Meta-I:2471	Meta-I:40489	Meta-I:36088 | Meta-I:20040 | Meta-I:33045 | Meta-I:36855 | Meta-I:48530	Meta-I:37645 | Meta-I:33695 | Meta-I:1752 | Meta-I:2471 | Meta-I:20244 | Meta-I:35927 | Meta-I:5852 | Meta-I:40688 | Meta-I:40690 | Meta-I:10422 | Meta-I:42703				6	
Z49.5_Meta-I:40489	RXN-I:1717 | RXN-I:6093 | RXN-I:4445 | RXN-I:26797 | RXN-I:29964 | RXN-I:4259	Meta-I:2471	Meta-I:40489	Meta-I:36088 | Meta-I:20040 | Meta-I:33045 | Meta-I:36855 | Meta-I:48530	Meta-I:37645 | Meta-I:33695 | Meta-I:1752 | Meta-I:2471 | Meta-I:20244 | Meta-I:35927 | Meta-I:5852 | Meta-I:40685 | Meta-I:40686 | Meta-I:39859 | Meta-I:40134				6	
Z49.6_Meta-I:40489	RXN-I:1717 | RXN-I:6093 | RXN-I:4445 | RXN-I:26797 | RXN-I:25401 | RXN-I:4259	Meta-I:2471	Meta-I:40489	Meta-I:36088 | Meta-I:20040 | Meta-I:33045 | Meta-I:36855 | Meta-I:48530	Meta-I:37645 | Meta-I:33695 | Meta-I:1752 | Meta-I:2471 | Meta-I:20244 | Meta-I:35927 | Meta-I:5852 | Meta-I:40688 | Meta-I:40690 | Meta-I:39859 | Meta-I:40134				6	
Z76.47_Meta-I:40489	RXN-I:1717 | RXN-I:6093 | RXN-I:4445 | RXN-I:26797 | RXN-I:6038 | RXN-I:29613 | RXN-I:11161	Meta-I:2471	Meta-I:40489	Meta-I:36088 | Meta-I:20040 | Meta-I:33045 | Meta-I:36855 | Meta-I:6501 | Meta-I:49871	Meta-I:37645 | Meta-I:33695 | Meta-I:1752 | Meta-I:2471 | Meta-I:20244 | Meta-I:35927 | Meta-I:5852 | Meta-I:42676 | Meta-I:3333 | Meta-I:31533 | Meta-I:39678 | Meta-I:14894 | Meta-I:20239				7	
Z76.48_Meta-I:40489	RXN-I:1717 | RXN-I:6093 | RXN-I:4445 | RXN-I:26797 | RXN-I:6038 | RXN-I:22614 | RXN-I:11161	Meta-I:2471	Meta-I:40489	Meta-I:36088 | Meta-I:20040 | Meta-I:33045 | Meta-I:36855 | Meta-I:6501 | Meta-I:49871	Meta-I:37645 | Meta-I:33695 | Meta-I:1752 | Meta-I:2471 | Meta-I:20244 | Meta-I:35927 | Meta-I:5852 | Meta-I:42676 | Meta-I:52041 | Meta-I:40685 | Meta-I:40686 | Meta-I:39678 | Meta-I:14894 | Meta-I:20239				7	
Z49.1_Meta-I:40489	RXN-I:1717 | RXN-I:6093 | RXN-I:4445 | RXN-I:26797 | RXN-I:29964 | RXN-I:27532	Meta-I:2471	Meta-I:40489	Meta-I:36088 | Meta-I:20040 | Meta-I:33045 | Meta-I:36855 | Meta-I:48530	Meta-I:37645 | Meta-I:33695 | Meta-I:1752 | Meta-I:2471 | Meta-I:20244 | Meta-I:35927 | Meta-I:5852 | Meta-I:40685 | Meta-I:40686 | Meta-I:17262 | Meta-I:42081				6	
Z76.49_Meta-I:40489	RXN-I:1717 | RXN-I:6093 | RXN-I:4445 | RXN-I:26797 | RXN-I:6038 | RXN-I:23921 | RXN-I:11161	Meta-I:2471	Meta-I:40489	Meta-I:36088 | Meta-I:20040 | Meta-I:33045 | Meta-I:36855 | Meta-I:6501 | Meta-I:49871	Meta-I:37645 | Meta-I:33695 | Meta-I:1752 | Meta-I:2471 | Meta-I:20244 | Meta-I:35927 | Meta-I:5852 | Meta-I:42676 | Meta-I:12557 | Meta-I:41596 | Meta-I:39678 | Meta-I:14894 | Meta-I:20239				7	
Z49.2_Meta-I:40489	RXN-I:1717 | RXN-I:6093 | RXN-I:4445 | RXN-I:26797 | RXN-I:25401 | RXN-I:27532	Meta-I:2471	Meta-I:40489	Meta-I:36088 | Meta-I:20040 | Meta-I:33045 | Meta-I:36855 | Meta-I:48530	Meta-I:37645 | Meta-I:33695 | Meta-I:1752 | Meta-I:2471 | Meta-I:20244 | Meta-I:35927 | Meta-I:5852 | Meta-I:40688 | Meta-I:40690 | Meta-I:17262 | Meta-I:42081				6	
