P_PR_UID	P_PR_REACTIONS	P_PR_ORIGIN	P_PR_TARGET	P_PR_INTERMEDIATES	P_PR_BOUNDARY	P_RF_PUBMED	P_MT_SCORE	P_MT_MAXYIELD	P_MT_LENGTH	P_MT_FEASIBILITY
Z576.4_Meta-I:32683	RXN-I:3335 | RXN-I:6785 | RXN-I:22000 | RXN-I:36031 | RXN-I:46446 | RXN-I:29778	Meta-I:34930	Meta-I:32683	Meta-I:46329 | Meta-I:29908 | Meta-I:51388 | Meta-I:692016 | Meta-I:5937	Meta-I:39678 | Meta-I:5852 | Meta-I:39867 | Meta-I:34930 | Meta-I:40729 | Meta-I:40688 | Meta-I:40690 | Meta-I:42676 | Meta-I:1752				6	
Z576.5_Meta-I:32683	RXN-I:3335 | RXN-I:24192 | RXN-I:19604 | RXN-I:36031 | RXN-I:46446 | RXN-I:29923	Meta-I:34930	Meta-I:32683	Meta-I:46329 | Meta-I:29908 | Meta-I:51388 | Meta-I:692016 | Meta-I:5937	Meta-I:39678 | Meta-I:5852 | Meta-I:39867 | Meta-I:34930 | Meta-I:40729 | Meta-I:1752 | Meta-I:40688 | Meta-I:42676 | Meta-I:40690				6	
Z576.6_Meta-I:32683	RXN-I:3335 | RXN-I:6785 | RXN-I:19604 | RXN-I:36031 | RXN-I:46446 | RXN-I:29923	Meta-I:34930	Meta-I:32683	Meta-I:46329 | Meta-I:29908 | Meta-I:51388 | Meta-I:692016 | Meta-I:5937	Meta-I:39678 | Meta-I:5852 | Meta-I:39867 | Meta-I:34930 | Meta-I:40729 | Meta-I:40688 | Meta-I:40690 | Meta-I:1752 | Meta-I:42676				6	
Z576.7_Meta-I:32683	RXN-I:3335 | RXN-I:24192 | RXN-I:22000 | RXN-I:36031 | RXN-I:46446 | RXN-I:29923	Meta-I:34930	Meta-I:32683	Meta-I:46329 | Meta-I:29908 | Meta-I:51388 | Meta-I:692016 | Meta-I:5937	Meta-I:39678 | Meta-I:5852 | Meta-I:39867 | Meta-I:34930 | Meta-I:40729 | Meta-I:1752 | Meta-I:40688 | Meta-I:42676 | Meta-I:40690				6	
Z576.8_Meta-I:32683	RXN-I:3335 | RXN-I:6785 | RXN-I:22000 | RXN-I:36031 | RXN-I:46446 | RXN-I:29923	Meta-I:34930	Meta-I:32683	Meta-I:46329 | Meta-I:29908 | Meta-I:51388 | Meta-I:692016 | Meta-I:5937	Meta-I:39678 | Meta-I:5852 | Meta-I:39867 | Meta-I:34930 | Meta-I:40729 | Meta-I:40688 | Meta-I:40690 | Meta-I:42676 | Meta-I:1752				6	
Z576.9_Meta-I:32683	RXN-I:3335 | RXN-I:24192 | RXN-I:19604 | RXN-I:36031 | RXN-I:46446 | RXN-I:29685	Meta-I:34930	Meta-I:32683	Meta-I:46329 | Meta-I:29908 | Meta-I:51388 | Meta-I:692016 | Meta-I:5937	Meta-I:39678 | Meta-I:5852 | Meta-I:39867 | Meta-I:34930 | Meta-I:40729 | Meta-I:1752 | Meta-I:40688 | Meta-I:42676 | Meta-I:40690				6	
Z1143.2_Meta-I:32683	RXN-I:22256 | RXN-I:11606 | RXN-I:19604 | RXN-I:10510 | RXN-I:29778	Meta-I:34930	Meta-I:32683	Meta-I:79 | Meta-I:29908 | Meta-I:51388 | Meta-I:5937	Meta-I:39678 | Meta-I:34930 | Meta-I:40688 | Meta-I:40690 | Meta-I:5852 | Meta-I:39867 | Meta-I:40729 | Meta-I:1752 | Meta-I:42676				5	
Z1143.1_Meta-I:32683	RXN-I:14214 | RXN-I:11606 | RXN-I:19604 | RXN-I:10510 | RXN-I:29778	Meta-I:34930	Meta-I:32683	Meta-I:79 | Meta-I:29908 | Meta-I:51388 | Meta-I:5937	Meta-I:39678 | Meta-I:34930 | Meta-I:1752 | Meta-I:40688 | Meta-I:42676 | Meta-I:40690 | Meta-I:5852 | Meta-I:39867 | Meta-I:40729				5	
Z1143.4_Meta-I:32683	RXN-I:22256 | RXN-I:11606 | RXN-I:22000 | RXN-I:10510 | RXN-I:29778	Meta-I:34930	Meta-I:32683	Meta-I:79 | Meta-I:29908 | Meta-I:51388 | Meta-I:5937	Meta-I:39678 | Meta-I:34930 | Meta-I:40688 | Meta-I:40690 | Meta-I:5852 | Meta-I:39867 | Meta-I:40729 | Meta-I:42676 | Meta-I:1752				5	
Z1143.3_Meta-I:32683	RXN-I:14214 | RXN-I:11606 | RXN-I:22000 | RXN-I:10510 | RXN-I:29778	Meta-I:34930	Meta-I:32683	Meta-I:79 | Meta-I:29908 | Meta-I:51388 | Meta-I:5937	Meta-I:39678 | Meta-I:34930 | Meta-I:1752 | Meta-I:40688 | Meta-I:42676 | Meta-I:40690 | Meta-I:5852 | Meta-I:39867 | Meta-I:40729				5	
Z4.4_Meta-I:32683	RXN-I:3335 | RXN-I:6785 | RXN-I:22000 | RXN-I:36031 | RXN-I:46446 | RXN-I:29942	Meta-I:34930	Meta-I:32683	Meta-I:46329 | Meta-I:29908 | Meta-I:51388 | Meta-I:692016 | Meta-I:5937	Meta-I:39678 | Meta-I:5852 | Meta-I:39867 | Meta-I:34930 | Meta-I:40729 | Meta-I:40688 | Meta-I:40690 | Meta-I:42676 | Meta-I:1752				6	
Z290.9_Meta-I:32683	RXN-I:3335 | RXN-I:24192 | RXN-I:19604 | RXN-I:35775 | RXN-I:29942	Meta-I:34930	Meta-I:32683	Meta-I:46329 | Meta-I:29908 | Meta-I:51388 | Meta-I:5937	Meta-I:39678 | Meta-I:5852 | Meta-I:39867 | Meta-I:34930 | Meta-I:40729 | Meta-I:1752 | Meta-I:40688 | Meta-I:42676 | Meta-I:40690				5	
Z290.8_Meta-I:32683	RXN-I:3335 | RXN-I:6785 | RXN-I:22000 | RXN-I:10564 | RXN-I:29942	Meta-I:34930	Meta-I:32683	Meta-I:46329 | Meta-I:29908 | Meta-I:51388 | Meta-I:5937	Meta-I:39678 | Meta-I:5852 | Meta-I:39867 | Meta-I:34930 | Meta-I:40729 | Meta-I:40688 | Meta-I:40690 | Meta-I:42676 | Meta-I:1752				5	
Z290.7_Meta-I:32683	RXN-I:3335 | RXN-I:24192 | RXN-I:22000 | RXN-I:10564 | RXN-I:29942	Meta-I:34930	Meta-I:32683	Meta-I:46329 | Meta-I:29908 | Meta-I:51388 | Meta-I:5937	Meta-I:39678 | Meta-I:5852 | Meta-I:39867 | Meta-I:34930 | Meta-I:40729 | Meta-I:1752 | Meta-I:40688 | Meta-I:42676 | Meta-I:40690				5	
Z290.6_Meta-I:32683	RXN-I:3335 | RXN-I:6785 | RXN-I:19604 | RXN-I:10564 | RXN-I:29942	Meta-I:34930	Meta-I:32683	Meta-I:46329 | Meta-I:29908 | Meta-I:51388 | Meta-I:5937	Meta-I:39678 | Meta-I:5852 | Meta-I:39867 | Meta-I:34930 | Meta-I:40729 | Meta-I:40688 | Meta-I:40690 | Meta-I:1752 | Meta-I:42676				5	
Z290.5_Meta-I:32683	RXN-I:3335 | RXN-I:24192 | RXN-I:19604 | RXN-I:10564 | RXN-I:29942	Meta-I:34930	Meta-I:32683	Meta-I:46329 | Meta-I:29908 | Meta-I:51388 | Meta-I:5937	Meta-I:39678 | Meta-I:5852 | Meta-I:39867 | Meta-I:34930 | Meta-I:40729 | Meta-I:1752 | Meta-I:40688 | Meta-I:42676 | Meta-I:40690				5	
Z290.4_Meta-I:32683	RXN-I:3335 | RXN-I:6785 | RXN-I:22000 | RXN-I:10510 | RXN-I:29942	Meta-I:34930	Meta-I:32683	Meta-I:46329 | Meta-I:29908 | Meta-I:51388 | Meta-I:5937	Meta-I:39678 | Meta-I:5852 | Meta-I:39867 | Meta-I:34930 | Meta-I:40729 | Meta-I:40688 | Meta-I:40690 | Meta-I:42676 | Meta-I:1752				5	
Z290.3_Meta-I:32683	RXN-I:3335 | RXN-I:24192 | RXN-I:22000 | RXN-I:10510 | RXN-I:29942	Meta-I:34930	Meta-I:32683	Meta-I:46329 | Meta-I:29908 | Meta-I:51388 | Meta-I:5937	Meta-I:39678 | Meta-I:5852 | Meta-I:39867 | Meta-I:34930 | Meta-I:40729 | Meta-I:1752 | Meta-I:40688 | Meta-I:42676 | Meta-I:40690				5	
Z290.2_Meta-I:32683	RXN-I:3335 | RXN-I:6785 | RXN-I:19604 | RXN-I:10510 | RXN-I:29942	Meta-I:34930	Meta-I:32683	Meta-I:46329 | Meta-I:29908 | Meta-I:51388 | Meta-I:5937	Meta-I:39678 | Meta-I:5852 | Meta-I:39867 | Meta-I:34930 | Meta-I:40729 | Meta-I:40688 | Meta-I:40690 | Meta-I:1752 | Meta-I:42676				5	
Z290.1_Meta-I:32683	RXN-I:3335 | RXN-I:24192 | RXN-I:19604 | RXN-I:10510 | RXN-I:29942	Meta-I:34930	Meta-I:32683	Meta-I:46329 | Meta-I:29908 | Meta-I:51388 | Meta-I:5937	Meta-I:39678 | Meta-I:5852 | Meta-I:39867 | Meta-I:34930 | Meta-I:40729 | Meta-I:1752 | Meta-I:40688 | Meta-I:42676 | Meta-I:40690				5	
Z4.1_Meta-I:32683	RXN-I:3335 | RXN-I:24192 | RXN-I:19604 | RXN-I:36031 | RXN-I:46446 | RXN-I:29942	Meta-I:34930	Meta-I:32683	Meta-I:46329 | Meta-I:29908 | Meta-I:51388 | Meta-I:692016 | Meta-I:5937	Meta-I:39678 | Meta-I:5852 | Meta-I:39867 | Meta-I:34930 | Meta-I:40729 | Meta-I:1752 | Meta-I:40688 | Meta-I:42676 | Meta-I:40690				6	
Z4.3_Meta-I:32683	RXN-I:3335 | RXN-I:24192 | RXN-I:22000 | RXN-I:36031 | RXN-I:46446 | RXN-I:29942	Meta-I:34930	Meta-I:32683	Meta-I:46329 | Meta-I:29908 | Meta-I:51388 | Meta-I:692016 | Meta-I:5937	Meta-I:39678 | Meta-I:5852 | Meta-I:39867 | Meta-I:34930 | Meta-I:40729 | Meta-I:1752 | Meta-I:40688 | Meta-I:42676 | Meta-I:40690				6	
Z4.2_Meta-I:32683	RXN-I:3335 | RXN-I:6785 | RXN-I:19604 | RXN-I:36031 | RXN-I:46446 | RXN-I:29942	Meta-I:34930	Meta-I:32683	Meta-I:46329 | Meta-I:29908 | Meta-I:51388 | Meta-I:692016 | Meta-I:5937	Meta-I:39678 | Meta-I:5852 | Meta-I:39867 | Meta-I:34930 | Meta-I:40729 | Meta-I:40688 | Meta-I:40690 | Meta-I:1752 | Meta-I:42676				6	
Z857.1_Meta-I:32683	RXN-I:14214 | RXN-I:11606 | RXN-I:19604 | RXN-I:36031 | RXN-I:46446 | RXN-I:29778	Meta-I:34930	Meta-I:32683	Meta-I:79 | Meta-I:29908 | Meta-I:51388 | Meta-I:692016 | Meta-I:5937	Meta-I:39678 | Meta-I:34930 | Meta-I:1752 | Meta-I:40688 | Meta-I:42676 | Meta-I:40690 | Meta-I:5852 | Meta-I:39867 | Meta-I:40729				6	
Z857.4_Meta-I:32683	RXN-I:22256 | RXN-I:11606 | RXN-I:22000 | RXN-I:36031 | RXN-I:46446 | RXN-I:29778	Meta-I:34930	Meta-I:32683	Meta-I:79 | Meta-I:29908 | Meta-I:51388 | Meta-I:692016 | Meta-I:5937	Meta-I:39678 | Meta-I:34930 | Meta-I:40688 | Meta-I:40690 | Meta-I:5852 | Meta-I:39867 | Meta-I:40729 | Meta-I:42676 | Meta-I:1752				6	
Z857.5_Meta-I:32683	RXN-I:14214 | RXN-I:11606 | RXN-I:19604 | RXN-I:36031 | RXN-I:46446 | RXN-I:29923	Meta-I:34930	Meta-I:32683	Meta-I:79 | Meta-I:29908 | Meta-I:51388 | Meta-I:692016 | Meta-I:5937	Meta-I:39678 | Meta-I:34930 | Meta-I:1752 | Meta-I:40688 | Meta-I:42676 | Meta-I:40690 | Meta-I:5852 | Meta-I:39867 | Meta-I:40729				6	
Z857.2_Meta-I:32683	RXN-I:22256 | RXN-I:11606 | RXN-I:19604 | RXN-I:36031 | RXN-I:46446 | RXN-I:29778	Meta-I:34930	Meta-I:32683	Meta-I:79 | Meta-I:29908 | Meta-I:51388 | Meta-I:692016 | Meta-I:5937	Meta-I:39678 | Meta-I:34930 | Meta-I:40688 | Meta-I:40690 | Meta-I:5852 | Meta-I:39867 | Meta-I:40729 | Meta-I:1752 | Meta-I:42676				6	
Z857.3_Meta-I:32683	RXN-I:14214 | RXN-I:11606 | RXN-I:22000 | RXN-I:36031 | RXN-I:46446 | RXN-I:29778	Meta-I:34930	Meta-I:32683	Meta-I:79 | Meta-I:29908 | Meta-I:51388 | Meta-I:692016 | Meta-I:5937	Meta-I:39678 | Meta-I:34930 | Meta-I:1752 | Meta-I:40688 | Meta-I:42676 | Meta-I:40690 | Meta-I:5852 | Meta-I:39867 | Meta-I:40729				6	
Z857.8_Meta-I:32683	RXN-I:22256 | RXN-I:11606 | RXN-I:22000 | RXN-I:36031 | RXN-I:46446 | RXN-I:29923	Meta-I:34930	Meta-I:32683	Meta-I:79 | Meta-I:29908 | Meta-I:51388 | Meta-I:692016 | Meta-I:5937	Meta-I:39678 | Meta-I:34930 | Meta-I:40688 | Meta-I:40690 | Meta-I:5852 | Meta-I:39867 | Meta-I:40729 | Meta-I:42676 | Meta-I:1752				6	
Z857.9_Meta-I:32683	RXN-I:14214 | RXN-I:11606 | RXN-I:19604 | RXN-I:36031 | RXN-I:46446 | RXN-I:29685	Meta-I:34930	Meta-I:32683	Meta-I:79 | Meta-I:29908 | Meta-I:51388 | Meta-I:692016 | Meta-I:5937	Meta-I:39678 | Meta-I:34930 | Meta-I:1752 | Meta-I:40688 | Meta-I:42676 | Meta-I:40690 | Meta-I:5852 | Meta-I:39867 | Meta-I:40729				6	
Z857.6_Meta-I:32683	RXN-I:22256 | RXN-I:11606 | RXN-I:19604 | RXN-I:36031 | RXN-I:46446 | RXN-I:29923	Meta-I:34930	Meta-I:32683	Meta-I:79 | Meta-I:29908 | Meta-I:51388 | Meta-I:692016 | Meta-I:5937	Meta-I:39678 | Meta-I:34930 | Meta-I:40688 | Meta-I:40690 | Meta-I:5852 | Meta-I:39867 | Meta-I:40729 | Meta-I:1752 | Meta-I:42676				6	
Z857.7_Meta-I:32683	RXN-I:14214 | RXN-I:11606 | RXN-I:22000 | RXN-I:36031 | RXN-I:46446 | RXN-I:29923	Meta-I:34930	Meta-I:32683	Meta-I:79 | Meta-I:29908 | Meta-I:51388 | Meta-I:692016 | Meta-I:5937	Meta-I:39678 | Meta-I:34930 | Meta-I:1752 | Meta-I:40688 | Meta-I:42676 | Meta-I:40690 | Meta-I:5852 | Meta-I:39867 | Meta-I:40729				6	
Z1143.6_Meta-I:32683	RXN-I:22256 | RXN-I:11606 | RXN-I:19604 | RXN-I:10564 | RXN-I:29778	Meta-I:34930	Meta-I:32683	Meta-I:79 | Meta-I:29908 | Meta-I:51388 | Meta-I:5937	Meta-I:39678 | Meta-I:34930 | Meta-I:40688 | Meta-I:40690 | Meta-I:5852 | Meta-I:39867 | Meta-I:40729 | Meta-I:1752 | Meta-I:42676				5	
Z1143.5_Meta-I:32683	RXN-I:14214 | RXN-I:11606 | RXN-I:19604 | RXN-I:10564 | RXN-I:29778	Meta-I:34930	Meta-I:32683	Meta-I:79 | Meta-I:29908 | Meta-I:51388 | Meta-I:5937	Meta-I:39678 | Meta-I:34930 | Meta-I:1752 | Meta-I:40688 | Meta-I:42676 | Meta-I:40690 | Meta-I:5852 | Meta-I:39867 | Meta-I:40729				5	
Z1143.8_Meta-I:32683	RXN-I:22256 | RXN-I:11606 | RXN-I:22000 | RXN-I:10564 | RXN-I:29778	Meta-I:34930	Meta-I:32683	Meta-I:79 | Meta-I:29908 | Meta-I:51388 | Meta-I:5937	Meta-I:39678 | Meta-I:34930 | Meta-I:40688 | Meta-I:40690 | Meta-I:5852 | Meta-I:39867 | Meta-I:40729 | Meta-I:42676 | Meta-I:1752				5	
Z1143.7_Meta-I:32683	RXN-I:14214 | RXN-I:11606 | RXN-I:22000 | RXN-I:10564 | RXN-I:29778	Meta-I:34930	Meta-I:32683	Meta-I:79 | Meta-I:29908 | Meta-I:51388 | Meta-I:5937	Meta-I:39678 | Meta-I:34930 | Meta-I:1752 | Meta-I:40688 | Meta-I:42676 | Meta-I:40690 | Meta-I:5852 | Meta-I:39867 | Meta-I:40729				5	
Z1143.9_Meta-I:32683	RXN-I:14214 | RXN-I:11606 | RXN-I:19604 | RXN-I:35775 | RXN-I:29778	Meta-I:34930	Meta-I:32683	Meta-I:79 | Meta-I:29908 | Meta-I:51388 | Meta-I:5937	Meta-I:39678 | Meta-I:34930 | Meta-I:1752 | Meta-I:40688 | Meta-I:42676 | Meta-I:40690 | Meta-I:5852 | Meta-I:39867 | Meta-I:40729				5	
Z576.1_Meta-I:32683	RXN-I:3335 | RXN-I:24192 | RXN-I:19604 | RXN-I:36031 | RXN-I:46446 | RXN-I:29778	Meta-I:34930	Meta-I:32683	Meta-I:46329 | Meta-I:29908 | Meta-I:51388 | Meta-I:692016 | Meta-I:5937	Meta-I:39678 | Meta-I:5852 | Meta-I:39867 | Meta-I:34930 | Meta-I:40729 | Meta-I:1752 | Meta-I:40688 | Meta-I:42676 | Meta-I:40690				6	
Z576.2_Meta-I:32683	RXN-I:3335 | RXN-I:6785 | RXN-I:19604 | RXN-I:36031 | RXN-I:46446 | RXN-I:29778	Meta-I:34930	Meta-I:32683	Meta-I:46329 | Meta-I:29908 | Meta-I:51388 | Meta-I:692016 | Meta-I:5937	Meta-I:39678 | Meta-I:5852 | Meta-I:39867 | Meta-I:34930 | Meta-I:40729 | Meta-I:40688 | Meta-I:40690 | Meta-I:1752 | Meta-I:42676				6	
Z576.3_Meta-I:32683	RXN-I:3335 | RXN-I:24192 | RXN-I:22000 | RXN-I:36031 | RXN-I:46446 | RXN-I:29778	Meta-I:34930	Meta-I:32683	Meta-I:46329 | Meta-I:29908 | Meta-I:51388 | Meta-I:692016 | Meta-I:5937	Meta-I:39678 | Meta-I:5852 | Meta-I:39867 | Meta-I:34930 | Meta-I:40729 | Meta-I:1752 | Meta-I:40688 | Meta-I:42676 | Meta-I:40690				6	
Z285.4_Meta-I:32683	RXN-I:22256 | RXN-I:11606 | RXN-I:22000 | RXN-I:36031 | RXN-I:46446 | RXN-I:29942	Meta-I:34930	Meta-I:32683	Meta-I:79 | Meta-I:29908 | Meta-I:51388 | Meta-I:692016 | Meta-I:5937	Meta-I:39678 | Meta-I:34930 | Meta-I:40688 | Meta-I:40690 | Meta-I:5852 | Meta-I:39867 | Meta-I:40729 | Meta-I:42676 | Meta-I:1752				6	
Z285.3_Meta-I:32683	RXN-I:14214 | RXN-I:11606 | RXN-I:22000 | RXN-I:36031 | RXN-I:46446 | RXN-I:29942	Meta-I:34930	Meta-I:32683	Meta-I:79 | Meta-I:29908 | Meta-I:51388 | Meta-I:692016 | Meta-I:5937	Meta-I:39678 | Meta-I:34930 | Meta-I:1752 | Meta-I:40688 | Meta-I:42676 | Meta-I:40690 | Meta-I:5852 | Meta-I:39867 | Meta-I:40729				6	
Z285.2_Meta-I:32683	RXN-I:22256 | RXN-I:11606 | RXN-I:19604 | RXN-I:36031 | RXN-I:46446 | RXN-I:29942	Meta-I:34930	Meta-I:32683	Meta-I:79 | Meta-I:29908 | Meta-I:51388 | Meta-I:692016 | Meta-I:5937	Meta-I:39678 | Meta-I:34930 | Meta-I:40688 | Meta-I:40690 | Meta-I:5852 | Meta-I:39867 | Meta-I:40729 | Meta-I:1752 | Meta-I:42676				6	
Z285.1_Meta-I:32683	RXN-I:14214 | RXN-I:11606 | RXN-I:19604 | RXN-I:36031 | RXN-I:46446 | RXN-I:29942	Meta-I:34930	Meta-I:32683	Meta-I:79 | Meta-I:29908 | Meta-I:51388 | Meta-I:692016 | Meta-I:5937	Meta-I:39678 | Meta-I:34930 | Meta-I:1752 | Meta-I:40688 | Meta-I:42676 | Meta-I:40690 | Meta-I:5852 | Meta-I:39867 | Meta-I:40729				6	
Z862.40_Meta-I:32683	RXN-I:3335 | RXN-I:6785 | RXN-I:22000 | RXN-I:10510 | RXN-I:16189	Meta-I:34930	Meta-I:32683	Meta-I:46329 | Meta-I:29908 | Meta-I:51388 | Meta-I:5937	Meta-I:39678 | Meta-I:5852 | Meta-I:39867 | Meta-I:34930 | Meta-I:40729 | Meta-I:40688 | Meta-I:40690 | Meta-I:42676 | Meta-I:1752 | Meta-I:40685 | Meta-I:40686				5	
Z862.41_Meta-I:32683	RXN-I:3335 | RXN-I:24192 | RXN-I:19604 | RXN-I:10564 | RXN-I:16189	Meta-I:34930	Meta-I:32683	Meta-I:46329 | Meta-I:29908 | Meta-I:51388 | Meta-I:5937	Meta-I:39678 | Meta-I:5852 | Meta-I:39867 | Meta-I:34930 | Meta-I:40729 | Meta-I:1752 | Meta-I:40688 | Meta-I:42676 | Meta-I:40690 | Meta-I:40685 | Meta-I:40686				5	
Z862.42_Meta-I:32683	RXN-I:3335 | RXN-I:6785 | RXN-I:19604 | RXN-I:10564 | RXN-I:16189	Meta-I:34930	Meta-I:32683	Meta-I:46329 | Meta-I:29908 | Meta-I:51388 | Meta-I:5937	Meta-I:39678 | Meta-I:5852 | Meta-I:39867 | Meta-I:34930 | Meta-I:40729 | Meta-I:40688 | Meta-I:40690 | Meta-I:1752 | Meta-I:42676 | Meta-I:40685 | Meta-I:40686				5	
Z1143.60_Meta-I:32683	RXN-I:22256 | RXN-I:11606 | RXN-I:22000 | RXN-I:35775 | RXN-I:23077	Meta-I:34930	Meta-I:32683	Meta-I:79 | Meta-I:29908 | Meta-I:51388 | Meta-I:5937	Meta-I:39678 | Meta-I:34930 | Meta-I:40688 | Meta-I:40690 | Meta-I:5852 | Meta-I:39867 | Meta-I:40729 | Meta-I:42676				5	
Z862.43_Meta-I:32683	RXN-I:3335 | RXN-I:24192 | RXN-I:22000 | RXN-I:10564 | RXN-I:16189	Meta-I:34930	Meta-I:32683	Meta-I:46329 | Meta-I:29908 | Meta-I:51388 | Meta-I:5937	Meta-I:39678 | Meta-I:5852 | Meta-I:39867 | Meta-I:34930 | Meta-I:40729 | Meta-I:1752 | Meta-I:40688 | Meta-I:42676 | Meta-I:40690 | Meta-I:40685 | Meta-I:40686				5	
Z862.44_Meta-I:32683	RXN-I:3335 | RXN-I:6785 | RXN-I:22000 | RXN-I:10564 | RXN-I:16189	Meta-I:34930	Meta-I:32683	Meta-I:46329 | Meta-I:29908 | Meta-I:51388 | Meta-I:5937	Meta-I:39678 | Meta-I:5852 | Meta-I:39867 | Meta-I:34930 | Meta-I:40729 | Meta-I:40688 | Meta-I:40690 | Meta-I:42676 | Meta-I:1752 | Meta-I:40685 | Meta-I:40686				5	
Z862.45_Meta-I:32683	RXN-I:3335 | RXN-I:24192 | RXN-I:19604 | RXN-I:35775 | RXN-I:16189	Meta-I:34930	Meta-I:32683	Meta-I:46329 | Meta-I:29908 | Meta-I:51388 | Meta-I:5937	Meta-I:39678 | Meta-I:5852 | Meta-I:39867 | Meta-I:34930 | Meta-I:40729 | Meta-I:1752 | Meta-I:40688 | Meta-I:42676 | Meta-I:40690 | Meta-I:40685 | Meta-I:40686				5	
Z571.12_Meta-I:32683	RXN-I:22256 | RXN-I:11606 | RXN-I:22000 | RXN-I:35775 | RXN-I:29942	Meta-I:34930	Meta-I:32683	Meta-I:79 | Meta-I:29908 | Meta-I:51388 | Meta-I:5937	Meta-I:39678 | Meta-I:34930 | Meta-I:40688 | Meta-I:40690 | Meta-I:5852 | Meta-I:39867 | Meta-I:40729 | Meta-I:42676 | Meta-I:1752				5	
Z862.46_Meta-I:32683	RXN-I:3335 | RXN-I:6785 | RXN-I:19604 | RXN-I:35775 | RXN-I:16189	Meta-I:34930	Meta-I:32683	Meta-I:46329 | Meta-I:29908 | Meta-I:51388 | Meta-I:5937	Meta-I:39678 | Meta-I:5852 | Meta-I:39867 | Meta-I:34930 | Meta-I:40729 | Meta-I:40688 | Meta-I:40690 | Meta-I:1752 | Meta-I:40685 | Meta-I:40686				5	
Z571.11_Meta-I:32683	RXN-I:14214 | RXN-I:11606 | RXN-I:22000 | RXN-I:35775 | RXN-I:29942	Meta-I:34930	Meta-I:32683	Meta-I:79 | Meta-I:29908 | Meta-I:51388 | Meta-I:5937	Meta-I:39678 | Meta-I:34930 | Meta-I:1752 | Meta-I:40688 | Meta-I:42676 | Meta-I:40690 | Meta-I:5852 | Meta-I:39867 | Meta-I:40729				5	
Z862.47_Meta-I:32683	RXN-I:3335 | RXN-I:24192 | RXN-I:22000 | RXN-I:35775 | RXN-I:16189	Meta-I:34930	Meta-I:32683	Meta-I:46329 | Meta-I:29908 | Meta-I:51388 | Meta-I:5937	Meta-I:39678 | Meta-I:5852 | Meta-I:39867 | Meta-I:34930 | Meta-I:40729 | Meta-I:1752 | Meta-I:40688 | Meta-I:42676 | Meta-I:40690 | Meta-I:40685 | Meta-I:40686				5	
Z571.10_Meta-I:32683	RXN-I:22256 | RXN-I:11606 | RXN-I:19604 | RXN-I:35775 | RXN-I:29942	Meta-I:34930	Meta-I:32683	Meta-I:79 | Meta-I:29908 | Meta-I:51388 | Meta-I:5937	Meta-I:39678 | Meta-I:34930 | Meta-I:40688 | Meta-I:40690 | Meta-I:5852 | Meta-I:39867 | Meta-I:40729 | Meta-I:1752				5	
Z862.48_Meta-I:32683	RXN-I:3335 | RXN-I:6785 | RXN-I:22000 | RXN-I:35775 | RXN-I:16189	Meta-I:34930	Meta-I:32683	Meta-I:46329 | Meta-I:29908 | Meta-I:51388 | Meta-I:5937	Meta-I:39678 | Meta-I:5852 | Meta-I:39867 | Meta-I:34930 | Meta-I:40729 | Meta-I:40688 | Meta-I:40690 | Meta-I:42676 | Meta-I:1752 | Meta-I:40685 | Meta-I:40686				5	
Z862.49_Meta-I:32683	RXN-I:3335 | RXN-I:24192 | RXN-I:19604 | RXN-I:10510 | RXN-I:23077	Meta-I:34930	Meta-I:32683	Meta-I:46329 | Meta-I:29908 | Meta-I:51388 | Meta-I:5937	Meta-I:39678 | Meta-I:5852 | Meta-I:39867 | Meta-I:34930 | Meta-I:40729 | Meta-I:1752 | Meta-I:40688 | Meta-I:42676 | Meta-I:40690				5	
Z857.10_Meta-I:32683	RXN-I:22256 | RXN-I:11606 | RXN-I:19604 | RXN-I:36031 | RXN-I:46446 | RXN-I:29685	Meta-I:34930	Meta-I:32683	Meta-I:79 | Meta-I:29908 | Meta-I:51388 | Meta-I:692016 | Meta-I:5937	Meta-I:39678 | Meta-I:34930 | Meta-I:40688 | Meta-I:40690 | Meta-I:5852 | Meta-I:39867 | Meta-I:40729 | Meta-I:1752 | Meta-I:42676				6	
Z857.11_Meta-I:32683	RXN-I:14214 | RXN-I:11606 | RXN-I:22000 | RXN-I:36031 | RXN-I:46446 | RXN-I:29685	Meta-I:34930	Meta-I:32683	Meta-I:79 | Meta-I:29908 | Meta-I:51388 | Meta-I:692016 | Meta-I:5937	Meta-I:39678 | Meta-I:34930 | Meta-I:1752 | Meta-I:40688 | Meta-I:42676 | Meta-I:40690 | Meta-I:5852 | Meta-I:39867 | Meta-I:40729				6	
Z857.12_Meta-I:32683	RXN-I:22256 | RXN-I:11606 | RXN-I:22000 | RXN-I:36031 | RXN-I:46446 | RXN-I:29685	Meta-I:34930	Meta-I:32683	Meta-I:79 | Meta-I:29908 | Meta-I:51388 | Meta-I:692016 | Meta-I:5937	Meta-I:39678 | Meta-I:34930 | Meta-I:40688 | Meta-I:40690 | Meta-I:5852 | Meta-I:39867 | Meta-I:40729 | Meta-I:42676 | Meta-I:1752				6	
Z857.17_Meta-I:32683	RXN-I:14214 | RXN-I:11606 | RXN-I:19604 | RXN-I:36031 | RXN-I:46446 | RXN-I:23077	Meta-I:34930	Meta-I:32683	Meta-I:79 | Meta-I:29908 | Meta-I:51388 | Meta-I:692016 | Meta-I:5937	Meta-I:39678 | Meta-I:34930 | Meta-I:1752 | Meta-I:40688 | Meta-I:42676 | Meta-I:40690 | Meta-I:5852 | Meta-I:39867 | Meta-I:40729				6	
Z857.18_Meta-I:32683	RXN-I:22256 | RXN-I:11606 | RXN-I:19604 | RXN-I:36031 | RXN-I:46446 | RXN-I:23077	Meta-I:34930	Meta-I:32683	Meta-I:79 | Meta-I:29908 | Meta-I:51388 | Meta-I:692016 | Meta-I:5937	Meta-I:39678 | Meta-I:34930 | Meta-I:40688 | Meta-I:40690 | Meta-I:5852 | Meta-I:39867 | Meta-I:40729 | Meta-I:1752 | Meta-I:42676				6	
Z857.19_Meta-I:32683	RXN-I:14214 | RXN-I:11606 | RXN-I:22000 | RXN-I:36031 | RXN-I:46446 | RXN-I:23077	Meta-I:34930	Meta-I:32683	Meta-I:79 | Meta-I:29908 | Meta-I:51388 | Meta-I:692016 | Meta-I:5937	Meta-I:39678 | Meta-I:34930 | Meta-I:1752 | Meta-I:40688 | Meta-I:42676 | Meta-I:40690 | Meta-I:5852 | Meta-I:39867 | Meta-I:40729				6	
Z857.13_Meta-I:32683	RXN-I:14214 | RXN-I:11606 | RXN-I:19604 | RXN-I:36031 | RXN-I:46446 | RXN-I:16189	Meta-I:34930	Meta-I:32683	Meta-I:79 | Meta-I:29908 | Meta-I:51388 | Meta-I:692016 | Meta-I:5937	Meta-I:39678 | Meta-I:34930 | Meta-I:1752 | Meta-I:40688 | Meta-I:42676 | Meta-I:40690 | Meta-I:5852 | Meta-I:39867 | Meta-I:40729 | Meta-I:40685 | Meta-I:40686				6	
Z1143.69_Meta-I:32683	RXN-I:14214 | RXN-I:11606 | RXN-I:19604 | RXN-I:35775 | RXN-I:16186	Meta-I:34930	Meta-I:32683	Meta-I:79 | Meta-I:29908 | Meta-I:51388 | Meta-I:5937	Meta-I:39678 | Meta-I:34930 | Meta-I:1752 | Meta-I:40688 | Meta-I:42676 | Meta-I:40690 | Meta-I:5852 | Meta-I:39867 | Meta-I:40729 | Meta-I:40685 | Meta-I:40686				5	
Z857.14_Meta-I:32683	RXN-I:22256 | RXN-I:11606 | RXN-I:19604 | RXN-I:36031 | RXN-I:46446 | RXN-I:16189	Meta-I:34930	Meta-I:32683	Meta-I:79 | Meta-I:29908 | Meta-I:51388 | Meta-I:692016 | Meta-I:5937	Meta-I:39678 | Meta-I:34930 | Meta-I:40688 | Meta-I:40690 | Meta-I:5852 | Meta-I:39867 | Meta-I:40729 | Meta-I:1752 | Meta-I:42676 | Meta-I:40685 | Meta-I:40686				6	
Z857.15_Meta-I:32683	RXN-I:14214 | RXN-I:11606 | RXN-I:22000 | RXN-I:36031 | RXN-I:46446 | RXN-I:16189	Meta-I:34930	Meta-I:32683	Meta-I:79 | Meta-I:29908 | Meta-I:51388 | Meta-I:692016 | Meta-I:5937	Meta-I:39678 | Meta-I:34930 | Meta-I:1752 | Meta-I:40688 | Meta-I:42676 | Meta-I:40690 | Meta-I:5852 | Meta-I:39867 | Meta-I:40729 | Meta-I:40685 | Meta-I:40686				6	
Z857.16_Meta-I:32683	RXN-I:22256 | RXN-I:11606 | RXN-I:22000 | RXN-I:36031 | RXN-I:46446 | RXN-I:16189	Meta-I:34930	Meta-I:32683	Meta-I:79 | Meta-I:29908 | Meta-I:51388 | Meta-I:692016 | Meta-I:5937	Meta-I:39678 | Meta-I:34930 | Meta-I:40688 | Meta-I:40690 | Meta-I:5852 | Meta-I:39867 | Meta-I:40729 | Meta-I:42676 | Meta-I:1752 | Meta-I:40685 | Meta-I:40686				6	
Z1143.66_Meta-I:32683	RXN-I:22256 | RXN-I:11606 | RXN-I:19604 | RXN-I:10564 | RXN-I:16186	Meta-I:34930	Meta-I:32683	Meta-I:79 | Meta-I:29908 | Meta-I:51388 | Meta-I:5937	Meta-I:39678 | Meta-I:34930 | Meta-I:40688 | Meta-I:40690 | Meta-I:5852 | Meta-I:39867 | Meta-I:40729 | Meta-I:1752 | Meta-I:42676 | Meta-I:40685 | Meta-I:40686				5	
Z1143.65_Meta-I:32683	RXN-I:14214 | RXN-I:11606 | RXN-I:19604 | RXN-I:10564 | RXN-I:16186	Meta-I:34930	Meta-I:32683	Meta-I:79 | Meta-I:29908 | Meta-I:51388 | Meta-I:5937	Meta-I:39678 | Meta-I:34930 | Meta-I:1752 | Meta-I:40688 | Meta-I:42676 | Meta-I:40690 | Meta-I:5852 | Meta-I:39867 | Meta-I:40729 | Meta-I:40685 | Meta-I:40686				5	
Z1143.68_Meta-I:32683	RXN-I:22256 | RXN-I:11606 | RXN-I:22000 | RXN-I:10564 | RXN-I:16186	Meta-I:34930	Meta-I:32683	Meta-I:79 | Meta-I:29908 | Meta-I:51388 | Meta-I:5937	Meta-I:39678 | Meta-I:34930 | Meta-I:40688 | Meta-I:40690 | Meta-I:5852 | Meta-I:39867 | Meta-I:40729 | Meta-I:42676 | Meta-I:1752 | Meta-I:40685 | Meta-I:40686				5	
Z1143.67_Meta-I:32683	RXN-I:14214 | RXN-I:11606 | RXN-I:22000 | RXN-I:10564 | RXN-I:16186	Meta-I:34930	Meta-I:32683	Meta-I:79 | Meta-I:29908 | Meta-I:51388 | Meta-I:5937	Meta-I:39678 | Meta-I:34930 | Meta-I:1752 | Meta-I:40688 | Meta-I:42676 | Meta-I:40690 | Meta-I:5852 | Meta-I:39867 | Meta-I:40729 | Meta-I:40685 | Meta-I:40686				5	
Z1143.62_Meta-I:32683	RXN-I:22256 | RXN-I:11606 | RXN-I:19604 | RXN-I:10510 | RXN-I:16186	Meta-I:34930	Meta-I:32683	Meta-I:79 | Meta-I:29908 | Meta-I:51388 | Meta-I:5937	Meta-I:39678 | Meta-I:34930 | Meta-I:40688 | Meta-I:40690 | Meta-I:5852 | Meta-I:39867 | Meta-I:40729 | Meta-I:1752 | Meta-I:42676 | Meta-I:40685 | Meta-I:40686				5	
Z1143.61_Meta-I:32683	RXN-I:14214 | RXN-I:11606 | RXN-I:19604 | RXN-I:10510 | RXN-I:16186	Meta-I:34930	Meta-I:32683	Meta-I:79 | Meta-I:29908 | Meta-I:51388 | Meta-I:5937	Meta-I:39678 | Meta-I:34930 | Meta-I:1752 | Meta-I:40688 | Meta-I:42676 | Meta-I:40690 | Meta-I:5852 | Meta-I:39867 | Meta-I:40729 | Meta-I:40685 | Meta-I:40686				5	
Z1143.64_Meta-I:32683	RXN-I:22256 | RXN-I:11606 | RXN-I:22000 | RXN-I:10510 | RXN-I:16186	Meta-I:34930	Meta-I:32683	Meta-I:79 | Meta-I:29908 | Meta-I:51388 | Meta-I:5937	Meta-I:39678 | Meta-I:34930 | Meta-I:40688 | Meta-I:40690 | Meta-I:5852 | Meta-I:39867 | Meta-I:40729 | Meta-I:42676 | Meta-I:1752 | Meta-I:40685 | Meta-I:40686				5	
Z1143.63_Meta-I:32683	RXN-I:14214 | RXN-I:11606 | RXN-I:22000 | RXN-I:10510 | RXN-I:16186	Meta-I:34930	Meta-I:32683	Meta-I:79 | Meta-I:29908 | Meta-I:51388 | Meta-I:5937	Meta-I:39678 | Meta-I:34930 | Meta-I:1752 | Meta-I:40688 | Meta-I:42676 | Meta-I:40690 | Meta-I:5852 | Meta-I:39867 | Meta-I:40729 | Meta-I:40685 | Meta-I:40686				5	
Z862.51_Meta-I:32683	RXN-I:3335 | RXN-I:24192 | RXN-I:22000 | RXN-I:10510 | RXN-I:23077	Meta-I:34930	Meta-I:32683	Meta-I:46329 | Meta-I:29908 | Meta-I:51388 | Meta-I:5937	Meta-I:39678 | Meta-I:5852 | Meta-I:39867 | Meta-I:34930 | Meta-I:40729 | Meta-I:1752 | Meta-I:40688 | Meta-I:42676 | Meta-I:40690				5	
Z571.1_Meta-I:32683	RXN-I:14214 | RXN-I:11606 | RXN-I:19604 | RXN-I:10510 | RXN-I:29942	Meta-I:34930	Meta-I:32683	Meta-I:79 | Meta-I:29908 | Meta-I:51388 | Meta-I:5937	Meta-I:39678 | Meta-I:34930 | Meta-I:1752 | Meta-I:40688 | Meta-I:42676 | Meta-I:40690 | Meta-I:5852 | Meta-I:39867 | Meta-I:40729				5	
Z862.52_Meta-I:32683	RXN-I:3335 | RXN-I:6785 | RXN-I:22000 | RXN-I:10510 | RXN-I:23077	Meta-I:34930	Meta-I:32683	Meta-I:46329 | Meta-I:29908 | Meta-I:51388 | Meta-I:5937	Meta-I:39678 | Meta-I:5852 | Meta-I:39867 | Meta-I:34930 | Meta-I:40729 | Meta-I:40688 | Meta-I:40690 | Meta-I:42676 | Meta-I:1752				5	
Z571.2_Meta-I:32683	RXN-I:22256 | RXN-I:11606 | RXN-I:19604 | RXN-I:10510 | RXN-I:29942	Meta-I:34930	Meta-I:32683	Meta-I:79 | Meta-I:29908 | Meta-I:51388 | Meta-I:5937	Meta-I:39678 | Meta-I:34930 | Meta-I:40688 | Meta-I:40690 | Meta-I:5852 | Meta-I:39867 | Meta-I:40729 | Meta-I:1752 | Meta-I:42676				5	
Z862.53_Meta-I:32683	RXN-I:3335 | RXN-I:24192 | RXN-I:19604 | RXN-I:10564 | RXN-I:23077	Meta-I:34930	Meta-I:32683	Meta-I:46329 | Meta-I:29908 | Meta-I:51388 | Meta-I:5937	Meta-I:39678 | Meta-I:5852 | Meta-I:39867 | Meta-I:34930 | Meta-I:40729 | Meta-I:1752 | Meta-I:40688 | Meta-I:42676 | Meta-I:40690				5	
Z1143.71_Meta-I:32683	RXN-I:14214 | RXN-I:11606 | RXN-I:22000 | RXN-I:35775 | RXN-I:16186	Meta-I:34930	Meta-I:32683	Meta-I:79 | Meta-I:29908 | Meta-I:51388 | Meta-I:5937	Meta-I:39678 | Meta-I:34930 | Meta-I:1752 | Meta-I:40688 | Meta-I:42676 | Meta-I:40690 | Meta-I:5852 | Meta-I:39867 | Meta-I:40729 | Meta-I:40685 | Meta-I:40686				5	
Z571.3_Meta-I:32683	RXN-I:14214 | RXN-I:11606 | RXN-I:22000 | RXN-I:10510 | RXN-I:29942	Meta-I:34930	Meta-I:32683	Meta-I:79 | Meta-I:29908 | Meta-I:51388 | Meta-I:5937	Meta-I:39678 | Meta-I:34930 | Meta-I:1752 | Meta-I:40688 | Meta-I:42676 | Meta-I:40690 | Meta-I:5852 | Meta-I:39867 | Meta-I:40729				5	
Z862.54_Meta-I:32683	RXN-I:3335 | RXN-I:6785 | RXN-I:19604 | RXN-I:10564 | RXN-I:23077	Meta-I:34930	Meta-I:32683	Meta-I:46329 | Meta-I:29908 | Meta-I:51388 | Meta-I:5937	Meta-I:39678 | Meta-I:5852 | Meta-I:39867 | Meta-I:34930 | Meta-I:40729 | Meta-I:40688 | Meta-I:40690 | Meta-I:1752 | Meta-I:42676				5	
Z1143.70_Meta-I:32683	RXN-I:22256 | RXN-I:11606 | RXN-I:19604 | RXN-I:35775 | RXN-I:16186	Meta-I:34930	Meta-I:32683	Meta-I:79 | Meta-I:29908 | Meta-I:51388 | Meta-I:5937	Meta-I:39678 | Meta-I:34930 | Meta-I:40688 | Meta-I:40690 | Meta-I:5852 | Meta-I:39867 | Meta-I:40729 | Meta-I:1752 | Meta-I:40685 | Meta-I:40686				5	
Z571.4_Meta-I:32683	RXN-I:22256 | RXN-I:11606 | RXN-I:22000 | RXN-I:10510 | RXN-I:29942	Meta-I:34930	Meta-I:32683	Meta-I:79 | Meta-I:29908 | Meta-I:51388 | Meta-I:5937	Meta-I:39678 | Meta-I:34930 | Meta-I:40688 | Meta-I:40690 | Meta-I:5852 | Meta-I:39867 | Meta-I:40729 | Meta-I:42676 | Meta-I:1752				5	
Z862.55_Meta-I:32683	RXN-I:3335 | RXN-I:24192 | RXN-I:22000 | RXN-I:10564 | RXN-I:23077	Meta-I:34930	Meta-I:32683	Meta-I:46329 | Meta-I:29908 | Meta-I:51388 | Meta-I:5937	Meta-I:39678 | Meta-I:5852 | Meta-I:39867 | Meta-I:34930 | Meta-I:40729 | Meta-I:1752 | Meta-I:40688 | Meta-I:42676 | Meta-I:40690				5	
Z571.5_Meta-I:32683	RXN-I:14214 | RXN-I:11606 | RXN-I:19604 | RXN-I:10564 | RXN-I:29942	Meta-I:34930	Meta-I:32683	Meta-I:79 | Meta-I:29908 | Meta-I:51388 | Meta-I:5937	Meta-I:39678 | Meta-I:34930 | Meta-I:1752 | Meta-I:40688 | Meta-I:42676 | Meta-I:40690 | Meta-I:5852 | Meta-I:39867 | Meta-I:40729				5	
Z862.56_Meta-I:32683	RXN-I:3335 | RXN-I:6785 | RXN-I:22000 | RXN-I:10564 | RXN-I:23077	Meta-I:34930	Meta-I:32683	Meta-I:46329 | Meta-I:29908 | Meta-I:51388 | Meta-I:5937	Meta-I:39678 | Meta-I:5852 | Meta-I:39867 | Meta-I:34930 | Meta-I:40729 | Meta-I:40688 | Meta-I:40690 | Meta-I:42676 | Meta-I:1752				5	
Z571.6_Meta-I:32683	RXN-I:22256 | RXN-I:11606 | RXN-I:19604 | RXN-I:10564 | RXN-I:29942	Meta-I:34930	Meta-I:32683	Meta-I:79 | Meta-I:29908 | Meta-I:51388 | Meta-I:5937	Meta-I:39678 | Meta-I:34930 | Meta-I:40688 | Meta-I:40690 | Meta-I:5852 | Meta-I:39867 | Meta-I:40729 | Meta-I:1752 | Meta-I:42676				5	
Z862.57_Meta-I:32683	RXN-I:3335 | RXN-I:24192 | RXN-I:19604 | RXN-I:35775 | RXN-I:23077	Meta-I:34930	Meta-I:32683	Meta-I:46329 | Meta-I:29908 | Meta-I:51388 | Meta-I:5937	Meta-I:39678 | Meta-I:5852 | Meta-I:39867 | Meta-I:34930 | Meta-I:40729 | Meta-I:1752 | Meta-I:40688 | Meta-I:42676 | Meta-I:40690				5	
Z571.7_Meta-I:32683	RXN-I:14214 | RXN-I:11606 | RXN-I:22000 | RXN-I:10564 | RXN-I:29942	Meta-I:34930	Meta-I:32683	Meta-I:79 | Meta-I:29908 | Meta-I:51388 | Meta-I:5937	Meta-I:39678 | Meta-I:34930 | Meta-I:1752 | Meta-I:40688 | Meta-I:42676 | Meta-I:40690 | Meta-I:5852 | Meta-I:39867 | Meta-I:40729				5	
Z862.58_Meta-I:32683	RXN-I:3335 | RXN-I:6785 | RXN-I:19604 | RXN-I:35775 | RXN-I:23077	Meta-I:34930	Meta-I:32683	Meta-I:46329 | Meta-I:29908 | Meta-I:51388 | Meta-I:5937	Meta-I:39678 | Meta-I:5852 | Meta-I:39867 | Meta-I:34930 | Meta-I:40729 | Meta-I:40688 | Meta-I:40690 | Meta-I:1752 | Meta-I:42676				5	
Z571.8_Meta-I:32683	RXN-I:22256 | RXN-I:11606 | RXN-I:22000 | RXN-I:10564 | RXN-I:29942	Meta-I:34930	Meta-I:32683	Meta-I:79 | Meta-I:29908 | Meta-I:51388 | Meta-I:5937	Meta-I:39678 | Meta-I:34930 | Meta-I:40688 | Meta-I:40690 | Meta-I:5852 | Meta-I:39867 | Meta-I:40729 | Meta-I:42676 | Meta-I:1752				5	
Z862.59_Meta-I:32683	RXN-I:3335 | RXN-I:24192 | RXN-I:22000 | RXN-I:35775 | RXN-I:23077	Meta-I:34930	Meta-I:32683	Meta-I:46329 | Meta-I:29908 | Meta-I:51388 | Meta-I:5937	Meta-I:39678 | Meta-I:5852 | Meta-I:39867 | Meta-I:34930 | Meta-I:40729 | Meta-I:1752 | Meta-I:40688 | Meta-I:42676 | Meta-I:40690				5	
Z857.20_Meta-I:32683	RXN-I:22256 | RXN-I:11606 | RXN-I:22000 | RXN-I:36031 | RXN-I:46446 | RXN-I:23077	Meta-I:34930	Meta-I:32683	Meta-I:79 | Meta-I:29908 | Meta-I:51388 | Meta-I:692016 | Meta-I:5937	Meta-I:39678 | Meta-I:34930 | Meta-I:40688 | Meta-I:40690 | Meta-I:5852 | Meta-I:39867 | Meta-I:40729 | Meta-I:42676 | Meta-I:1752				6	
Z857.21_Meta-I:32683	RXN-I:14214 | RXN-I:11606 | RXN-I:19604 | RXN-I:36031 | RXN-I:46446 | RXN-I:16186	Meta-I:34930	Meta-I:32683	Meta-I:79 | Meta-I:29908 | Meta-I:51388 | Meta-I:692016 | Meta-I:5937	Meta-I:39678 | Meta-I:34930 | Meta-I:1752 | Meta-I:40688 | Meta-I:42676 | Meta-I:40690 | Meta-I:5852 | Meta-I:39867 | Meta-I:40729 | Meta-I:40685 | Meta-I:40686				6	
Z857.22_Meta-I:32683	RXN-I:22256 | RXN-I:11606 | RXN-I:19604 | RXN-I:36031 | RXN-I:46446 | RXN-I:16186	Meta-I:34930	Meta-I:32683	Meta-I:79 | Meta-I:29908 | Meta-I:51388 | Meta-I:692016 | Meta-I:5937	Meta-I:39678 | Meta-I:34930 | Meta-I:40688 | Meta-I:40690 | Meta-I:5852 | Meta-I:39867 | Meta-I:40729 | Meta-I:1752 | Meta-I:42676 | Meta-I:40685 | Meta-I:40686				6	
Z857.23_Meta-I:32683	RXN-I:14214 | RXN-I:11606 | RXN-I:22000 | RXN-I:36031 | RXN-I:46446 | RXN-I:16186	Meta-I:34930	Meta-I:32683	Meta-I:79 | Meta-I:29908 | Meta-I:51388 | Meta-I:692016 | Meta-I:5937	Meta-I:39678 | Meta-I:34930 | Meta-I:1752 | Meta-I:40688 | Meta-I:42676 | Meta-I:40690 | Meta-I:5852 | Meta-I:39867 | Meta-I:40729 | Meta-I:40685 | Meta-I:40686				6	
Z857.24_Meta-I:32683	RXN-I:22256 | RXN-I:11606 | RXN-I:22000 | RXN-I:36031 | RXN-I:46446 | RXN-I:16186	Meta-I:34930	Meta-I:32683	Meta-I:79 | Meta-I:29908 | Meta-I:51388 | Meta-I:692016 | Meta-I:5937	Meta-I:39678 | Meta-I:34930 | Meta-I:40688 | Meta-I:40690 | Meta-I:5852 | Meta-I:39867 | Meta-I:40729 | Meta-I:42676 | Meta-I:1752 | Meta-I:40685 | Meta-I:40686				6	
Z290.12_Meta-I:32683	RXN-I:3335 | RXN-I:6785 | RXN-I:22000 | RXN-I:35775 | RXN-I:29942	Meta-I:34930	Meta-I:32683	Meta-I:46329 | Meta-I:29908 | Meta-I:51388 | Meta-I:5937	Meta-I:39678 | Meta-I:5852 | Meta-I:39867 | Meta-I:34930 | Meta-I:40729 | Meta-I:40688 | Meta-I:40690 | Meta-I:42676 | Meta-I:1752				5	
Z1143.72_Meta-I:32683	RXN-I:22256 | RXN-I:11606 | RXN-I:22000 | RXN-I:35775 | RXN-I:16186	Meta-I:34930	Meta-I:32683	Meta-I:79 | Meta-I:29908 | Meta-I:51388 | Meta-I:5937	Meta-I:39678 | Meta-I:34930 | Meta-I:40688 | Meta-I:40690 | Meta-I:5852 | Meta-I:39867 | Meta-I:40729 | Meta-I:42676 | Meta-I:1752 | Meta-I:40685 | Meta-I:40686				5	
Z862.50_Meta-I:32683	RXN-I:3335 | RXN-I:6785 | RXN-I:19604 | RXN-I:10510 | RXN-I:23077	Meta-I:34930	Meta-I:32683	Meta-I:46329 | Meta-I:29908 | Meta-I:51388 | Meta-I:5937	Meta-I:39678 | Meta-I:5852 | Meta-I:39867 | Meta-I:34930 | Meta-I:40729 | Meta-I:40688 | Meta-I:40690 | Meta-I:1752 | Meta-I:42676				5	
Z862.62_Meta-I:32683	RXN-I:3335 | RXN-I:6785 | RXN-I:19604 | RXN-I:10510 | RXN-I:16186	Meta-I:34930	Meta-I:32683	Meta-I:46329 | Meta-I:29908 | Meta-I:51388 | Meta-I:5937	Meta-I:39678 | Meta-I:5852 | Meta-I:39867 | Meta-I:34930 | Meta-I:40729 | Meta-I:40688 | Meta-I:40690 | Meta-I:1752 | Meta-I:42676 | Meta-I:40685 | Meta-I:40686				5	
Z862.63_Meta-I:32683	RXN-I:3335 | RXN-I:24192 | RXN-I:22000 | RXN-I:10510 | RXN-I:16186	Meta-I:34930	Meta-I:32683	Meta-I:46329 | Meta-I:29908 | Meta-I:51388 | Meta-I:5937	Meta-I:39678 | Meta-I:5852 | Meta-I:39867 | Meta-I:34930 | Meta-I:40729 | Meta-I:1752 | Meta-I:40688 | Meta-I:42676 | Meta-I:40690 | Meta-I:40685 | Meta-I:40686				5	
Z862.64_Meta-I:32683	RXN-I:3335 | RXN-I:6785 | RXN-I:22000 | RXN-I:10510 | RXN-I:16186	Meta-I:34930	Meta-I:32683	Meta-I:46329 | Meta-I:29908 | Meta-I:51388 | Meta-I:5937	Meta-I:39678 | Meta-I:5852 | Meta-I:39867 | Meta-I:34930 | Meta-I:40729 | Meta-I:40688 | Meta-I:40690 | Meta-I:42676 | Meta-I:1752 | Meta-I:40685 | Meta-I:40686				5	
Z290.10_Meta-I:32683	RXN-I:3335 | RXN-I:6785 | RXN-I:19604 | RXN-I:35775 | RXN-I:29942	Meta-I:34930	Meta-I:32683	Meta-I:46329 | Meta-I:29908 | Meta-I:51388 | Meta-I:5937	Meta-I:39678 | Meta-I:5852 | Meta-I:39867 | Meta-I:34930 | Meta-I:40729 | Meta-I:40688 | Meta-I:40690 | Meta-I:1752				5	
Z862.65_Meta-I:32683	RXN-I:3335 | RXN-I:24192 | RXN-I:19604 | RXN-I:10564 | RXN-I:16186	Meta-I:34930	Meta-I:32683	Meta-I:46329 | Meta-I:29908 | Meta-I:51388 | Meta-I:5937	Meta-I:39678 | Meta-I:5852 | Meta-I:39867 | Meta-I:34930 | Meta-I:40729 | Meta-I:1752 | Meta-I:40688 | Meta-I:42676 | Meta-I:40690 | Meta-I:40685 | Meta-I:40686				5	
Z290.11_Meta-I:32683	RXN-I:3335 | RXN-I:24192 | RXN-I:22000 | RXN-I:35775 | RXN-I:29942	Meta-I:34930	Meta-I:32683	Meta-I:46329 | Meta-I:29908 | Meta-I:51388 | Meta-I:5937	Meta-I:39678 | Meta-I:5852 | Meta-I:39867 | Meta-I:34930 | Meta-I:40729 | Meta-I:1752 | Meta-I:40688 | Meta-I:42676 | Meta-I:40690				5	
Z862.66_Meta-I:32683	RXN-I:3335 | RXN-I:6785 | RXN-I:19604 | RXN-I:10564 | RXN-I:16186	Meta-I:34930	Meta-I:32683	Meta-I:46329 | Meta-I:29908 | Meta-I:51388 | Meta-I:5937	Meta-I:39678 | Meta-I:5852 | Meta-I:39867 | Meta-I:34930 | Meta-I:40729 | Meta-I:40688 | Meta-I:40690 | Meta-I:1752 | Meta-I:42676 | Meta-I:40685 | Meta-I:40686				5	
Z862.67_Meta-I:32683	RXN-I:3335 | RXN-I:24192 | RXN-I:22000 | RXN-I:10564 | RXN-I:16186	Meta-I:34930	Meta-I:32683	Meta-I:46329 | Meta-I:29908 | Meta-I:51388 | Meta-I:5937	Meta-I:39678 | Meta-I:5852 | Meta-I:39867 | Meta-I:34930 | Meta-I:40729 | Meta-I:1752 | Meta-I:40688 | Meta-I:42676 | Meta-I:40690 | Meta-I:40685 | Meta-I:40686				5	
Z862.68_Meta-I:32683	RXN-I:3335 | RXN-I:6785 | RXN-I:22000 | RXN-I:10564 | RXN-I:16186	Meta-I:34930	Meta-I:32683	Meta-I:46329 | Meta-I:29908 | Meta-I:51388 | Meta-I:5937	Meta-I:39678 | Meta-I:5852 | Meta-I:39867 | Meta-I:34930 | Meta-I:40729 | Meta-I:40688 | Meta-I:40690 | Meta-I:42676 | Meta-I:1752 | Meta-I:40685 | Meta-I:40686				5	
Z862.69_Meta-I:32683	RXN-I:3335 | RXN-I:24192 | RXN-I:19604 | RXN-I:35775 | RXN-I:16186	Meta-I:34930	Meta-I:32683	Meta-I:46329 | Meta-I:29908 | Meta-I:51388 | Meta-I:5937	Meta-I:39678 | Meta-I:5852 | Meta-I:39867 | Meta-I:34930 | Meta-I:40729 | Meta-I:1752 | Meta-I:40688 | Meta-I:42676 | Meta-I:40690 | Meta-I:40685 | Meta-I:40686				5	
Z1143.48_Meta-I:32683	RXN-I:22256 | RXN-I:11606 | RXN-I:22000 | RXN-I:35775 | RXN-I:16189	Meta-I:34930	Meta-I:32683	Meta-I:79 | Meta-I:29908 | Meta-I:51388 | Meta-I:5937	Meta-I:39678 | Meta-I:34930 | Meta-I:40688 | Meta-I:40690 | Meta-I:5852 | Meta-I:39867 | Meta-I:40729 | Meta-I:42676 | Meta-I:1752 | Meta-I:40685 | Meta-I:40686				5	
Z1143.47_Meta-I:32683	RXN-I:14214 | RXN-I:11606 | RXN-I:22000 | RXN-I:35775 | RXN-I:16189	Meta-I:34930	Meta-I:32683	Meta-I:79 | Meta-I:29908 | Meta-I:51388 | Meta-I:5937	Meta-I:39678 | Meta-I:34930 | Meta-I:1752 | Meta-I:40688 | Meta-I:42676 | Meta-I:40690 | Meta-I:5852 | Meta-I:39867 | Meta-I:40729 | Meta-I:40685 | Meta-I:40686				5	
Z1143.49_Meta-I:32683	RXN-I:14214 | RXN-I:11606 | RXN-I:19604 | RXN-I:10510 | RXN-I:23077	Meta-I:34930	Meta-I:32683	Meta-I:79 | Meta-I:29908 | Meta-I:51388 | Meta-I:5937	Meta-I:39678 | Meta-I:34930 | Meta-I:1752 | Meta-I:40688 | Meta-I:42676 | Meta-I:40690 | Meta-I:5852 | Meta-I:39867 | Meta-I:40729				5	
Z1143.44_Meta-I:32683	RXN-I:22256 | RXN-I:11606 | RXN-I:22000 | RXN-I:10564 | RXN-I:16189	Meta-I:34930	Meta-I:32683	Meta-I:79 | Meta-I:29908 | Meta-I:51388 | Meta-I:5937	Meta-I:39678 | Meta-I:34930 | Meta-I:40688 | Meta-I:40690 | Meta-I:5852 | Meta-I:39867 | Meta-I:40729 | Meta-I:42676 | Meta-I:1752 | Meta-I:40685 | Meta-I:40686				5	
Z571.9_Meta-I:32683	RXN-I:14214 | RXN-I:11606 | RXN-I:19604 | RXN-I:35775 | RXN-I:29942	Meta-I:34930	Meta-I:32683	Meta-I:79 | Meta-I:29908 | Meta-I:51388 | Meta-I:5937	Meta-I:39678 | Meta-I:34930 | Meta-I:1752 | Meta-I:40688 | Meta-I:42676 | Meta-I:40690 | Meta-I:5852 | Meta-I:39867 | Meta-I:40729				5	
Z1143.43_Meta-I:32683	RXN-I:14214 | RXN-I:11606 | RXN-I:22000 | RXN-I:10564 | RXN-I:16189	Meta-I:34930	Meta-I:32683	Meta-I:79 | Meta-I:29908 | Meta-I:51388 | Meta-I:5937	Meta-I:39678 | Meta-I:34930 | Meta-I:1752 | Meta-I:40688 | Meta-I:42676 | Meta-I:40690 | Meta-I:5852 | Meta-I:39867 | Meta-I:40729 | Meta-I:40685 | Meta-I:40686				5	
Z1143.46_Meta-I:32683	RXN-I:22256 | RXN-I:11606 | RXN-I:19604 | RXN-I:35775 | RXN-I:16189	Meta-I:34930	Meta-I:32683	Meta-I:79 | Meta-I:29908 | Meta-I:51388 | Meta-I:5937	Meta-I:39678 | Meta-I:34930 | Meta-I:40688 | Meta-I:40690 | Meta-I:5852 | Meta-I:39867 | Meta-I:40729 | Meta-I:1752 | Meta-I:40685 | Meta-I:40686				5	
Z1143.45_Meta-I:32683	RXN-I:14214 | RXN-I:11606 | RXN-I:19604 | RXN-I:35775 | RXN-I:16189	Meta-I:34930	Meta-I:32683	Meta-I:79 | Meta-I:29908 | Meta-I:51388 | Meta-I:5937	Meta-I:39678 | Meta-I:34930 | Meta-I:1752 | Meta-I:40688 | Meta-I:42676 | Meta-I:40690 | Meta-I:5852 | Meta-I:39867 | Meta-I:40729 | Meta-I:40685 | Meta-I:40686				5	
Z862.2_Meta-I:32683	RXN-I:3335 | RXN-I:6785 | RXN-I:19604 | RXN-I:10510 | RXN-I:29778	Meta-I:34930	Meta-I:32683	Meta-I:46329 | Meta-I:29908 | Meta-I:51388 | Meta-I:5937	Meta-I:39678 | Meta-I:5852 | Meta-I:39867 | Meta-I:34930 | Meta-I:40729 | Meta-I:40688 | Meta-I:40690 | Meta-I:1752 | Meta-I:42676				5	
Z1143.40_Meta-I:32683	RXN-I:22256 | RXN-I:11606 | RXN-I:22000 | RXN-I:10510 | RXN-I:16189	Meta-I:34930	Meta-I:32683	Meta-I:79 | Meta-I:29908 | Meta-I:51388 | Meta-I:5937	Meta-I:39678 | Meta-I:34930 | Meta-I:40688 | Meta-I:40690 | Meta-I:5852 | Meta-I:39867 | Meta-I:40729 | Meta-I:42676 | Meta-I:1752 | Meta-I:40685 | Meta-I:40686				5	
Z862.3_Meta-I:32683	RXN-I:3335 | RXN-I:24192 | RXN-I:22000 | RXN-I:10510 | RXN-I:29778	Meta-I:34930	Meta-I:32683	Meta-I:46329 | Meta-I:29908 | Meta-I:51388 | Meta-I:5937	Meta-I:39678 | Meta-I:5852 | Meta-I:39867 | Meta-I:34930 | Meta-I:40729 | Meta-I:1752 | Meta-I:40688 | Meta-I:42676 | Meta-I:40690				5	
Z862.60_Meta-I:32683	RXN-I:3335 | RXN-I:6785 | RXN-I:22000 | RXN-I:35775 | RXN-I:23077	Meta-I:34930	Meta-I:32683	Meta-I:46329 | Meta-I:29908 | Meta-I:51388 | Meta-I:5937	Meta-I:39678 | Meta-I:5852 | Meta-I:39867 | Meta-I:34930 | Meta-I:40729 | Meta-I:40688 | Meta-I:40690 | Meta-I:42676				5	
Z1143.42_Meta-I:32683	RXN-I:22256 | RXN-I:11606 | RXN-I:19604 | RXN-I:10564 | RXN-I:16189	Meta-I:34930	Meta-I:32683	Meta-I:79 | Meta-I:29908 | Meta-I:51388 | Meta-I:5937	Meta-I:39678 | Meta-I:34930 | Meta-I:40688 | Meta-I:40690 | Meta-I:5852 | Meta-I:39867 | Meta-I:40729 | Meta-I:1752 | Meta-I:42676 | Meta-I:40685 | Meta-I:40686				5	
Z862.1_Meta-I:32683	RXN-I:3335 | RXN-I:24192 | RXN-I:19604 | RXN-I:10510 | RXN-I:29778	Meta-I:34930	Meta-I:32683	Meta-I:46329 | Meta-I:29908 | Meta-I:51388 | Meta-I:5937	Meta-I:39678 | Meta-I:5852 | Meta-I:39867 | Meta-I:34930 | Meta-I:40729 | Meta-I:1752 | Meta-I:40688 | Meta-I:42676 | Meta-I:40690				5	
Z862.61_Meta-I:32683	RXN-I:3335 | RXN-I:24192 | RXN-I:19604 | RXN-I:10510 | RXN-I:16186	Meta-I:34930	Meta-I:32683	Meta-I:46329 | Meta-I:29908 | Meta-I:51388 | Meta-I:5937	Meta-I:39678 | Meta-I:5852 | Meta-I:39867 | Meta-I:34930 | Meta-I:40729 | Meta-I:1752 | Meta-I:40688 | Meta-I:42676 | Meta-I:40690 | Meta-I:40685 | Meta-I:40686				5	
Z1143.41_Meta-I:32683	RXN-I:14214 | RXN-I:11606 | RXN-I:19604 | RXN-I:10564 | RXN-I:16189	Meta-I:34930	Meta-I:32683	Meta-I:79 | Meta-I:29908 | Meta-I:51388 | Meta-I:5937	Meta-I:39678 | Meta-I:34930 | Meta-I:1752 | Meta-I:40688 | Meta-I:42676 | Meta-I:40690 | Meta-I:5852 | Meta-I:39867 | Meta-I:40729 | Meta-I:40685 | Meta-I:40686				5	
Z862.6_Meta-I:32683	RXN-I:3335 | RXN-I:6785 | RXN-I:19604 | RXN-I:10564 | RXN-I:29778	Meta-I:34930	Meta-I:32683	Meta-I:46329 | Meta-I:29908 | Meta-I:51388 | Meta-I:5937	Meta-I:39678 | Meta-I:5852 | Meta-I:39867 | Meta-I:34930 | Meta-I:40729 | Meta-I:40688 | Meta-I:40690 | Meta-I:1752 | Meta-I:42676				5	
Z862.7_Meta-I:32683	RXN-I:3335 | RXN-I:24192 | RXN-I:22000 | RXN-I:10564 | RXN-I:29778	Meta-I:34930	Meta-I:32683	Meta-I:46329 | Meta-I:29908 | Meta-I:51388 | Meta-I:5937	Meta-I:39678 | Meta-I:5852 | Meta-I:39867 | Meta-I:34930 | Meta-I:40729 | Meta-I:1752 | Meta-I:40688 | Meta-I:42676 | Meta-I:40690				5	
Z862.4_Meta-I:32683	RXN-I:3335 | RXN-I:6785 | RXN-I:22000 | RXN-I:10510 | RXN-I:29778	Meta-I:34930	Meta-I:32683	Meta-I:46329 | Meta-I:29908 | Meta-I:51388 | Meta-I:5937	Meta-I:39678 | Meta-I:5852 | Meta-I:39867 | Meta-I:34930 | Meta-I:40729 | Meta-I:40688 | Meta-I:40690 | Meta-I:42676 | Meta-I:1752				5	
Z862.5_Meta-I:32683	RXN-I:3335 | RXN-I:24192 | RXN-I:19604 | RXN-I:10564 | RXN-I:29778	Meta-I:34930	Meta-I:32683	Meta-I:46329 | Meta-I:29908 | Meta-I:51388 | Meta-I:5937	Meta-I:39678 | Meta-I:5852 | Meta-I:39867 | Meta-I:34930 | Meta-I:40729 | Meta-I:1752 | Meta-I:40688 | Meta-I:42676 | Meta-I:40690				5	
Z862.8_Meta-I:32683	RXN-I:3335 | RXN-I:6785 | RXN-I:22000 | RXN-I:10564 | RXN-I:29778	Meta-I:34930	Meta-I:32683	Meta-I:46329 | Meta-I:29908 | Meta-I:51388 | Meta-I:5937	Meta-I:39678 | Meta-I:5852 | Meta-I:39867 | Meta-I:34930 | Meta-I:40729 | Meta-I:40688 | Meta-I:40690 | Meta-I:42676 | Meta-I:1752				5	
Z862.9_Meta-I:32683	RXN-I:3335 | RXN-I:24192 | RXN-I:19604 | RXN-I:35775 | RXN-I:29778	Meta-I:34930	Meta-I:32683	Meta-I:46329 | Meta-I:29908 | Meta-I:51388 | Meta-I:5937	Meta-I:39678 | Meta-I:5852 | Meta-I:39867 | Meta-I:34930 | Meta-I:40729 | Meta-I:1752 | Meta-I:40688 | Meta-I:42676 | Meta-I:40690				5	
Z1143.59_Meta-I:32683	RXN-I:14214 | RXN-I:11606 | RXN-I:22000 | RXN-I:35775 | RXN-I:23077	Meta-I:34930	Meta-I:32683	Meta-I:79 | Meta-I:29908 | Meta-I:51388 | Meta-I:5937	Meta-I:39678 | Meta-I:34930 | Meta-I:1752 | Meta-I:40688 | Meta-I:42676 | Meta-I:40690 | Meta-I:5852 | Meta-I:39867 | Meta-I:40729				5	
Z1143.58_Meta-I:32683	RXN-I:22256 | RXN-I:11606 | RXN-I:19604 | RXN-I:35775 | RXN-I:23077	Meta-I:34930	Meta-I:32683	Meta-I:79 | Meta-I:29908 | Meta-I:51388 | Meta-I:5937	Meta-I:39678 | Meta-I:34930 | Meta-I:40688 | Meta-I:40690 | Meta-I:5852 | Meta-I:39867 | Meta-I:40729 | Meta-I:1752 | Meta-I:42676				5	
Z1143.55_Meta-I:32683	RXN-I:14214 | RXN-I:11606 | RXN-I:22000 | RXN-I:10564 | RXN-I:23077	Meta-I:34930	Meta-I:32683	Meta-I:79 | Meta-I:29908 | Meta-I:51388 | Meta-I:5937	Meta-I:39678 | Meta-I:34930 | Meta-I:1752 | Meta-I:40688 | Meta-I:42676 | Meta-I:40690 | Meta-I:5852 | Meta-I:39867 | Meta-I:40729				5	
Z1143.54_Meta-I:32683	RXN-I:22256 | RXN-I:11606 | RXN-I:19604 | RXN-I:10564 | RXN-I:23077	Meta-I:34930	Meta-I:32683	Meta-I:79 | Meta-I:29908 | Meta-I:51388 | Meta-I:5937	Meta-I:39678 | Meta-I:34930 | Meta-I:40688 | Meta-I:40690 | Meta-I:5852 | Meta-I:39867 | Meta-I:40729 | Meta-I:1752 | Meta-I:42676				5	
Z1143.57_Meta-I:32683	RXN-I:14214 | RXN-I:11606 | RXN-I:19604 | RXN-I:35775 | RXN-I:23077	Meta-I:34930	Meta-I:32683	Meta-I:79 | Meta-I:29908 | Meta-I:51388 | Meta-I:5937	Meta-I:39678 | Meta-I:34930 | Meta-I:1752 | Meta-I:40688 | Meta-I:42676 | Meta-I:40690 | Meta-I:5852 | Meta-I:39867 | Meta-I:40729				5	
Z1143.56_Meta-I:32683	RXN-I:22256 | RXN-I:11606 | RXN-I:22000 | RXN-I:10564 | RXN-I:23077	Meta-I:34930	Meta-I:32683	Meta-I:79 | Meta-I:29908 | Meta-I:51388 | Meta-I:5937	Meta-I:39678 | Meta-I:34930 | Meta-I:40688 | Meta-I:40690 | Meta-I:5852 | Meta-I:39867 | Meta-I:40729 | Meta-I:42676 | Meta-I:1752				5	
Z1143.51_Meta-I:32683	RXN-I:14214 | RXN-I:11606 | RXN-I:22000 | RXN-I:10510 | RXN-I:23077	Meta-I:34930	Meta-I:32683	Meta-I:79 | Meta-I:29908 | Meta-I:51388 | Meta-I:5937	Meta-I:39678 | Meta-I:34930 | Meta-I:1752 | Meta-I:40688 | Meta-I:42676 | Meta-I:40690 | Meta-I:5852 | Meta-I:39867 | Meta-I:40729				5	
Z862.70_Meta-I:32683	RXN-I:3335 | RXN-I:6785 | RXN-I:19604 | RXN-I:35775 | RXN-I:16186	Meta-I:34930	Meta-I:32683	Meta-I:46329 | Meta-I:29908 | Meta-I:51388 | Meta-I:5937	Meta-I:39678 | Meta-I:5852 | Meta-I:39867 | Meta-I:34930 | Meta-I:40729 | Meta-I:40688 | Meta-I:40690 | Meta-I:1752 | Meta-I:40685 | Meta-I:40686				5	
Z1143.50_Meta-I:32683	RXN-I:22256 | RXN-I:11606 | RXN-I:19604 | RXN-I:10510 | RXN-I:23077	Meta-I:34930	Meta-I:32683	Meta-I:79 | Meta-I:29908 | Meta-I:51388 | Meta-I:5937	Meta-I:39678 | Meta-I:34930 | Meta-I:40688 | Meta-I:40690 | Meta-I:5852 | Meta-I:39867 | Meta-I:40729 | Meta-I:1752 | Meta-I:42676				5	
Z862.71_Meta-I:32683	RXN-I:3335 | RXN-I:24192 | RXN-I:22000 | RXN-I:35775 | RXN-I:16186	Meta-I:34930	Meta-I:32683	Meta-I:46329 | Meta-I:29908 | Meta-I:51388 | Meta-I:5937	Meta-I:39678 | Meta-I:5852 | Meta-I:39867 | Meta-I:34930 | Meta-I:40729 | Meta-I:1752 | Meta-I:40688 | Meta-I:42676 | Meta-I:40690 | Meta-I:40685 | Meta-I:40686				5	
Z1143.53_Meta-I:32683	RXN-I:14214 | RXN-I:11606 | RXN-I:19604 | RXN-I:10564 | RXN-I:23077	Meta-I:34930	Meta-I:32683	Meta-I:79 | Meta-I:29908 | Meta-I:51388 | Meta-I:5937	Meta-I:39678 | Meta-I:34930 | Meta-I:1752 | Meta-I:40688 | Meta-I:42676 | Meta-I:40690 | Meta-I:5852 | Meta-I:39867 | Meta-I:40729				5	
Z862.72_Meta-I:32683	RXN-I:3335 | RXN-I:6785 | RXN-I:22000 | RXN-I:35775 | RXN-I:16186	Meta-I:34930	Meta-I:32683	Meta-I:46329 | Meta-I:29908 | Meta-I:51388 | Meta-I:5937	Meta-I:39678 | Meta-I:5852 | Meta-I:39867 | Meta-I:34930 | Meta-I:40729 | Meta-I:40688 | Meta-I:40690 | Meta-I:42676 | Meta-I:1752 | Meta-I:40685 | Meta-I:40686				5	
Z1143.52_Meta-I:32683	RXN-I:22256 | RXN-I:11606 | RXN-I:22000 | RXN-I:10510 | RXN-I:23077	Meta-I:34930	Meta-I:32683	Meta-I:79 | Meta-I:29908 | Meta-I:51388 | Meta-I:5937	Meta-I:39678 | Meta-I:34930 | Meta-I:40688 | Meta-I:40690 | Meta-I:5852 | Meta-I:39867 | Meta-I:40729 | Meta-I:42676 | Meta-I:1752				5	
Z1143.29_Meta-I:32683	RXN-I:14214 | RXN-I:11606 | RXN-I:19604 | RXN-I:10564 | RXN-I:29685	Meta-I:34930	Meta-I:32683	Meta-I:79 | Meta-I:29908 | Meta-I:51388 | Meta-I:5937	Meta-I:39678 | Meta-I:34930 | Meta-I:1752 | Meta-I:40688 | Meta-I:42676 | Meta-I:40690 | Meta-I:5852 | Meta-I:39867 | Meta-I:40729				5	
Z1143.26_Meta-I:32683	RXN-I:22256 | RXN-I:11606 | RXN-I:19604 | RXN-I:10510 | RXN-I:29685	Meta-I:34930	Meta-I:32683	Meta-I:79 | Meta-I:29908 | Meta-I:51388 | Meta-I:5937	Meta-I:39678 | Meta-I:34930 | Meta-I:40688 | Meta-I:40690 | Meta-I:5852 | Meta-I:39867 | Meta-I:40729 | Meta-I:1752 | Meta-I:42676				5	
Z1143.25_Meta-I:32683	RXN-I:14214 | RXN-I:11606 | RXN-I:19604 | RXN-I:10510 | RXN-I:29685	Meta-I:34930	Meta-I:32683	Meta-I:79 | Meta-I:29908 | Meta-I:51388 | Meta-I:5937	Meta-I:39678 | Meta-I:34930 | Meta-I:1752 | Meta-I:40688 | Meta-I:42676 | Meta-I:40690 | Meta-I:5852 | Meta-I:39867 | Meta-I:40729				5	
Z1143.28_Meta-I:32683	RXN-I:22256 | RXN-I:11606 | RXN-I:22000 | RXN-I:10510 | RXN-I:29685	Meta-I:34930	Meta-I:32683	Meta-I:79 | Meta-I:29908 | Meta-I:51388 | Meta-I:5937	Meta-I:39678 | Meta-I:34930 | Meta-I:40688 | Meta-I:40690 | Meta-I:5852 | Meta-I:39867 | Meta-I:40729 | Meta-I:42676 | Meta-I:1752				5	
Z1143.27_Meta-I:32683	RXN-I:14214 | RXN-I:11606 | RXN-I:22000 | RXN-I:10510 | RXN-I:29685	Meta-I:34930	Meta-I:32683	Meta-I:79 | Meta-I:29908 | Meta-I:51388 | Meta-I:5937	Meta-I:39678 | Meta-I:34930 | Meta-I:1752 | Meta-I:40688 | Meta-I:42676 | Meta-I:40690 | Meta-I:5852 | Meta-I:39867 | Meta-I:40729				5	
Z1143.22_Meta-I:32683	RXN-I:22256 | RXN-I:11606 | RXN-I:19604 | RXN-I:35775 | RXN-I:29923	Meta-I:34930	Meta-I:32683	Meta-I:79 | Meta-I:29908 | Meta-I:51388 | Meta-I:5937	Meta-I:39678 | Meta-I:34930 | Meta-I:40688 | Meta-I:40690 | Meta-I:5852 | Meta-I:39867 | Meta-I:40729 | Meta-I:1752				5	
Z1143.21_Meta-I:32683	RXN-I:14214 | RXN-I:11606 | RXN-I:19604 | RXN-I:35775 | RXN-I:29923	Meta-I:34930	Meta-I:32683	Meta-I:79 | Meta-I:29908 | Meta-I:51388 | Meta-I:5937	Meta-I:39678 | Meta-I:34930 | Meta-I:1752 | Meta-I:40688 | Meta-I:42676 | Meta-I:40690 | Meta-I:5852 | Meta-I:39867 | Meta-I:40729				5	
Z1143.24_Meta-I:32683	RXN-I:22256 | RXN-I:11606 | RXN-I:22000 | RXN-I:35775 | RXN-I:29923	Meta-I:34930	Meta-I:32683	Meta-I:79 | Meta-I:29908 | Meta-I:51388 | Meta-I:5937	Meta-I:39678 | Meta-I:34930 | Meta-I:40688 | Meta-I:40690 | Meta-I:5852 | Meta-I:39867 | Meta-I:40729 | Meta-I:42676 | Meta-I:1752				5	
Z1143.23_Meta-I:32683	RXN-I:14214 | RXN-I:11606 | RXN-I:22000 | RXN-I:35775 | RXN-I:29923	Meta-I:34930	Meta-I:32683	Meta-I:79 | Meta-I:29908 | Meta-I:51388 | Meta-I:5937	Meta-I:39678 | Meta-I:34930 | Meta-I:1752 | Meta-I:40688 | Meta-I:42676 | Meta-I:40690 | Meta-I:5852 | Meta-I:39867 | Meta-I:40729				5	
Z1143.20_Meta-I:32683	RXN-I:22256 | RXN-I:11606 | RXN-I:22000 | RXN-I:10564 | RXN-I:29923	Meta-I:34930	Meta-I:32683	Meta-I:79 | Meta-I:29908 | Meta-I:51388 | Meta-I:5937	Meta-I:39678 | Meta-I:34930 | Meta-I:40688 | Meta-I:40690 | Meta-I:5852 | Meta-I:39867 | Meta-I:40729 | Meta-I:42676 | Meta-I:1752				5	
Z862.10_Meta-I:32683	RXN-I:3335 | RXN-I:6785 | RXN-I:19604 | RXN-I:35775 | RXN-I:29778	Meta-I:34930	Meta-I:32683	Meta-I:46329 | Meta-I:29908 | Meta-I:51388 | Meta-I:5937	Meta-I:39678 | Meta-I:5852 | Meta-I:39867 | Meta-I:34930 | Meta-I:40729 | Meta-I:40688 | Meta-I:40690 | Meta-I:1752				5	
Z862.11_Meta-I:32683	RXN-I:3335 | RXN-I:24192 | RXN-I:22000 | RXN-I:35775 | RXN-I:29778	Meta-I:34930	Meta-I:32683	Meta-I:46329 | Meta-I:29908 | Meta-I:51388 | Meta-I:5937	Meta-I:39678 | Meta-I:5852 | Meta-I:39867 | Meta-I:34930 | Meta-I:40729 | Meta-I:1752 | Meta-I:40688 | Meta-I:42676 | Meta-I:40690				5	
Z862.12_Meta-I:32683	RXN-I:3335 | RXN-I:6785 | RXN-I:22000 | RXN-I:35775 | RXN-I:29778	Meta-I:34930	Meta-I:32683	Meta-I:46329 | Meta-I:29908 | Meta-I:51388 | Meta-I:5937	Meta-I:39678 | Meta-I:5852 | Meta-I:39867 | Meta-I:34930 | Meta-I:40729 | Meta-I:40688 | Meta-I:40690 | Meta-I:42676 | Meta-I:1752				5	
Z862.13_Meta-I:32683	RXN-I:3335 | RXN-I:24192 | RXN-I:19604 | RXN-I:10510 | RXN-I:29923	Meta-I:34930	Meta-I:32683	Meta-I:46329 | Meta-I:29908 | Meta-I:51388 | Meta-I:5937	Meta-I:39678 | Meta-I:5852 | Meta-I:39867 | Meta-I:34930 | Meta-I:40729 | Meta-I:1752 | Meta-I:40688 | Meta-I:42676 | Meta-I:40690				5	
Z862.14_Meta-I:32683	RXN-I:3335 | RXN-I:6785 | RXN-I:19604 | RXN-I:10510 | RXN-I:29923	Meta-I:34930	Meta-I:32683	Meta-I:46329 | Meta-I:29908 | Meta-I:51388 | Meta-I:5937	Meta-I:39678 | Meta-I:5852 | Meta-I:39867 | Meta-I:34930 | Meta-I:40729 | Meta-I:40688 | Meta-I:40690 | Meta-I:1752 | Meta-I:42676				5	
Z862.15_Meta-I:32683	RXN-I:3335 | RXN-I:24192 | RXN-I:22000 | RXN-I:10510 | RXN-I:29923	Meta-I:34930	Meta-I:32683	Meta-I:46329 | Meta-I:29908 | Meta-I:51388 | Meta-I:5937	Meta-I:39678 | Meta-I:5852 | Meta-I:39867 | Meta-I:34930 | Meta-I:40729 | Meta-I:1752 | Meta-I:40688 | Meta-I:42676 | Meta-I:40690				5	
Z862.16_Meta-I:32683	RXN-I:3335 | RXN-I:6785 | RXN-I:22000 | RXN-I:10510 | RXN-I:29923	Meta-I:34930	Meta-I:32683	Meta-I:46329 | Meta-I:29908 | Meta-I:51388 | Meta-I:5937	Meta-I:39678 | Meta-I:5852 | Meta-I:39867 | Meta-I:34930 | Meta-I:40729 | Meta-I:40688 | Meta-I:40690 | Meta-I:42676 | Meta-I:1752				5	
Z862.17_Meta-I:32683	RXN-I:3335 | RXN-I:24192 | RXN-I:19604 | RXN-I:10564 | RXN-I:29923	Meta-I:34930	Meta-I:32683	Meta-I:46329 | Meta-I:29908 | Meta-I:51388 | Meta-I:5937	Meta-I:39678 | Meta-I:5852 | Meta-I:39867 | Meta-I:34930 | Meta-I:40729 | Meta-I:1752 | Meta-I:40688 | Meta-I:42676 | Meta-I:40690				5	
Z862.18_Meta-I:32683	RXN-I:3335 | RXN-I:6785 | RXN-I:19604 | RXN-I:10564 | RXN-I:29923	Meta-I:34930	Meta-I:32683	Meta-I:46329 | Meta-I:29908 | Meta-I:51388 | Meta-I:5937	Meta-I:39678 | Meta-I:5852 | Meta-I:39867 | Meta-I:34930 | Meta-I:40729 | Meta-I:40688 | Meta-I:40690 | Meta-I:1752 | Meta-I:42676				5	
Z862.19_Meta-I:32683	RXN-I:3335 | RXN-I:24192 | RXN-I:22000 | RXN-I:10564 | RXN-I:29923	Meta-I:34930	Meta-I:32683	Meta-I:46329 | Meta-I:29908 | Meta-I:51388 | Meta-I:5937	Meta-I:39678 | Meta-I:5852 | Meta-I:39867 | Meta-I:34930 | Meta-I:40729 | Meta-I:1752 | Meta-I:40688 | Meta-I:42676 | Meta-I:40690				5	
Z1143.37_Meta-I:32683	RXN-I:14214 | RXN-I:11606 | RXN-I:19604 | RXN-I:10510 | RXN-I:16189	Meta-I:34930	Meta-I:32683	Meta-I:79 | Meta-I:29908 | Meta-I:51388 | Meta-I:5937	Meta-I:39678 | Meta-I:34930 | Meta-I:1752 | Meta-I:40688 | Meta-I:42676 | Meta-I:40690 | Meta-I:5852 | Meta-I:39867 | Meta-I:40729 | Meta-I:40685 | Meta-I:40686				5	
Z1143.36_Meta-I:32683	RXN-I:22256 | RXN-I:11606 | RXN-I:22000 | RXN-I:35775 | RXN-I:29685	Meta-I:34930	Meta-I:32683	Meta-I:79 | Meta-I:29908 | Meta-I:51388 | Meta-I:5937	Meta-I:39678 | Meta-I:34930 | Meta-I:40688 | Meta-I:40690 | Meta-I:5852 | Meta-I:39867 | Meta-I:40729 | Meta-I:42676 | Meta-I:1752				5	
Z1143.39_Meta-I:32683	RXN-I:14214 | RXN-I:11606 | RXN-I:22000 | RXN-I:10510 | RXN-I:16189	Meta-I:34930	Meta-I:32683	Meta-I:79 | Meta-I:29908 | Meta-I:51388 | Meta-I:5937	Meta-I:39678 | Meta-I:34930 | Meta-I:1752 | Meta-I:40688 | Meta-I:42676 | Meta-I:40690 | Meta-I:5852 | Meta-I:39867 | Meta-I:40729 | Meta-I:40685 | Meta-I:40686				5	
Z1143.38_Meta-I:32683	RXN-I:22256 | RXN-I:11606 | RXN-I:19604 | RXN-I:10510 | RXN-I:16189	Meta-I:34930	Meta-I:32683	Meta-I:79 | Meta-I:29908 | Meta-I:51388 | Meta-I:5937	Meta-I:39678 | Meta-I:34930 | Meta-I:40688 | Meta-I:40690 | Meta-I:5852 | Meta-I:39867 | Meta-I:40729 | Meta-I:1752 | Meta-I:42676 | Meta-I:40685 | Meta-I:40686				5	
Z1143.33_Meta-I:32683	RXN-I:14214 | RXN-I:11606 | RXN-I:19604 | RXN-I:35775 | RXN-I:29685	Meta-I:34930	Meta-I:32683	Meta-I:79 | Meta-I:29908 | Meta-I:51388 | Meta-I:5937	Meta-I:39678 | Meta-I:34930 | Meta-I:1752 | Meta-I:40688 | Meta-I:42676 | Meta-I:40690 | Meta-I:5852 | Meta-I:39867 | Meta-I:40729				5	
Z1143.32_Meta-I:32683	RXN-I:22256 | RXN-I:11606 | RXN-I:22000 | RXN-I:10564 | RXN-I:29685	Meta-I:34930	Meta-I:32683	Meta-I:79 | Meta-I:29908 | Meta-I:51388 | Meta-I:5937	Meta-I:39678 | Meta-I:34930 | Meta-I:40688 | Meta-I:40690 | Meta-I:5852 | Meta-I:39867 | Meta-I:40729 | Meta-I:42676 | Meta-I:1752				5	
Z1143.35_Meta-I:32683	RXN-I:14214 | RXN-I:11606 | RXN-I:22000 | RXN-I:35775 | RXN-I:29685	Meta-I:34930	Meta-I:32683	Meta-I:79 | Meta-I:29908 | Meta-I:51388 | Meta-I:5937	Meta-I:39678 | Meta-I:34930 | Meta-I:1752 | Meta-I:40688 | Meta-I:42676 | Meta-I:40690 | Meta-I:5852 | Meta-I:39867 | Meta-I:40729				5	
Z1143.34_Meta-I:32683	RXN-I:22256 | RXN-I:11606 | RXN-I:19604 | RXN-I:35775 | RXN-I:29685	Meta-I:34930	Meta-I:32683	Meta-I:79 | Meta-I:29908 | Meta-I:51388 | Meta-I:5937	Meta-I:39678 | Meta-I:34930 | Meta-I:40688 | Meta-I:40690 | Meta-I:5852 | Meta-I:39867 | Meta-I:40729 | Meta-I:1752				5	
Z1143.31_Meta-I:32683	RXN-I:14214 | RXN-I:11606 | RXN-I:22000 | RXN-I:10564 | RXN-I:29685	Meta-I:34930	Meta-I:32683	Meta-I:79 | Meta-I:29908 | Meta-I:51388 | Meta-I:5937	Meta-I:39678 | Meta-I:34930 | Meta-I:1752 | Meta-I:40688 | Meta-I:42676 | Meta-I:40690 | Meta-I:5852 | Meta-I:39867 | Meta-I:40729				5	
Z1143.30_Meta-I:32683	RXN-I:22256 | RXN-I:11606 | RXN-I:19604 | RXN-I:10564 | RXN-I:29685	Meta-I:34930	Meta-I:32683	Meta-I:79 | Meta-I:29908 | Meta-I:51388 | Meta-I:5937	Meta-I:39678 | Meta-I:34930 | Meta-I:40688 | Meta-I:40690 | Meta-I:5852 | Meta-I:39867 | Meta-I:40729 | Meta-I:1752 | Meta-I:42676				5	
Z862.20_Meta-I:32683	RXN-I:3335 | RXN-I:6785 | RXN-I:22000 | RXN-I:10564 | RXN-I:29923	Meta-I:34930	Meta-I:32683	Meta-I:46329 | Meta-I:29908 | Meta-I:51388 | Meta-I:5937	Meta-I:39678 | Meta-I:5852 | Meta-I:39867 | Meta-I:34930 | Meta-I:40729 | Meta-I:40688 | Meta-I:40690 | Meta-I:42676 | Meta-I:1752				5	
Z862.21_Meta-I:32683	RXN-I:3335 | RXN-I:24192 | RXN-I:19604 | RXN-I:35775 | RXN-I:29923	Meta-I:34930	Meta-I:32683	Meta-I:46329 | Meta-I:29908 | Meta-I:51388 | Meta-I:5937	Meta-I:39678 | Meta-I:5852 | Meta-I:39867 | Meta-I:34930 | Meta-I:40729 | Meta-I:1752 | Meta-I:40688 | Meta-I:42676 | Meta-I:40690				5	
Z862.22_Meta-I:32683	RXN-I:3335 | RXN-I:6785 | RXN-I:19604 | RXN-I:35775 | RXN-I:29923	Meta-I:34930	Meta-I:32683	Meta-I:46329 | Meta-I:29908 | Meta-I:51388 | Meta-I:5937	Meta-I:39678 | Meta-I:5852 | Meta-I:39867 | Meta-I:34930 | Meta-I:40729 | Meta-I:40688 | Meta-I:40690 | Meta-I:1752				5	
Z862.23_Meta-I:32683	RXN-I:3335 | RXN-I:24192 | RXN-I:22000 | RXN-I:35775 | RXN-I:29923	Meta-I:34930	Meta-I:32683	Meta-I:46329 | Meta-I:29908 | Meta-I:51388 | Meta-I:5937	Meta-I:39678 | Meta-I:5852 | Meta-I:39867 | Meta-I:34930 | Meta-I:40729 | Meta-I:1752 | Meta-I:40688 | Meta-I:42676 | Meta-I:40690				5	
Z862.24_Meta-I:32683	RXN-I:3335 | RXN-I:6785 | RXN-I:22000 | RXN-I:35775 | RXN-I:29923	Meta-I:34930	Meta-I:32683	Meta-I:46329 | Meta-I:29908 | Meta-I:51388 | Meta-I:5937	Meta-I:39678 | Meta-I:5852 | Meta-I:39867 | Meta-I:34930 | Meta-I:40729 | Meta-I:40688 | Meta-I:40690 | Meta-I:42676 | Meta-I:1752				5	
Z862.25_Meta-I:32683	RXN-I:3335 | RXN-I:24192 | RXN-I:19604 | RXN-I:10510 | RXN-I:29685	Meta-I:34930	Meta-I:32683	Meta-I:46329 | Meta-I:29908 | Meta-I:51388 | Meta-I:5937	Meta-I:39678 | Meta-I:5852 | Meta-I:39867 | Meta-I:34930 | Meta-I:40729 | Meta-I:1752 | Meta-I:40688 | Meta-I:42676 | Meta-I:40690				5	
Z862.26_Meta-I:32683	RXN-I:3335 | RXN-I:6785 | RXN-I:19604 | RXN-I:10510 | RXN-I:29685	Meta-I:34930	Meta-I:32683	Meta-I:46329 | Meta-I:29908 | Meta-I:51388 | Meta-I:5937	Meta-I:39678 | Meta-I:5852 | Meta-I:39867 | Meta-I:34930 | Meta-I:40729 | Meta-I:40688 | Meta-I:40690 | Meta-I:1752 | Meta-I:42676				5	
Z862.27_Meta-I:32683	RXN-I:3335 | RXN-I:24192 | RXN-I:22000 | RXN-I:10510 | RXN-I:29685	Meta-I:34930	Meta-I:32683	Meta-I:46329 | Meta-I:29908 | Meta-I:51388 | Meta-I:5937	Meta-I:39678 | Meta-I:5852 | Meta-I:39867 | Meta-I:34930 | Meta-I:40729 | Meta-I:1752 | Meta-I:40688 | Meta-I:42676 | Meta-I:40690				5	
Z862.28_Meta-I:32683	RXN-I:3335 | RXN-I:6785 | RXN-I:22000 | RXN-I:10510 | RXN-I:29685	Meta-I:34930	Meta-I:32683	Meta-I:46329 | Meta-I:29908 | Meta-I:51388 | Meta-I:5937	Meta-I:39678 | Meta-I:5852 | Meta-I:39867 | Meta-I:34930 | Meta-I:40729 | Meta-I:40688 | Meta-I:40690 | Meta-I:42676 | Meta-I:1752				5	
Z862.29_Meta-I:32683	RXN-I:3335 | RXN-I:24192 | RXN-I:19604 | RXN-I:10564 | RXN-I:29685	Meta-I:34930	Meta-I:32683	Meta-I:46329 | Meta-I:29908 | Meta-I:51388 | Meta-I:5937	Meta-I:39678 | Meta-I:5852 | Meta-I:39867 | Meta-I:34930 | Meta-I:40729 | Meta-I:1752 | Meta-I:40688 | Meta-I:42676 | Meta-I:40690				5	
Z576.10_Meta-I:32683	RXN-I:3335 | RXN-I:6785 | RXN-I:19604 | RXN-I:36031 | RXN-I:46446 | RXN-I:29685	Meta-I:34930	Meta-I:32683	Meta-I:46329 | Meta-I:29908 | Meta-I:51388 | Meta-I:692016 | Meta-I:5937	Meta-I:39678 | Meta-I:5852 | Meta-I:39867 | Meta-I:34930 | Meta-I:40729 | Meta-I:40688 | Meta-I:40690 | Meta-I:1752 | Meta-I:42676				6	
Z576.12_Meta-I:32683	RXN-I:3335 | RXN-I:6785 | RXN-I:22000 | RXN-I:36031 | RXN-I:46446 | RXN-I:29685	Meta-I:34930	Meta-I:32683	Meta-I:46329 | Meta-I:29908 | Meta-I:51388 | Meta-I:692016 | Meta-I:5937	Meta-I:39678 | Meta-I:5852 | Meta-I:39867 | Meta-I:34930 | Meta-I:40729 | Meta-I:40688 | Meta-I:40690 | Meta-I:42676 | Meta-I:1752				6	
Z576.11_Meta-I:32683	RXN-I:3335 | RXN-I:24192 | RXN-I:22000 | RXN-I:36031 | RXN-I:46446 | RXN-I:29685	Meta-I:34930	Meta-I:32683	Meta-I:46329 | Meta-I:29908 | Meta-I:51388 | Meta-I:692016 | Meta-I:5937	Meta-I:39678 | Meta-I:5852 | Meta-I:39867 | Meta-I:34930 | Meta-I:40729 | Meta-I:1752 | Meta-I:40688 | Meta-I:42676 | Meta-I:40690				6	
Z576.14_Meta-I:32683	RXN-I:3335 | RXN-I:6785 | RXN-I:19604 | RXN-I:36031 | RXN-I:46446 | RXN-I:16189	Meta-I:34930	Meta-I:32683	Meta-I:46329 | Meta-I:29908 | Meta-I:51388 | Meta-I:692016 | Meta-I:5937	Meta-I:39678 | Meta-I:5852 | Meta-I:39867 | Meta-I:34930 | Meta-I:40729 | Meta-I:40688 | Meta-I:40690 | Meta-I:1752 | Meta-I:42676 | Meta-I:40685 | Meta-I:40686				6	
Z576.13_Meta-I:32683	RXN-I:3335 | RXN-I:24192 | RXN-I:19604 | RXN-I:36031 | RXN-I:46446 | RXN-I:16189	Meta-I:34930	Meta-I:32683	Meta-I:46329 | Meta-I:29908 | Meta-I:51388 | Meta-I:692016 | Meta-I:5937	Meta-I:39678 | Meta-I:5852 | Meta-I:39867 | Meta-I:34930 | Meta-I:40729 | Meta-I:1752 | Meta-I:40688 | Meta-I:42676 | Meta-I:40690 | Meta-I:40685 | Meta-I:40686				6	
Z576.16_Meta-I:32683	RXN-I:3335 | RXN-I:6785 | RXN-I:22000 | RXN-I:36031 | RXN-I:46446 | RXN-I:16189	Meta-I:34930	Meta-I:32683	Meta-I:46329 | Meta-I:29908 | Meta-I:51388 | Meta-I:692016 | Meta-I:5937	Meta-I:39678 | Meta-I:5852 | Meta-I:39867 | Meta-I:34930 | Meta-I:40729 | Meta-I:40688 | Meta-I:40690 | Meta-I:42676 | Meta-I:1752 | Meta-I:40685 | Meta-I:40686				6	
Z576.15_Meta-I:32683	RXN-I:3335 | RXN-I:24192 | RXN-I:22000 | RXN-I:36031 | RXN-I:46446 | RXN-I:16189	Meta-I:34930	Meta-I:32683	Meta-I:46329 | Meta-I:29908 | Meta-I:51388 | Meta-I:692016 | Meta-I:5937	Meta-I:39678 | Meta-I:5852 | Meta-I:39867 | Meta-I:34930 | Meta-I:40729 | Meta-I:1752 | Meta-I:40688 | Meta-I:42676 | Meta-I:40690 | Meta-I:40685 | Meta-I:40686				6	
Z576.18_Meta-I:32683	RXN-I:3335 | RXN-I:6785 | RXN-I:19604 | RXN-I:36031 | RXN-I:46446 | RXN-I:23077	Meta-I:34930	Meta-I:32683	Meta-I:46329 | Meta-I:29908 | Meta-I:51388 | Meta-I:692016 | Meta-I:5937	Meta-I:39678 | Meta-I:5852 | Meta-I:39867 | Meta-I:34930 | Meta-I:40729 | Meta-I:40688 | Meta-I:40690 | Meta-I:1752 | Meta-I:42676				6	
Z576.17_Meta-I:32683	RXN-I:3335 | RXN-I:24192 | RXN-I:19604 | RXN-I:36031 | RXN-I:46446 | RXN-I:23077	Meta-I:34930	Meta-I:32683	Meta-I:46329 | Meta-I:29908 | Meta-I:51388 | Meta-I:692016 | Meta-I:5937	Meta-I:39678 | Meta-I:5852 | Meta-I:39867 | Meta-I:34930 | Meta-I:40729 | Meta-I:1752 | Meta-I:40688 | Meta-I:42676 | Meta-I:40690				6	
Z576.19_Meta-I:32683	RXN-I:3335 | RXN-I:24192 | RXN-I:22000 | RXN-I:36031 | RXN-I:46446 | RXN-I:23077	Meta-I:34930	Meta-I:32683	Meta-I:46329 | Meta-I:29908 | Meta-I:51388 | Meta-I:692016 | Meta-I:5937	Meta-I:39678 | Meta-I:5852 | Meta-I:39867 | Meta-I:34930 | Meta-I:40729 | Meta-I:1752 | Meta-I:40688 | Meta-I:42676 | Meta-I:40690				6	
Z862.30_Meta-I:32683	RXN-I:3335 | RXN-I:6785 | RXN-I:19604 | RXN-I:10564 | RXN-I:29685	Meta-I:34930	Meta-I:32683	Meta-I:46329 | Meta-I:29908 | Meta-I:51388 | Meta-I:5937	Meta-I:39678 | Meta-I:5852 | Meta-I:39867 | Meta-I:34930 | Meta-I:40729 | Meta-I:40688 | Meta-I:40690 | Meta-I:1752 | Meta-I:42676				5	
Z862.31_Meta-I:32683	RXN-I:3335 | RXN-I:24192 | RXN-I:22000 | RXN-I:10564 | RXN-I:29685	Meta-I:34930	Meta-I:32683	Meta-I:46329 | Meta-I:29908 | Meta-I:51388 | Meta-I:5937	Meta-I:39678 | Meta-I:5852 | Meta-I:39867 | Meta-I:34930 | Meta-I:40729 | Meta-I:1752 | Meta-I:40688 | Meta-I:42676 | Meta-I:40690				5	
Z862.32_Meta-I:32683	RXN-I:3335 | RXN-I:6785 | RXN-I:22000 | RXN-I:10564 | RXN-I:29685	Meta-I:34930	Meta-I:32683	Meta-I:46329 | Meta-I:29908 | Meta-I:51388 | Meta-I:5937	Meta-I:39678 | Meta-I:5852 | Meta-I:39867 | Meta-I:34930 | Meta-I:40729 | Meta-I:40688 | Meta-I:40690 | Meta-I:42676 | Meta-I:1752				5	
Z862.33_Meta-I:32683	RXN-I:3335 | RXN-I:24192 | RXN-I:19604 | RXN-I:35775 | RXN-I:29685	Meta-I:34930	Meta-I:32683	Meta-I:46329 | Meta-I:29908 | Meta-I:51388 | Meta-I:5937	Meta-I:39678 | Meta-I:5852 | Meta-I:39867 | Meta-I:34930 | Meta-I:40729 | Meta-I:1752 | Meta-I:40688 | Meta-I:42676 | Meta-I:40690				5	
Z862.34_Meta-I:32683	RXN-I:3335 | RXN-I:6785 | RXN-I:19604 | RXN-I:35775 | RXN-I:29685	Meta-I:34930	Meta-I:32683	Meta-I:46329 | Meta-I:29908 | Meta-I:51388 | Meta-I:5937	Meta-I:39678 | Meta-I:5852 | Meta-I:39867 | Meta-I:34930 | Meta-I:40729 | Meta-I:40688 | Meta-I:40690 | Meta-I:1752				5	
Z862.35_Meta-I:32683	RXN-I:3335 | RXN-I:24192 | RXN-I:22000 | RXN-I:35775 | RXN-I:29685	Meta-I:34930	Meta-I:32683	Meta-I:46329 | Meta-I:29908 | Meta-I:51388 | Meta-I:5937	Meta-I:39678 | Meta-I:5852 | Meta-I:39867 | Meta-I:34930 | Meta-I:40729 | Meta-I:1752 | Meta-I:40688 | Meta-I:42676 | Meta-I:40690				5	
Z862.36_Meta-I:32683	RXN-I:3335 | RXN-I:6785 | RXN-I:22000 | RXN-I:35775 | RXN-I:29685	Meta-I:34930	Meta-I:32683	Meta-I:46329 | Meta-I:29908 | Meta-I:51388 | Meta-I:5937	Meta-I:39678 | Meta-I:5852 | Meta-I:39867 | Meta-I:34930 | Meta-I:40729 | Meta-I:40688 | Meta-I:40690 | Meta-I:42676 | Meta-I:1752				5	
Z862.37_Meta-I:32683	RXN-I:3335 | RXN-I:24192 | RXN-I:19604 | RXN-I:10510 | RXN-I:16189	Meta-I:34930	Meta-I:32683	Meta-I:46329 | Meta-I:29908 | Meta-I:51388 | Meta-I:5937	Meta-I:39678 | Meta-I:5852 | Meta-I:39867 | Meta-I:34930 | Meta-I:40729 | Meta-I:1752 | Meta-I:40688 | Meta-I:42676 | Meta-I:40690 | Meta-I:40685 | Meta-I:40686				5	
Z862.38_Meta-I:32683	RXN-I:3335 | RXN-I:6785 | RXN-I:19604 | RXN-I:10510 | RXN-I:16189	Meta-I:34930	Meta-I:32683	Meta-I:46329 | Meta-I:29908 | Meta-I:51388 | Meta-I:5937	Meta-I:39678 | Meta-I:5852 | Meta-I:39867 | Meta-I:34930 | Meta-I:40729 | Meta-I:40688 | Meta-I:40690 | Meta-I:1752 | Meta-I:42676 | Meta-I:40685 | Meta-I:40686				5	
Z862.39_Meta-I:32683	RXN-I:3335 | RXN-I:24192 | RXN-I:22000 | RXN-I:10510 | RXN-I:16189	Meta-I:34930	Meta-I:32683	Meta-I:46329 | Meta-I:29908 | Meta-I:51388 | Meta-I:5937	Meta-I:39678 | Meta-I:5852 | Meta-I:39867 | Meta-I:34930 | Meta-I:40729 | Meta-I:1752 | Meta-I:40688 | Meta-I:42676 | Meta-I:40690 | Meta-I:40685 | Meta-I:40686				5	
Z1143.19_Meta-I:32683	RXN-I:14214 | RXN-I:11606 | RXN-I:22000 | RXN-I:10564 | RXN-I:29923	Meta-I:34930	Meta-I:32683	Meta-I:79 | Meta-I:29908 | Meta-I:51388 | Meta-I:5937	Meta-I:39678 | Meta-I:34930 | Meta-I:1752 | Meta-I:40688 | Meta-I:42676 | Meta-I:40690 | Meta-I:5852 | Meta-I:39867 | Meta-I:40729				5	
Z1143.18_Meta-I:32683	RXN-I:22256 | RXN-I:11606 | RXN-I:19604 | RXN-I:10564 | RXN-I:29923	Meta-I:34930	Meta-I:32683	Meta-I:79 | Meta-I:29908 | Meta-I:51388 | Meta-I:5937	Meta-I:39678 | Meta-I:34930 | Meta-I:40688 | Meta-I:40690 | Meta-I:5852 | Meta-I:39867 | Meta-I:40729 | Meta-I:1752 | Meta-I:42676				5	
Z576.21_Meta-I:32683	RXN-I:3335 | RXN-I:24192 | RXN-I:19604 | RXN-I:36031 | RXN-I:46446 | RXN-I:16186	Meta-I:34930	Meta-I:32683	Meta-I:46329 | Meta-I:29908 | Meta-I:51388 | Meta-I:692016 | Meta-I:5937	Meta-I:39678 | Meta-I:5852 | Meta-I:39867 | Meta-I:34930 | Meta-I:40729 | Meta-I:1752 | Meta-I:40688 | Meta-I:42676 | Meta-I:40690 | Meta-I:40685 | Meta-I:40686				6	
Z576.20_Meta-I:32683	RXN-I:3335 | RXN-I:6785 | RXN-I:22000 | RXN-I:36031 | RXN-I:46446 | RXN-I:23077	Meta-I:34930	Meta-I:32683	Meta-I:46329 | Meta-I:29908 | Meta-I:51388 | Meta-I:692016 | Meta-I:5937	Meta-I:39678 | Meta-I:5852 | Meta-I:39867 | Meta-I:34930 | Meta-I:40729 | Meta-I:40688 | Meta-I:40690 | Meta-I:42676 | Meta-I:1752				6	
Z1143.15_Meta-I:32683	RXN-I:14214 | RXN-I:11606 | RXN-I:22000 | RXN-I:10510 | RXN-I:29923	Meta-I:34930	Meta-I:32683	Meta-I:79 | Meta-I:29908 | Meta-I:51388 | Meta-I:5937	Meta-I:39678 | Meta-I:34930 | Meta-I:1752 | Meta-I:40688 | Meta-I:42676 | Meta-I:40690 | Meta-I:5852 | Meta-I:39867 | Meta-I:40729				5	
Z576.23_Meta-I:32683	RXN-I:3335 | RXN-I:24192 | RXN-I:22000 | RXN-I:36031 | RXN-I:46446 | RXN-I:16186	Meta-I:34930	Meta-I:32683	Meta-I:46329 | Meta-I:29908 | Meta-I:51388 | Meta-I:692016 | Meta-I:5937	Meta-I:39678 | Meta-I:5852 | Meta-I:39867 | Meta-I:34930 | Meta-I:40729 | Meta-I:1752 | Meta-I:40688 | Meta-I:42676 | Meta-I:40690 | Meta-I:40685 | Meta-I:40686				6	
Z1143.14_Meta-I:32683	RXN-I:22256 | RXN-I:11606 | RXN-I:19604 | RXN-I:10510 | RXN-I:29923	Meta-I:34930	Meta-I:32683	Meta-I:79 | Meta-I:29908 | Meta-I:51388 | Meta-I:5937	Meta-I:39678 | Meta-I:34930 | Meta-I:40688 | Meta-I:40690 | Meta-I:5852 | Meta-I:39867 | Meta-I:40729 | Meta-I:1752 | Meta-I:42676				5	
Z576.22_Meta-I:32683	RXN-I:3335 | RXN-I:6785 | RXN-I:19604 | RXN-I:36031 | RXN-I:46446 | RXN-I:16186	Meta-I:34930	Meta-I:32683	Meta-I:46329 | Meta-I:29908 | Meta-I:51388 | Meta-I:692016 | Meta-I:5937	Meta-I:39678 | Meta-I:5852 | Meta-I:39867 | Meta-I:34930 | Meta-I:40729 | Meta-I:40688 | Meta-I:40690 | Meta-I:1752 | Meta-I:42676 | Meta-I:40685 | Meta-I:40686				6	
Z1143.17_Meta-I:32683	RXN-I:14214 | RXN-I:11606 | RXN-I:19604 | RXN-I:10564 | RXN-I:29923	Meta-I:34930	Meta-I:32683	Meta-I:79 | Meta-I:29908 | Meta-I:51388 | Meta-I:5937	Meta-I:39678 | Meta-I:34930 | Meta-I:1752 | Meta-I:40688 | Meta-I:42676 | Meta-I:40690 | Meta-I:5852 | Meta-I:39867 | Meta-I:40729				5	
Z1143.16_Meta-I:32683	RXN-I:22256 | RXN-I:11606 | RXN-I:22000 | RXN-I:10510 | RXN-I:29923	Meta-I:34930	Meta-I:32683	Meta-I:79 | Meta-I:29908 | Meta-I:51388 | Meta-I:5937	Meta-I:39678 | Meta-I:34930 | Meta-I:40688 | Meta-I:40690 | Meta-I:5852 | Meta-I:39867 | Meta-I:40729 | Meta-I:42676 | Meta-I:1752				5	
Z576.24_Meta-I:32683	RXN-I:3335 | RXN-I:6785 | RXN-I:22000 | RXN-I:36031 | RXN-I:46446 | RXN-I:16186	Meta-I:34930	Meta-I:32683	Meta-I:46329 | Meta-I:29908 | Meta-I:51388 | Meta-I:692016 | Meta-I:5937	Meta-I:39678 | Meta-I:5852 | Meta-I:39867 | Meta-I:34930 | Meta-I:40729 | Meta-I:40688 | Meta-I:40690 | Meta-I:42676 | Meta-I:1752 | Meta-I:40685 | Meta-I:40686				6	
Z1143.11_Meta-I:32683	RXN-I:14214 | RXN-I:11606 | RXN-I:22000 | RXN-I:35775 | RXN-I:29778	Meta-I:34930	Meta-I:32683	Meta-I:79 | Meta-I:29908 | Meta-I:51388 | Meta-I:5937	Meta-I:39678 | Meta-I:34930 | Meta-I:1752 | Meta-I:40688 | Meta-I:42676 | Meta-I:40690 | Meta-I:5852 | Meta-I:39867 | Meta-I:40729				5	
Z1143.10_Meta-I:32683	RXN-I:22256 | RXN-I:11606 | RXN-I:19604 | RXN-I:35775 | RXN-I:29778	Meta-I:34930	Meta-I:32683	Meta-I:79 | Meta-I:29908 | Meta-I:51388 | Meta-I:5937	Meta-I:39678 | Meta-I:34930 | Meta-I:40688 | Meta-I:40690 | Meta-I:5852 | Meta-I:39867 | Meta-I:40729 | Meta-I:1752				5	
Z1143.13_Meta-I:32683	RXN-I:14214 | RXN-I:11606 | RXN-I:19604 | RXN-I:10510 | RXN-I:29923	Meta-I:34930	Meta-I:32683	Meta-I:79 | Meta-I:29908 | Meta-I:51388 | Meta-I:5937	Meta-I:39678 | Meta-I:34930 | Meta-I:1752 | Meta-I:40688 | Meta-I:42676 | Meta-I:40690 | Meta-I:5852 | Meta-I:39867 | Meta-I:40729				5	
Z1143.12_Meta-I:32683	RXN-I:22256 | RXN-I:11606 | RXN-I:22000 | RXN-I:35775 | RXN-I:29778	Meta-I:34930	Meta-I:32683	Meta-I:79 | Meta-I:29908 | Meta-I:51388 | Meta-I:5937	Meta-I:39678 | Meta-I:34930 | Meta-I:40688 | Meta-I:40690 | Meta-I:5852 | Meta-I:39867 | Meta-I:40729 | Meta-I:42676 | Meta-I:1752				5	
