M_PR_UID	M_PR_NAME	M_PR_FORMULA	M_PR_CHARGE	M_PR_INCHI	M_PR_SMILE-CAN-OB	M_PR_COFACTOR	M_XR_KEGG	M_XR_CHEBI
2	NADH	C21H29N7O14P2	0	BOPGDPNILDQYTO-UHFFFAOYSA-N	OC1C(O)C(OC1N1C=CCC(=C1)C(=O)N)COP(=O)(OP(=O)(OCC1OC(C(C1O)O)n1cnc2c1ncnc2N)O)O	1	C00004	16908
3	H+	H	1	-UHFFFAOYSA-N		1	C00080	15378
4	NADP+	C21H29N7O17P3	1	XJLXINKUBYWONI-UHFFFAOYSA-N	OC1C(O)C(OC1[n+]1cccc(c1)C(=O)N)COP(=O)(OP(=O)(OCC1OC(C(C1O)OP(=O)(O)O)n1cnc2c1ncnc2N)O)O	1	C00006	18009
5	NADPH	C21H30N7O17P3	0	ACFIXJIJDZMPPO-UHFFFAOYSA-N	OC1C(O)C(OC1N1C=CCC(=C1)C(=O)N)COP(=O)(OP(=O)(OCC1OC(C(C1O)OP(=O)(O)O)n1cnc2c1ncnc2N)O)O	1	C00005	16474
7	H2O	H2O	0	XLYOFNOQVPJJNP-UHFFFAOYSA-N	O	1	C00001	15377,16234,18219,6637,31341,31794,32035,32145,31344,33130,32108,49900,29191,81045,81882
10	Oxygen	O2	0	MYMOFIZGZYHOMD-UHFFFAOYSA-N	O=O	1	C00007	15379
44	Pyruvate	C3H4O3	0	LCTONWCANYUPML-UHFFFAOYSA-N	OC(=O)C(=O)C	1	C00022	15361
53	4-Hydroxybenzoate	C7H6O3	0	FJKROLUGYXJWQN-UHFFFAOYSA-N	Oc1ccc(cc1)C(=O)O	0	C00156	17879,17879 30763
54	Chorismate	C10H10O6	0	WTFXTQVDAKGDEY-UHFFFAOYSA-N	OC1C=CC(=CC1OC(=C)C(=O)O)C(=O)O	0	C00251	17333
71	(4R,5R)-4,5-Dihydroxycyclohexa-1(6),2-diene-1-carboxylate	C7H8O4	0	HEZMWWAKWCSUCB-UHFFFAOYSA-N	OC1C=CC(=CC1O)C(=O)O	0	C20710	17333
72	2-hydroxyacrylic acid	C3H4O3	0	FEWFXBUNENSNBQ-UHFFFAOYSA-N	OC(=O)C(=C)O	0		86354
