M_PR_UID	M_PR_NAME	M_PR_SYNONYMS	M_PR_FORMULA	M_PR_CHARGE	M_PR_INCHI	M_PR_SMILE	M_PR_SMILE-CAN-OB	M_PR_BIO	M_PR_COFACTOR	M_RF_PUBMED	M_XR_KEGG	M_XR_METACYC	M_XR_CHEBI	M_XR_BIGG	M_XR_METANETX	M_MT_ENERGY	M_MT_ERROR
Meta-I:19035				0			OC1C(=O)CC(=CC1=O)C(=O)[O-]					CPD-13085			MNXM114446		
Meta-I:1752				0							C00080	PROTON		h	MNXM1		
Meta-I:40688				0			OC1C(O)C(OC1[n+]1cccc(c1)C(=O)N)COP(=O)(OP(=O)(OCC1OC(C(C1O)OP(=O)([O-])[O-])n1cnc2c1ncnc2N)[O-])[O-]				C00006	NADP		nadp	MNXM5		
Meta-I:29556				0			OC1CC(=CC(=O)C1O)C(=O)[O-]				C02637	3-DEHYDRO-SHIKIMATE		3dhsk	MNXM611		
Meta-I:40690				0			OC1C(O)C(OC1N1C=CCC(=C1)C(=O)N)COP(=O)(OP(=O)(OCC1OC(C(C1O)OP(=O)([O-])[O-])n1cnc2c1ncnc2N)[O-])[O-]				C00005	NADPH		nadph	MNXM6		
Meta-I:10105				0			[O-]C(=O)c1cc(O)c(c(c1)O)O				C01424	CPD-183		ga	MNXM670		
