M_PR_UID	M_PR_NAME	M_PR_SYNONYMS	M_PR_FORMULA	M_PR_CHARGE	M_PR_INCHI	M_PR_SMILE	M_PR_SMILE-CAN-OB	M_PR_BIO	M_PR_COFACTOR	M_RF_PUBMED	M_XR_KEGG	M_XR_METACYC	M_XR_CHEBI	M_XR_BIGG	M_XR_METANETX	M_MT_ENERGY	M_MT_ERROR
Meta-I:46553				0			CC(C(C1CNc2c(N1)c(=O)[nH]c(n2)N)O)O | CC(C(C1CNc2c(N1)c(=O)nc([nH]2)N)O)O | CC(C(C1CNc2c(N1)c([O-])[nH+]c(=[NH2+])[nH]2)O)O				C00272 | D08505	TETRA-H-BIOPTERIN		thbpt	MNXM722714 | MNXM89658 | MNXM725412 | MNXM725468		
Meta-I:16605				0			[O-]C(=O)C([NH3+])Cc1c[nH]c2c1cc(O)cc2				C00643 | D07339	5-HYDROXY-TRYPTOPHAN		5htrp	MNXM722724 | MNXM162909		
Meta-I:39678				0			O=O				D00003 | C00007	OXYGEN-MOLECULE		o2	MNXM4		
Meta-I:14894				0			CC(C(C1CN[C+]2=N[C+](=NC(=O)C2([NH2+]1)O)N)O)O				C15522	CPD-5881			MNXM722800 | MNXM380		
Meta-I:39325				0			[O-]C(=O)C(Cc1c[nH]c2c1cccc2)[NH3+]				C00806 | C00078 | D00020	TRP		trp__L	MNXM94		
Meta-I:5852				0			O=C=O				C00011 | D00004	CARBON-DIOXIDE		co2	MNXM13		
Meta-I:32697				0			[NH3+]CCc1c[nH]c2c1cc(O)cc2				C00780	SEROTONIN		srtn	MNXM357		
Meta-I:38602				0			CC(=O)NCCc1c[nH]c2c1cc(O)cc2				C00978	N-ACETYL-SEROTONIN		Nacsertn	MNXM780 | MNXM164995		
Meta-I:12273				0			SCCNC(=O)CCNC(=O)C(C(COP(=O)(OP(=O)(OCC1OC(C(C1OP(=O)([O-])[O-])O)n1cnc2c1ncnc2N)[O-])[O-])(C)C)O				C00010	CO-A | COA-GROUP		coa	MNXM12		
Meta-I:41497				0			O=C(NCCSC(=O)C)CCNC(=O)C(C(COP(=O)(OP(=O)(OCC1OC(C(C1OP(=O)([O-])[O-])O)n1cnc2c1ncnc2N)[O-])[O-])(C)C)O				C00024	ACETYL-COA		accoa	MNXM21		
Meta-I:757				0			[O-]C(=O)C(CCSCC1OC(C(C1O)O)n1cnc2c1ncnc2N)[NH3+]				C00021	ADENOSYL-HOMO-CYS		ahcys	MNXM19		
Meta-I:1752				0							C00080	PROTON		h	MNXM1		
Meta-I:40771				0			C[S+](CC1OC(C(C1O)O)n1cnc2c1ncnc2N)CCC(C(=O)[O-])[NH3+]				C00019	S-ADENOSYLMETHIONINE		amet	MNXM16		
Meta-I:50201				0			COc1ccc2c(c1)c(CCNC(=O)C)c[nH]2				C01598 | D08170	N-ACETYL-5-METHOXY-TRYPTAMINE		melatn	MNXM1114 | MNXM162972		
Meta-I:20239				0			CC(C(C1CNc2c(N1)c(=O)[nH]c(n2)N)O)O					CPD-14053			MNXM59378		
Meta-I:50538				0			[NH3+]CCc1c[nH]c2c1cccc2				C00398	TRYPTAMINE		trypta	MNXM806		
Meta-I:40685				0			OC1C(O)C(OC1N1C=CCC(=C1)C(=O)N)COP(=O)(OP(=O)(OCC1OC(C(C1O)O)n1cnc2c1ncnc2N)[O-])[O-]				C00004	NADH		nadh	MNXM10		
Meta-I:42676				0			[OH3+] | [OH-] | *O | [O-2].[Cu+].[Cu+] | O				C00001 | D06322 | D03703 | C18714 | D00001 | C01328	OH | OXONIUM | HYDROXYL-GROUP | WATER		h2o | oh1	MNXM124831 | MNXM154962 | MNXM126605 | MNXM2 | MNXM145357		
Meta-I:40686				0			OC1C(O)C(OC1[n+]1cccc(c1)C(=O)N)COP(=O)(OP(=O)(OCC1OC(C(C1O)O)n1cnc2c1ncnc2N)[O-])[O-]				C00003 | D00002	NAD		nad	MNXM8 | MNXM165571		
Meta-I:42741				0			CC(C(C1CNc2c([N]1)c(=O)[nH]c(n2)N)O)O | CC(C(C1=Nc2c(NC1)nc([nH]c2=O)N)O)O | CC(C(C1CN[C+]2=N[C+](=NC(=O)C2=N1)N)O)O | CC(C(C1=Nc2c(NC1)[nH]c(nc2=O)N)O)O | CC(C(C1=Nc2c(NC1)[nH]c(=[NH2+])[nH+]c2[O-])O)O				C00268 | C02953	CPD-15159 | CPD-14202 | BIOPTERIN		CE2705 | dhbpt	MNXM90267 | MNXM90604 | MNXM6118 | MNXM722829 | MNXM723641 | MNXM162257		
Meta-I:40688				0			OC1C(O)C(OC1[n+]1cccc(c1)C(=O)N)COP(=O)(OP(=O)(OCC1OC(C(C1O)OP(=O)([O-])[O-])n1cnc2c1ncnc2N)[O-])[O-]				C00006	NADP		nadp	MNXM5		
Meta-I:40690				0			OC1C(O)C(OC1N1C=CCC(=C1)C(=O)N)COP(=O)(OP(=O)(OCC1OC(C(C1O)OP(=O)([O-])[O-])n1cnc2c1ncnc2N)[O-])[O-]				C00005	NADPH		nadph	MNXM6		
