P_PR_UID	P_PR_REACTIONS	P_PR_ORIGIN	P_PR_TARGET	P_PR_INTERMEDIATES	P_PR_BOUNDARY	P_RF_PUBMED	P_MT_SCORE	P_MT_MAXYIELD	P_MT_LENGTH	P_MT_FEASIBILITY
Z2.1_Meta-I:50201	RXN-I:21223 | RXN-I:32105 | RXN-I:13390 | RXN-I:12308	Meta-I:39325	Meta-I:50201	Meta-I:16605 | Meta-I:32697 | Meta-I:38602	Meta-I:46553 | Meta-I:39678 | Meta-I:14894 | Meta-I:39325 | Meta-I:5852 | Meta-I:12273 | Meta-I:41497 | Meta-I:757 | Meta-I:1752 | Meta-I:40771				4	
Z2.3_Meta-I:50201	RXN-I:17176 | RXN-I:32105 | RXN-I:13390 | RXN-I:12308	Meta-I:39325	Meta-I:50201	Meta-I:16605 | Meta-I:32697 | Meta-I:38602	Meta-I:39678 | Meta-I:14894 | Meta-I:39325 | Meta-I:20239 | Meta-I:5852 | Meta-I:12273 | Meta-I:41497 | Meta-I:757 | Meta-I:1752 | Meta-I:40771				4	
Z3.2_Meta-I:50201	RXN-I:6332 | RXN-I:6264 | RXN-I:13390 | RXN-I:12308	Meta-I:39325	Meta-I:50201	Meta-I:50538 | Meta-I:32697 | Meta-I:38602	Meta-I:5852 | Meta-I:1752 | Meta-I:39325 | Meta-I:39678 | Meta-I:40685 | Meta-I:42676 | Meta-I:40686 | Meta-I:12273 | Meta-I:41497 | Meta-I:757 | Meta-I:40771				4	
Z2.2_Meta-I:50201	RXN-I:22554 | RXN-I:32105 | RXN-I:13390 | RXN-I:12308	Meta-I:39325	Meta-I:50201	Meta-I:16605 | Meta-I:32697 | Meta-I:38602	Meta-I:46553 | Meta-I:39678 | Meta-I:42676 | Meta-I:42741 | Meta-I:39325 | Meta-I:5852 | Meta-I:12273 | Meta-I:41497 | Meta-I:757 | Meta-I:1752 | Meta-I:40771				4	
Z3.1_Meta-I:50201	RXN-I:6332 | RXN-I:30567 | RXN-I:13390 | RXN-I:12308	Meta-I:39325	Meta-I:50201	Meta-I:50538 | Meta-I:32697 | Meta-I:38602	Meta-I:5852 | Meta-I:1752 | Meta-I:39325 | Meta-I:39678 | Meta-I:40688 | Meta-I:42676 | Meta-I:40690 | Meta-I:12273 | Meta-I:41497 | Meta-I:757 | Meta-I:40771				4	
