R_PR_UID	R_PR_STOICH	R_PR_EC	R_PR_GIBBS	R_RF_PUBMED	R_XR_METACYC	R_XR_SEED	R_XR_KEGG	R_XR_BIGG	R_XR_METANETX	R_MT_ERROR	enumeration.map.ftof.reactions	enumeration.map.ftoz.reactions
RXN-I:21223	 + 1.0 * Meta-I:46553 + 1.0 * Meta-I:39678 + 1.0 * Meta-I:39325 ==> 1.0 * Meta-I:16605 + 1.0 * Meta-I:14894					rxn04991	R07213		MNXR141022 | MNXR139510		RXN-I:21223,RXN-I:22554,RXN-I:17176	RZ_91
RXN-I:32105	 + 1.0 * Meta-I:16605 ==> 1.0 * Meta-I:5852 + 1.0 * Meta-I:32697				RXN3DJ-170	rxn01948	R02701	5HLTDL	MNXR139134 | MNXR95078		RXN-I:32105	RXN-I:32105
RXN-I:13390	 + 1.0 * Meta-I:32697 + 1.0 * Meta-I:41497 ==> 1.0 * Meta-I:38602 + 1.0 * Meta-I:12273				RXN3DJ-35528	rxn02084	R02911	SRTNACT	MNXR104535 | MNXR107821		RXN-I:13390	RXN-I:13390
RXN-I:12308	 + 1.0 * Meta-I:38602 + 1.0 * Meta-I:40771 ==> 1.0 * Meta-I:757 + 1.0 * Meta-I:1752 + 1.0 * Meta-I:50201				ACETYLSEROTONIN-O-METHYLTRANSFERASE-RXN	rxn02244	R03130	ACSRTNMT	MNXR95418 | MNXR107969		RXN-I:12308	RXN-I:12308
RXN-I:17176	 + 1.0 * Meta-I:39678 + 1.0 * Meta-I:39325 + 1.0 * Meta-I:20239 ==> 1.0 * Meta-I:16605 + 1.0 * Meta-I:14894				TRYPTOPHAN-5-MONOOXYGENASE-RXN						RXN-I:21223,RXN-I:22554,RXN-I:17176	RZ_91
RXN-I:6332	 + 1.0 * Meta-I:1752 + 1.0 * Meta-I:39325 ==> 1.0 * Meta-I:50538 + 1.0 * Meta-I:5852				AROMATIC-L-AMINO-ACID-DECARBOXYLASE-RXN	rxn32690 | rxn00484	R00685	LTDCL	MNXR101250		RXN-I:6332	RXN-I:6332
RXN-I:6264	 + 1.0 * Meta-I:50538 + 1.0 * Meta-I:39678 + 1.0 * Meta-I:1752 + 1.0 * Meta-I:40685 ==> 1.0 * Meta-I:32697 + 1.0 * Meta-I:42676 + 1.0 * Meta-I:40686					rxn37364 | rxn37362					RXN-I:30567,RXN-I:6264	RZ_90
RXN-I:22554	 + 1.0 * Meta-I:46553 + 1.0 * Meta-I:39678 + 1.0 * Meta-I:39325 ==> 1.0 * Meta-I:16605 + 1.0 * Meta-I:42676 + 1.0 * Meta-I:42741					rxn01325	R01814	r0403	MNXR141670 | MNXR139068		RXN-I:21223,RXN-I:22554,RXN-I:17176	RZ_91
RXN-I:30567	 + 1.0 * Meta-I:50538 + 1.0 * Meta-I:39678 + 1.0 * Meta-I:1752 + 1.0 * Meta-I:40690 ==> 1.0 * Meta-I:32697 + 1.0 * Meta-I:40688 + 1.0 * Meta-I:42676					rxn37363 | rxn37361					RXN-I:30567,RXN-I:6264	RZ_90
