M_PR_UID	M_PR_SMILE-CAN-OB
CMPD_0000000004	Oc1ccc(cc1)C1CC(=O)c2c(O1)cc(cc2O)O
CMPD_0000000008	OC1C(O)C(Oc2cc(O)c3c(c2)OC(CC3=O)c2ccc(c(c2)O)O)OC(C1O)COC1OC(C)C(C(C1O)O)O
CMPD_0000000016	OCC1OC(Oc2cc3OC(CC(=O)c3c(c2)O)c2ccc(c(c2)O)O)C(C(C1O)O)O
CMPD_0000000017	OC1C(COP(=O)(OP(=O)(OC2OC(C)C(C(C2O)O)O)O)O)OC(C1O)n1ccc(nc1=O)O
CMPD_0000000189	OCC1OC(Oc2cc3OC(CC(=O)c3c(c2)O)c2ccc(cc2)O)C(C(C1O)O)O
MNXM2	O
MNXM4	O=O
MNXM52	OCC1OC(OP(=O)(OP(=O)(OCC2OC(C(C2O)O)n2ccc(nc2=O)O)O)O)C(C(C1O)O)O
MNXM6	OC1C(O)C(OC1N1C=CCC(=C1)C(=N)O)COP(=O)(OP(=O)(OCC1OC(C(C1O)OP(=O)(O)O)n1cnc2c1ncnc2N)O)O
MNXM89795	OCC1OC(OP(=O)(OP(=O)(OCC2OC(C(C2O)O)n2ccc(nc2=O)O)O)O)C(C(C1O)O)O
TARGET_0000000001	Oc1cc2OC(CC(=O)c2c(c1)O)c1ccc(c(c1)O)O
