R_PR_UID	R_PR_STOICH	R_PR_EC	R_PR_GIBBS	R_RF_PUBMED	R_XR_METACYC	R_XR_SEED	R_XR_KEGG	R_XR_BIGG	R_XR_METANETX	R_MT_ERROR	enumeration.map.ftof.reactions	enumeration.map.ftoz.reactions
RXN-I:8215	 + 1.0 * Meta-I:29955 <=> 1.0 * Meta-I:22678 + 1.0 * Meta-I:12273					rxn30798					RXN-I:26986,RXN-I:8215,RXN-I:8558	RZ_102
RXN-I:10639	 + 1.0 * Meta-I:29955 + 3.0 * Meta-I:38086 ==> 3.0 * Meta-I:5852 + 4.0 * Meta-I:12273 + 1.0 * Meta-I:17267				RXN-7645	rxn07777	R07987		MNXR111570		RXN-I:10639	RXN-I:10639
RXN-I:33622	 + 1.0 * Meta-I:17267 ==> 1.0 * Meta-I:4630				RXN-7647	rxn07780 | rxn28345	R07990		MNXR111573		RXN-I:33622	RXN-I:33622
RXN-I:12233	 + 1.0 * Meta-I:4630 + 1.0 * Meta-I:39678 + 1.0 * Meta-I:40729 ==> 1.0 * Meta-I:5852 + 1.0 * Meta-I:39867 + 1.0 * Meta-I:42676 + 1.0 * Meta-I:4609				RXN-8379	rxn07870	R08081		MNXR139592		RXN-I:12233	RXN-I:12233
RXN-I:26986	 + 1.0 * Meta-I:29955 + 1.0 * Meta-I:42676 <=> 1.0 * Meta-I:22678 + 1.0 * Meta-I:1752 + 1.0 * Meta-I:12273					rxn32519 | rxn32520					RXN-I:26986,RXN-I:8215,RXN-I:8558	RZ_102
RXN-I:8558	 + 1.0 * Meta-I:33695 + 1.0 * Meta-I:22678 + 1.0 * Meta-I:12273 <=> 1.0 * Meta-I:40733 + 1.0 * Meta-I:35208 + 1.0 * Meta-I:29955				RXN-2001	rxn01613	R02255		MNXR107411		RXN-I:26986,RXN-I:8215,RXN-I:8558	RZ_102
