P_PR_UID	P_PR_REACTIONS	P_PR_ORIGIN	P_PR_TARGET	P_PR_BOUNDARY	P_PR_INTERMEDIATES
1	TRS_0_2_12_0 | TRS_0_1_0_0 | TRS_0_0_0_0	CMPD_0000000015	TARGET_0000000001	MNXM01 | MNXM12 | MNXM2 | MNXM40 | MNXM6	CMPD_0000000005 | CMPD_0000000004
2	TRS_0_2_12_0 | TRS_0_1_0_0 | TRS_0_0_0_1	CMPD_0000000015	TARGET_0000000001	MNXM1 | MNXM12 | MNXM2 | MNXM40 | MNXM6	CMPD_0000000005 | CMPD_0000000004
7	TRS_0_3_262_0 | TRS_0_2_5_0 | TRS_0_1_0_0 | TRS_0_0_0_0	CMPD_0000000015	TARGET_0000000001	MNXM01 | MNXM2 | MNXM21 | MNXM40 | MNXM6	CMPD_0000000021 | CMPD_0000000005 | CMPD_0000000004
8	TRS_0_3_262_0 | TRS_0_2_5_0 | TRS_0_1_0_0 | TRS_0_0_0_1	CMPD_0000000015	TARGET_0000000001	MNXM1 | MNXM2 | MNXM21 | MNXM40 | MNXM6	CMPD_0000000021 | CMPD_0000000005 | CMPD_0000000004
11	TRS_0_3_19_0 | TRS_0_2_7_0 | TRS_0_1_0_0 | TRS_0_0_0_0	CMPD_0000000015	TARGET_0000000001	MNXM01 | MNXM2 | MNXM3 | MNXM40 | MNXM481 | MNXM6	CMPD_0000000023 | CMPD_0000000005 | CMPD_0000000004
12	TRS_0_3_19_0 | TRS_0_2_7_0 | TRS_0_1_0_0 | TRS_0_0_0_1	CMPD_0000000015	TARGET_0000000001	MNXM1 | MNXM2 | MNXM3 | MNXM40 | MNXM481 | MNXM6	CMPD_0000000023 | CMPD_0000000005 | CMPD_0000000004
15	TRS_0_3_19_0 | TRS_0_2_8_0 | TRS_0_1_0_0 | TRS_0_0_0_0	CMPD_0000000015	TARGET_0000000001	MNXM01 | MNXM2 | MNXM40 | MNXM481 | MNXM6 | MNXM9	CMPD_0000000023 | CMPD_0000000005 | CMPD_0000000004
16	TRS_0_3_19_0 | TRS_0_2_8_0 | TRS_0_1_0_0 | TRS_0_0_0_1	CMPD_0000000015	TARGET_0000000001	MNXM1 | MNXM2 | MNXM40 | MNXM481 | MNXM6 | MNXM9	CMPD_0000000023 | CMPD_0000000005 | CMPD_0000000004
