M_PR_UID	M_PR_NAME	M_PR_SYNONYMS	M_PR_FORMULA	M_PR_CHARGE	M_PR_INCHI	M_PR_SMILE	M_PR_SMILE-CAN-OB	M_PR_BIO	M_PR_COFACTOR	M_RF_PUBMED	M_XR_KEGG	M_XR_METACYC	M_XR_CHEBI	M_XR_BIGG	M_XR_METANETX	M_MT_ENERGY	M_MT_ERROR
Meta-I:757				0			[O-]C(=O)C(CCSCC1OC(C(C1O)O)n1cnc2c1ncnc2N)[NH3+]				C00021	ADENOSYL-HOMO-CYS		ahcys	MNXM19		
Meta-I:35735				0			COc1cc2OC(CC(=O)c2c(c1)O)c1ccc(cc1)O				C09833	CPD-7079			MNXM4915		
Meta-I:1752				0							C00080	PROTON		h	MNXM1		
Meta-I:34930				0			Oc1ccc(cc1)C1CC(=O)c2c(O1)cc(cc2O)O				C00509	NARINGENIN-CMPD			MNXM114084 | MNXM556		
Meta-I:40771				0			C[S+](CC1OC(C(C1O)O)n1cnc2c1ncnc2N)CCC(C(=O)[O-])[NH3+]				C00019	S-ADENOSYLMETHIONINE		amet	MNXM16		
