P_PR_UID	P_PR_REACTIONS	P_PR_ORIGIN	P_PR_TARGET	P_PR_INTERMEDIATES	P_PR_BOUNDARY	P_RF_PUBMED	P_MT_SCORE	P_MT_MAXYIELD	P_MT_LENGTH	P_MT_FEASIBILITY
Z859.2_Meta-I:22597	RXN-I:22256 | RXN-I:13000 | RXN-I:27419	Meta-I:34930	Meta-I:22597	Meta-I:79 | Meta-I:23101	Meta-I:39678 | Meta-I:34930 | Meta-I:40688 | Meta-I:40690 | Meta-I:42676 | Meta-I:46079				3	
Z859.3_Meta-I:22597	RXN-I:14214 | RXN-I:30079 | RXN-I:27419	Meta-I:34930	Meta-I:22597	Meta-I:79 | Meta-I:23101	Meta-I:39678 | Meta-I:34930 | Meta-I:1752 | Meta-I:40688 | Meta-I:42676 | Meta-I:40690 | Meta-I:5852 | Meta-I:39867 | Meta-I:40729 | Meta-I:46079				3	
Z859.1_Meta-I:22597	RXN-I:14214 | RXN-I:13000 | RXN-I:27419	Meta-I:34930	Meta-I:22597	Meta-I:79 | Meta-I:23101	Meta-I:39678 | Meta-I:34930 | Meta-I:1752 | Meta-I:40688 | Meta-I:42676 | Meta-I:40690 | Meta-I:46079				3	
Z859.6_Meta-I:22597	RXN-I:22256 | RXN-I:20151 | RXN-I:27419	Meta-I:34930	Meta-I:22597	Meta-I:79 | Meta-I:23101	Meta-I:39678 | Meta-I:34930 | Meta-I:40688 | Meta-I:40690 | Meta-I:5852 | Meta-I:39867 | Meta-I:40729 | Meta-I:42676 | Meta-I:46079				3	
Z859.12_Meta-I:22597	RXN-I:22256 | RXN-I:30079 | RXN-I:36376	Meta-I:34930	Meta-I:22597	Meta-I:79 | Meta-I:23101	Meta-I:39678 | Meta-I:34930 | Meta-I:40688 | Meta-I:40690 | Meta-I:5852 | Meta-I:39867 | Meta-I:42676 | Meta-I:40729 | Meta-I:1752 | Meta-I:330745 | Meta-I:31746				3	
Z859.7_Meta-I:22597	RXN-I:14214 | RXN-I:6960 | RXN-I:27419	Meta-I:34930	Meta-I:22597	Meta-I:79 | Meta-I:23101	Meta-I:39678 | Meta-I:34930 | Meta-I:1752 | Meta-I:40688 | Meta-I:42676 | Meta-I:40690 | Meta-I:46079				3	
Z859.11_Meta-I:22597	RXN-I:14214 | RXN-I:30079 | RXN-I:36376	Meta-I:34930	Meta-I:22597	Meta-I:79 | Meta-I:23101	Meta-I:39678 | Meta-I:34930 | Meta-I:1752 | Meta-I:40688 | Meta-I:42676 | Meta-I:40690 | Meta-I:5852 | Meta-I:39867 | Meta-I:40729 | Meta-I:330745 | Meta-I:31746				3	
Z859.4_Meta-I:22597	RXN-I:22256 | RXN-I:30079 | RXN-I:27419	Meta-I:34930	Meta-I:22597	Meta-I:79 | Meta-I:23101	Meta-I:39678 | Meta-I:34930 | Meta-I:40688 | Meta-I:40690 | Meta-I:5852 | Meta-I:39867 | Meta-I:42676 | Meta-I:40729 | Meta-I:46079				3	
Z859.14_Meta-I:22597	RXN-I:22256 | RXN-I:20151 | RXN-I:36376	Meta-I:34930	Meta-I:22597	Meta-I:79 | Meta-I:23101	Meta-I:39678 | Meta-I:34930 | Meta-I:40688 | Meta-I:40690 | Meta-I:5852 | Meta-I:39867 | Meta-I:40729 | Meta-I:1752 | Meta-I:330745 | Meta-I:31746				3	
Z859.5_Meta-I:22597	RXN-I:14214 | RXN-I:20151 | RXN-I:27419	Meta-I:34930	Meta-I:22597	Meta-I:79 | Meta-I:23101	Meta-I:39678 | Meta-I:34930 | Meta-I:1752 | Meta-I:40688 | Meta-I:42676 | Meta-I:40690 | Meta-I:5852 | Meta-I:39867 | Meta-I:40729 | Meta-I:46079				3	
Z859.13_Meta-I:22597	RXN-I:14214 | RXN-I:20151 | RXN-I:36376	Meta-I:34930	Meta-I:22597	Meta-I:79 | Meta-I:23101	Meta-I:39678 | Meta-I:34930 | Meta-I:1752 | Meta-I:40688 | Meta-I:42676 | Meta-I:40690 | Meta-I:5852 | Meta-I:39867 | Meta-I:40729 | Meta-I:330745 | Meta-I:31746				3	
Z288.8_Meta-I:22597	RXN-I:22256 | RXN-I:6960 | RXN-I:33702	Meta-I:34930	Meta-I:22597	Meta-I:79 | Meta-I:23101	Meta-I:39678 | Meta-I:34930 | Meta-I:40688 | Meta-I:40690 | Meta-I:42676 | Meta-I:45326 | Meta-I:31746				3	
Z859.8_Meta-I:22597	RXN-I:22256 | RXN-I:6960 | RXN-I:27419	Meta-I:34930	Meta-I:22597	Meta-I:79 | Meta-I:23101	Meta-I:39678 | Meta-I:34930 | Meta-I:40688 | Meta-I:40690 | Meta-I:42676 | Meta-I:46079				3	
Z859.10_Meta-I:22597	RXN-I:22256 | RXN-I:13000 | RXN-I:36376	Meta-I:34930	Meta-I:22597	Meta-I:79 | Meta-I:23101	Meta-I:39678 | Meta-I:34930 | Meta-I:40688 | Meta-I:40690 | Meta-I:1752 | Meta-I:330745 | Meta-I:31746				3	
Z288.7_Meta-I:22597	RXN-I:14214 | RXN-I:6960 | RXN-I:33702	Meta-I:34930	Meta-I:22597	Meta-I:79 | Meta-I:23101	Meta-I:39678 | Meta-I:34930 | Meta-I:1752 | Meta-I:40688 | Meta-I:42676 | Meta-I:40690 | Meta-I:45326 | Meta-I:31746				3	
Z859.9_Meta-I:22597	RXN-I:14214 | RXN-I:13000 | RXN-I:36376	Meta-I:34930	Meta-I:22597	Meta-I:79 | Meta-I:23101	Meta-I:39678 | Meta-I:34930 | Meta-I:1752 | Meta-I:40688 | Meta-I:42676 | Meta-I:40690 | Meta-I:330745 | Meta-I:31746				3	
Z288.6_Meta-I:22597	RXN-I:22256 | RXN-I:20151 | RXN-I:33702	Meta-I:34930	Meta-I:22597	Meta-I:79 | Meta-I:23101	Meta-I:39678 | Meta-I:34930 | Meta-I:40688 | Meta-I:40690 | Meta-I:5852 | Meta-I:39867 | Meta-I:40729 | Meta-I:45326 | Meta-I:31746				3	
Z859.16_Meta-I:22597	RXN-I:22256 | RXN-I:6960 | RXN-I:36376	Meta-I:34930	Meta-I:22597	Meta-I:79 | Meta-I:23101	Meta-I:39678 | Meta-I:34930 | Meta-I:40688 | Meta-I:40690 | Meta-I:42676 | Meta-I:1752 | Meta-I:330745 | Meta-I:31746				3	
Z859.15_Meta-I:22597	RXN-I:14214 | RXN-I:6960 | RXN-I:36376	Meta-I:34930	Meta-I:22597	Meta-I:79 | Meta-I:23101	Meta-I:39678 | Meta-I:34930 | Meta-I:1752 | Meta-I:40688 | Meta-I:42676 | Meta-I:40690 | Meta-I:330745 | Meta-I:31746				3	
Z574.6_Meta-I:22597	RXN-I:22256 | RXN-I:11606 | RXN-I:15414 | RXN-I:20071 | RXN-I:26569 | RXN-I:36376	Meta-I:34930	Meta-I:22597	Meta-I:79 | Meta-I:29908 | Meta-I:35809 | Meta-I:46329 | Meta-I:23101	Meta-I:39678 | Meta-I:34930 | Meta-I:40688 | Meta-I:40690 | Meta-I:5852 | Meta-I:39867 | Meta-I:40729 | Meta-I:1752 | Meta-I:42676 | Meta-I:330745 | Meta-I:31746				6	
Z574.7_Meta-I:22597	RXN-I:14214 | RXN-I:11606 | RXN-I:15414 | RXN-I:26357 | RXN-I:26569 | RXN-I:36376	Meta-I:34930	Meta-I:22597	Meta-I:79 | Meta-I:29908 | Meta-I:35809 | Meta-I:46329 | Meta-I:23101	Meta-I:39678 | Meta-I:34930 | Meta-I:1752 | Meta-I:40688 | Meta-I:42676 | Meta-I:40690 | Meta-I:5852 | Meta-I:39867 | Meta-I:40729 | Meta-I:330745 | Meta-I:31746				6	
Z574.8_Meta-I:22597	RXN-I:22256 | RXN-I:11606 | RXN-I:15414 | RXN-I:26357 | RXN-I:26569 | RXN-I:36376	Meta-I:34930	Meta-I:22597	Meta-I:79 | Meta-I:29908 | Meta-I:35809 | Meta-I:46329 | Meta-I:23101	Meta-I:39678 | Meta-I:34930 | Meta-I:40688 | Meta-I:40690 | Meta-I:5852 | Meta-I:39867 | Meta-I:40729 | Meta-I:1752 | Meta-I:42676 | Meta-I:330745 | Meta-I:31746				6	
Z572.1_Meta-I:22597	RXN-I:3335 | RXN-I:26569 | RXN-I:27419	Meta-I:34930	Meta-I:22597	Meta-I:46329 | Meta-I:23101	Meta-I:39678 | Meta-I:5852 | Meta-I:39867 | Meta-I:34930 | Meta-I:40729 | Meta-I:42676 | Meta-I:46079				3	
Z572.2_Meta-I:22597	RXN-I:3335 | RXN-I:26569 | RXN-I:36376	Meta-I:34930	Meta-I:22597	Meta-I:46329 | Meta-I:23101	Meta-I:39678 | Meta-I:5852 | Meta-I:39867 | Meta-I:34930 | Meta-I:40729 | Meta-I:42676 | Meta-I:1752 | Meta-I:330745 | Meta-I:31746				3	
Z574.1_Meta-I:22597	RXN-I:14214 | RXN-I:11606 | RXN-I:15414 | RXN-I:20071 | RXN-I:26569 | RXN-I:27419	Meta-I:34930	Meta-I:22597	Meta-I:79 | Meta-I:29908 | Meta-I:35809 | Meta-I:46329 | Meta-I:23101	Meta-I:39678 | Meta-I:34930 | Meta-I:1752 | Meta-I:40688 | Meta-I:42676 | Meta-I:40690 | Meta-I:5852 | Meta-I:39867 | Meta-I:40729 | Meta-I:46079				6	
Z574.2_Meta-I:22597	RXN-I:22256 | RXN-I:11606 | RXN-I:15414 | RXN-I:20071 | RXN-I:26569 | RXN-I:27419	Meta-I:34930	Meta-I:22597	Meta-I:79 | Meta-I:29908 | Meta-I:35809 | Meta-I:46329 | Meta-I:23101	Meta-I:39678 | Meta-I:34930 | Meta-I:40688 | Meta-I:40690 | Meta-I:5852 | Meta-I:39867 | Meta-I:40729 | Meta-I:1752 | Meta-I:42676 | Meta-I:46079				6	
Z574.3_Meta-I:22597	RXN-I:14214 | RXN-I:11606 | RXN-I:15414 | RXN-I:26357 | RXN-I:26569 | RXN-I:27419	Meta-I:34930	Meta-I:22597	Meta-I:79 | Meta-I:29908 | Meta-I:35809 | Meta-I:46329 | Meta-I:23101	Meta-I:39678 | Meta-I:34930 | Meta-I:1752 | Meta-I:40688 | Meta-I:42676 | Meta-I:40690 | Meta-I:5852 | Meta-I:39867 | Meta-I:40729 | Meta-I:46079				6	
Z574.4_Meta-I:22597	RXN-I:22256 | RXN-I:11606 | RXN-I:15414 | RXN-I:26357 | RXN-I:26569 | RXN-I:27419	Meta-I:34930	Meta-I:22597	Meta-I:79 | Meta-I:29908 | Meta-I:35809 | Meta-I:46329 | Meta-I:23101	Meta-I:39678 | Meta-I:34930 | Meta-I:40688 | Meta-I:40690 | Meta-I:5852 | Meta-I:39867 | Meta-I:40729 | Meta-I:1752 | Meta-I:42676 | Meta-I:46079				6	
Z574.5_Meta-I:22597	RXN-I:14214 | RXN-I:11606 | RXN-I:15414 | RXN-I:20071 | RXN-I:26569 | RXN-I:36376	Meta-I:34930	Meta-I:22597	Meta-I:79 | Meta-I:29908 | Meta-I:35809 | Meta-I:46329 | Meta-I:23101	Meta-I:39678 | Meta-I:34930 | Meta-I:1752 | Meta-I:40688 | Meta-I:42676 | Meta-I:40690 | Meta-I:5852 | Meta-I:39867 | Meta-I:40729 | Meta-I:330745 | Meta-I:31746				6	
Z288.5_Meta-I:22597	RXN-I:14214 | RXN-I:20151 | RXN-I:33702	Meta-I:34930	Meta-I:22597	Meta-I:79 | Meta-I:23101	Meta-I:39678 | Meta-I:34930 | Meta-I:1752 | Meta-I:40688 | Meta-I:42676 | Meta-I:40690 | Meta-I:5852 | Meta-I:39867 | Meta-I:40729 | Meta-I:45326 | Meta-I:31746				3	
Z288.4_Meta-I:22597	RXN-I:22256 | RXN-I:30079 | RXN-I:33702	Meta-I:34930	Meta-I:22597	Meta-I:79 | Meta-I:23101	Meta-I:39678 | Meta-I:34930 | Meta-I:40688 | Meta-I:40690 | Meta-I:5852 | Meta-I:39867 | Meta-I:42676 | Meta-I:40729 | Meta-I:45326 | Meta-I:31746				3	
Z288.3_Meta-I:22597	RXN-I:14214 | RXN-I:30079 | RXN-I:33702	Meta-I:34930	Meta-I:22597	Meta-I:79 | Meta-I:23101	Meta-I:39678 | Meta-I:34930 | Meta-I:1752 | Meta-I:40688 | Meta-I:42676 | Meta-I:40690 | Meta-I:5852 | Meta-I:39867 | Meta-I:40729 | Meta-I:45326 | Meta-I:31746				3	
Z1.1_Meta-I:22597	RXN-I:3335 | RXN-I:26569 | RXN-I:33702	Meta-I:34930	Meta-I:22597	Meta-I:46329 | Meta-I:23101	Meta-I:39678 | Meta-I:5852 | Meta-I:39867 | Meta-I:34930 | Meta-I:40729 | Meta-I:42676 | Meta-I:45326 | Meta-I:31746				3	
Z288.2_Meta-I:22597	RXN-I:22256 | RXN-I:13000 | RXN-I:33702	Meta-I:34930	Meta-I:22597	Meta-I:79 | Meta-I:23101	Meta-I:39678 | Meta-I:34930 | Meta-I:40688 | Meta-I:40690 | Meta-I:45326 | Meta-I:31746				3	
Z288.1_Meta-I:22597	RXN-I:14214 | RXN-I:13000 | RXN-I:33702	Meta-I:34930	Meta-I:22597	Meta-I:79 | Meta-I:23101	Meta-I:39678 | Meta-I:34930 | Meta-I:1752 | Meta-I:40688 | Meta-I:42676 | Meta-I:40690 | Meta-I:45326 | Meta-I:31746				3	
Z3.2_Meta-I:22597	RXN-I:22256 | RXN-I:11606 | RXN-I:15414 | RXN-I:20071 | RXN-I:26569 | RXN-I:33702	Meta-I:34930	Meta-I:22597	Meta-I:79 | Meta-I:29908 | Meta-I:35809 | Meta-I:46329 | Meta-I:23101	Meta-I:39678 | Meta-I:34930 | Meta-I:40688 | Meta-I:40690 | Meta-I:5852 | Meta-I:39867 | Meta-I:40729 | Meta-I:1752 | Meta-I:42676 | Meta-I:45326 | Meta-I:31746				6	
Z3.1_Meta-I:22597	RXN-I:14214 | RXN-I:11606 | RXN-I:15414 | RXN-I:20071 | RXN-I:26569 | RXN-I:33702	Meta-I:34930	Meta-I:22597	Meta-I:79 | Meta-I:29908 | Meta-I:35809 | Meta-I:46329 | Meta-I:23101	Meta-I:39678 | Meta-I:34930 | Meta-I:1752 | Meta-I:40688 | Meta-I:42676 | Meta-I:40690 | Meta-I:5852 | Meta-I:39867 | Meta-I:40729 | Meta-I:45326 | Meta-I:31746				6	
Z3.4_Meta-I:22597	RXN-I:22256 | RXN-I:11606 | RXN-I:15414 | RXN-I:26357 | RXN-I:26569 | RXN-I:33702	Meta-I:34930	Meta-I:22597	Meta-I:79 | Meta-I:29908 | Meta-I:35809 | Meta-I:46329 | Meta-I:23101	Meta-I:39678 | Meta-I:34930 | Meta-I:40688 | Meta-I:40690 | Meta-I:5852 | Meta-I:39867 | Meta-I:40729 | Meta-I:1752 | Meta-I:42676 | Meta-I:45326 | Meta-I:31746				6	
Z3.3_Meta-I:22597	RXN-I:14214 | RXN-I:11606 | RXN-I:15414 | RXN-I:26357 | RXN-I:26569 | RXN-I:33702	Meta-I:34930	Meta-I:22597	Meta-I:79 | Meta-I:29908 | Meta-I:35809 | Meta-I:46329 | Meta-I:23101	Meta-I:39678 | Meta-I:34930 | Meta-I:1752 | Meta-I:40688 | Meta-I:42676 | Meta-I:40690 | Meta-I:5852 | Meta-I:39867 | Meta-I:40729 | Meta-I:45326 | Meta-I:31746				6	
