R_PR_UID	R_PR_STOICH	R_PR_EC	R_PR_GIBBS	R_RF_PUBMED	R_XR_METACYC	R_XR_SEED	R_XR_KEGG	R_XR_BIGG	R_XR_METANETX	R_MT_ERROR	enumeration.map.ftof.reactions	enumeration.map.ftoz.reactions
RXN-I:22256	 + 1.0 * Meta-I:39678 + 1.0 * Meta-I:34930 + 1.0 * Meta-I:40690 ==> 1.0 * Meta-I:40688 + 1.0 * Meta-I:79					rxn30913					RXN-I:14214,RXN-I:22256	RZ_6
RXN-I:13000	 + 1.0 * Meta-I:39678 + 1.0 * Meta-I:79 + 1.0 * Meta-I:40690 ==> 1.0 * Meta-I:23101 + 1.0 * Meta-I:40688					rxn30914					RXN-I:13000,RXN-I:30079,RXN-I:20151,RXN-I:6960	RZ_3
RXN-I:27419	 + 1.0 * Meta-I:23101 + 1.0 * Meta-I:46079 <=> 1.0 * Meta-I:22597 + 1.0 * Meta-I:42676								MNXR131257 | MNXR131256		RXN-I:27419,RXN-I:12757,RXN-I:19064,RXN-I:15694,RXN-I:36376	RZ_107
RXN-I:14214	 + 1.0 * Meta-I:39678 + 1.0 * Meta-I:34930 + 1.0 * Meta-I:1752 + 1.0 * Meta-I:40690 ==> 1.0 * Meta-I:40688 + 1.0 * Meta-I:42676 + 1.0 * Meta-I:79				RXN-7652	rxn28346 | rxn24348 | rxn01765	R02442		MNXR139107 | MNXR107508		RXN-I:14214,RXN-I:22256	RZ_6
RXN-I:30079	 + 1.0 * Meta-I:39678 + 1.0 * Meta-I:79 + 1.0 * Meta-I:40729 ==> 1.0 * Meta-I:23101 + 1.0 * Meta-I:5852 + 1.0 * Meta-I:39867 + 1.0 * Meta-I:42676				RXN-7687	rxn02564	R03590		MNXR108277		RXN-I:13000,RXN-I:30079,RXN-I:20151,RXN-I:6960	RZ_3
RXN-I:20151	 + 1.0 * Meta-I:39678 + 1.0 * Meta-I:79 + 1.0 * Meta-I:40729 ==> 1.0 * Meta-I:23101 + 1.0 * Meta-I:5852 + 1.0 * Meta-I:39867					rxn30921					RXN-I:13000,RXN-I:30079,RXN-I:20151,RXN-I:6960	RZ_3
RXN-I:36376	 + 1.0 * Meta-I:23101 + 1.0 * Meta-I:330745 <=> 1.0 * Meta-I:22597 + 1.0 * Meta-I:1752 + 1.0 * Meta-I:31746								MNXR141235		RXN-I:27419,RXN-I:12757,RXN-I:19064,RXN-I:15694,RXN-I:36376	RZ_107
RXN-I:6960	 + 1.0 * Meta-I:39678 + 1.0 * Meta-I:79 + 1.0 * Meta-I:40690 ==> 1.0 * Meta-I:23101 + 1.0 * Meta-I:40688 + 2.0 * Meta-I:42676				RXN-7653	rxn24349			MNXR121989		RXN-I:13000,RXN-I:30079,RXN-I:20151,RXN-I:6960	RZ_3
RXN-I:33702	 + 1.0 * Meta-I:23101 + 1.0 * Meta-I:45326 ==> 1.0 * Meta-I:22597 + 1.0 * Meta-I:31746				FLAVONE-7-O-BETA-GLUCOSYLTRANSFERASE-RXN	rxn19706 | rxn02562	R03588		MNXR108275		RXN-I:29259,RXN-I:33358,RXN-I:33702,RXN-I:16694	RZ_46
RXN-I:11606	 + 1.0 * Meta-I:39678 + 1.0 * Meta-I:79 + 1.0 * Meta-I:40729 ==> 1.0 * Meta-I:5852 + 1.0 * Meta-I:39867 + 1.0 * Meta-I:29908				RXN-7775	rxn02602	R03640		MNXR108319 | MNXR139215		RXN-I:11606	RXN-I:11606
RXN-I:15414	 + 1.0 * Meta-I:39678 + 1.0 * Meta-I:1752 + 1.0 * Meta-I:40690 + 1.0 * Meta-I:29908 ==> 1.0 * Meta-I:40688 + 1.0 * Meta-I:42676 + 1.0 * Meta-I:35809				RXN-13718	rxn02601	R03639		MNXR142001 | MNXR139214 | MNXR140347		RXN-I:15414	RXN-I:15414
RXN-I:20071	 + 2.0 * Meta-I:39678 + 1.0 * Meta-I:46329 + 1.0 * Meta-I:1752 + 2.0 * Meta-I:40690 <=> 2.0 * Meta-I:40688 + 2.0 * Meta-I:42676 + 1.0 * Meta-I:35809				RXN-7782	rxn06317			MNXR140794 | MNXR122033		RXN-I:20071,RXN-I:26357	RZ_87
RXN-I:26569	 + 1.0 * Meta-I:39678 + 1.0 * Meta-I:46329 + 1.0 * Meta-I:40729 ==> 1.0 * Meta-I:23101 + 1.0 * Meta-I:5852 + 1.0 * Meta-I:39867 + 1.0 * Meta-I:42676					rxn02241			MNXR134347		RXN-I:26569	RXN-I:26569
RXN-I:26357	 + 2.0 * Meta-I:39678 + 2.0 * Meta-I:1752 + 1.0 * Meta-I:46329 + 2.0 * Meta-I:40690 <=> 2.0 * Meta-I:40688 + 1.0 * Meta-I:35809					rxn02240					RXN-I:20071,RXN-I:26357	RZ_87
RXN-I:3335	 + 1.0 * Meta-I:39678 + 1.0 * Meta-I:34930 + 1.0 * Meta-I:40729 ==> 1.0 * Meta-I:5852 + 1.0 * Meta-I:46329 + 1.0 * Meta-I:39867				NARINGENIN-3-DIOXYGENASE-RXN	rxn01767	R02444		MNXR139108 | MNXR107509		RXN-I:3335	RXN-I:3335
