R_PR_UID	R_PR_STOICH	R_PR_EC	R_PR_GIBBS	R_RF_PUBMED	R_XR_METACYC	R_XR_SEED	R_XR_KEGG	R_XR_BIGG	R_XR_METANETX	R_MT_ERROR	enumeration.map.ftof.reactions	enumeration.map.ftoz.reactions
RXN-I:15545	 + 1.0 * Meta-I:33695 + 1.0 * Meta-I:12609 + 1.0 * Meta-I:12273 ==> 1.0 * Meta-I:40733 + 1.0 * Meta-I:35208 + 1.0 * Meta-I:42694				6.2.1.34-RXN	rxn33619 | rxn01571	R02194	FERULCOAS	MNXR99582		RXN-I:15545	RXN-I:15545
RXN-I:1046	 + 1.0 * Meta-I:1752 + 1.0 * Meta-I:42694 + 1.0 * Meta-I:40690 ==> 1.0 * Meta-I:40688 + 1.0 * Meta-I:12273 + 1.0 * Meta-I:18308				RXN-1106	rxn01570 | rxn31947 | rxn31952	R02193		MNXR107366		RXN-I:1046	RXN-I:1046
RXN-I:4458	 + 2.0 * Meta-I:42676 + 1.0 * Meta-I:18308 ==> 1.0 * Meta-I:8501 + 1.0 * Meta-I:4582								MNXR132945		RXN-I:4458,RXN-I:14434,RXN-I:18026	RZ_38
RXN-I:7326	 + 1.0 * Meta-I:41497 + 1.0 * Meta-I:4582 ==> 1.0 * Meta-I:12273 + 1.0 * Meta-I:51394				RXN-9244	rxn25470	R10253		MNXR113611		RXN-I:7326	RXN-I:7326
RXN-I:3333	 + 1.0 * Meta-I:51394 + 1.0 * Meta-I:40690 ==> 1.0 * Meta-I:2167 + 1.0 * Meta-I:40688 + 1.0 * Meta-I:40186				RXN-9246	rxn16771	R09931		MNXR113328		RXN-I:3333	RXN-I:3333
RXN-I:14434	 + 1.0 * Meta-I:1752 + 1.0 * Meta-I:18308 + 1.0 * Meta-I:40690 ==> 1.0 * Meta-I:40688 + 1.0 * Meta-I:4582				RXN-2602	rxn01887	R02593		MNXR107603		RXN-I:4458,RXN-I:14434,RXN-I:18026	RZ_38
RXN-I:18026	 + 1.0 * Meta-I:1752 + 1.0 * Meta-I:40685 + 1.0 * Meta-I:18308 ==> 1.0 * Meta-I:40686 + 1.0 * Meta-I:4582					rxn12675		COALCDH	MNXR96812		RXN-I:4458,RXN-I:14434,RXN-I:18026	RZ_38
RXN-I:26767	 + 1.0 * Meta-I:757 + 1.0 * Meta-I:18308 <=> 1.0 * Meta-I:5798 + 1.0 * Meta-I:40771					rxn04428	R06574		MNXR110361		RXN-I:26767	RXN-I:26767
RXN-I:10859	 + 1.0 * Meta-I:40688 + 1.0 * Meta-I:31559 <=> 1.0 * Meta-I:1752 + 1.0 * Meta-I:5798 + 1.0 * Meta-I:40690					rxn04425	R06571		MNXR141366 | MNXR110358		RXN-I:10859	RXN-I:10859
RXN-I:33779	 + 1.0 * Meta-I:40771 + 1.0 * Meta-I:31559 <=> 1.0 * Meta-I:757 + 1.0 * Meta-I:1752 + 1.0 * Meta-I:4582					rxn04429	R06575		MNXR110362		RXN-I:33779	RXN-I:33779
