M_PR_UID	M_PR_NAME	M_PR_SYNONYMS	M_PR_FORMULA	M_PR_CHARGE	M_PR_INCHI	M_PR_SMILE	M_PR_SMILE-CAN-OB	M_PR_BIO	M_PR_COFACTOR	M_RF_PUBMED	M_XR_KEGG	M_XR_METACYC	M_XR_CHEBI	M_XR_BIGG	M_XR_METANETX	M_MT_ENERGY	M_MT_ERROR
Meta-I:36864				0			[O-]C(=O)C=Cc1ccc(cc1)O				C06738 | C00811	COUMARATE | CIS-P-COUMARATE		T4hcinnm	MNXM5088 | MNXM505		
Meta-I:33695				0			OC1C(COP(=O)(OP(=O)(OP(=O)([O-])[O-])[O-])[O-])OC(C1O)n1cnc2c1ncnc2N				C00002 | D08646	ATP		atp	MNXM3		
Meta-I:40733				0			OC1C(O)C(OC1n1cnc2c1ncnc2N)COP(=O)([O-])[O-]				C00020 | D02769	AMP | AMP-GROUP		amp	MNXM14 | MNXM723601		
Meta-I:35208				0			[O-]P(=O)(OP(=O)([O-])[O-])[O-] | *OP(=O)(OP(=O)([O-])[O-])[O-]				C00013	PPI | PYROPHOSPHATE-GROUP		ppi	MNXM104620 | MNXM11		
Meta-I:16489				0			O=C(NCCSC(=O)C=Cc1ccc(cc1)O)CCNC(=O)C(C(COP(=O)(OP(=O)(OCC1OC(C(C1OP(=O)([O-])[O-])O)n1cnc2c1ncnc2N)[O-])[O-])(C)C)O				C00223	P-COUMAROYL-COA		coucoa	MNXM264		
Meta-I:12273				0			SCCNC(=O)CCNC(=O)C(C(COP(=O)(OP(=O)(OCC1OC(C(C1OP(=O)([O-])[O-])O)n1cnc2c1ncnc2N)[O-])[O-])(C)C)O				C00010	CO-A | COA-GROUP		coa	MNXM12		
Meta-I:252				0			O=CC=Cc1ccc(cc1)O				C05608	COUMARALDEHYDE			MNXM4534		
Meta-I:1752				0							C00080	PROTON		h	MNXM1		
Meta-I:40688				0			OC1C(O)C(OC1[n+]1cccc(c1)C(=O)N)COP(=O)(OP(=O)(OCC1OC(C(C1O)OP(=O)([O-])[O-])n1cnc2c1ncnc2N)[O-])[O-]				C00006	NADP		nadp	MNXM5		
Meta-I:40690				0			OC1C(O)C(OC1N1C=CCC(=C1)C(=O)N)COP(=O)(OP(=O)(OCC1OC(C(C1O)OP(=O)([O-])[O-])n1cnc2c1ncnc2N)[O-])[O-]				C00005	NADPH		nadph	MNXM6		
Meta-I:7657				0			OCC=Cc1ccc(cc1)O				C02646	COUMARYL-ALCOHOL			MNXM2944		
Meta-I:42676				0			[OH3+] | [OH-] | *O | [O-2].[Cu+].[Cu+] | O				C00001 | D06322 | D03703 | C18714 | D00001 | C01328	OH | OXONIUM | HYDROXYL-GROUP | WATER		h2o | oh1	MNXM124831 | MNXM154962 | MNXM126605 | MNXM2 | MNXM145357		
Meta-I:11735				0			CC=Cc1ccc(cc1)O				C20464	CPD-9933			MNXM8303		
Meta-I:757				0			[O-]C(=O)C(CCSCC1OC(C(C1O)O)n1cnc2c1ncnc2N)[NH3+]				C00021	ADENOSYL-HOMO-CYS		ahcys	MNXM19		
Meta-I:21614				0			CC=Cc1ccc(cc1)OC				C10428 | D02377	CPD-9930			MNXM7816		
Meta-I:40771				0			C[S+](CC1OC(C(C1O)O)n1cnc2c1ncnc2N)CCC(C(=O)[O-])[NH3+]				C00019	S-ADENOSYLMETHIONINE		amet	MNXM16		
