M_PR_UID	M_PR_NAME	M_PR_FORMULA	M_PR_CHARGE	M_PR_INCHI	M_PR_SMILE-CAN-OB	M_PR_COFACTOR	M_XR_KEGG	M_XR_CHEBI
10	Oxygen	O2	0	MYMOFIZGZYHOMD-UHFFFAOYSA-N	O=O	1	C00007	15379
19	Tetrahydrobiopterin	C9H15N5O3	0	FNKQXYHWGSIFBK-UHFFFAOYSA-N	CC(C(C1CNc2c(N1)c(=O)[nH]c(n2)N)O)O	1	C00272	15372
53	3,4-Dihydroxy-L-phenylalanine	C9H11NO4	0	WTDRDQBEARUVNC-UHFFFAOYSA-N	OC(=O)C(Cc1ccc(c(c1)O)O)N	0	C00355	15765,3396
59	L-Tyrosine	C9H11NO3	0	OUYCCCASQSFEME-UHFFFAOYSA-N	OC(=O)C(Cc1ccc(cc1)O)N	0	C00082	17895,18186,28479
158	4a-Hydroxytetrahydrobiopterin	C9H15N5O4	0	KJKIEFUPAPPGBC-UHFFFAOYSA-N	NC1=NC(=O)C2(C(=N1)NCC(N2)C(C(O)C)O)O	0	C15522	15642,15374
