P_PR_UID	P_PR_REACTIONS	P_PR_ORIGIN	P_PR_TARGET	P_PR_INTERMEDIATES	P_PR_BOUNDARY	P_RF_PUBMED	P_MT_SCORE	P_MT_MAXYIELD	P_MT_LENGTH	P_MT_FEASIBILITY
Z2.7_Meta-I:41479	RXN-I:12471 | RXN-I:23911	Meta-I:49871	Meta-I:41479	Meta-I:6501	Meta-I:17262 | Meta-I:42081 | Meta-I:49871 | Meta-I:5852 | Meta-I:1752				2	
Z2.6_Meta-I:41479	RXN-I:11370 | RXN-I:23911	Meta-I:49871	Meta-I:41479	Meta-I:6501	Meta-I:39859 | Meta-I:40134 | Meta-I:49871 | Meta-I:5852 | Meta-I:1752				2	
Z2.9_Meta-I:41479	RXN-I:29613 | RXN-I:23911	Meta-I:49871	Meta-I:41479	Meta-I:6501	Meta-I:3333 | Meta-I:31533 | Meta-I:49871 | Meta-I:5852 | Meta-I:1752				2	
Z2.8_Meta-I:41479	RXN-I:33517 | RXN-I:23911	Meta-I:49871	Meta-I:41479	Meta-I:6501	Meta-I:42953 | Meta-I:49871 | Meta-I:40729 | Meta-I:5852 | Meta-I:1752				2	
Z2.1_Meta-I:41479	RXN-I:15653 | RXN-I:23911	Meta-I:49871	Meta-I:41479	Meta-I:6501	Meta-I:10422 | Meta-I:42703 | Meta-I:49871 | Meta-I:5852 | Meta-I:1752				2	
Z1.1_Meta-I:41479	RXN-I:31905	Meta-I:49871	Meta-I:41479		Meta-I:52041 | Meta-I:39678 | Meta-I:5852 | Meta-I:1752 | Meta-I:42676 | Meta-I:8501 | Meta-I:49871				1	
Z2.3_Meta-I:41479	RXN-I:23921 | RXN-I:23911	Meta-I:49871	Meta-I:41479	Meta-I:6501	Meta-I:12557 | Meta-I:41596 | Meta-I:49871 | Meta-I:5852 | Meta-I:1752				2	
Z2.2_Meta-I:41479	RXN-I:22614 | RXN-I:23911	Meta-I:49871	Meta-I:41479	Meta-I:6501	Meta-I:52041 | Meta-I:1752 | Meta-I:40685 | Meta-I:42676 | Meta-I:40686 | Meta-I:49871 | Meta-I:5852				2	
Z2.5_Meta-I:41479	RXN-I:33241 | RXN-I:23911	Meta-I:49871	Meta-I:41479	Meta-I:6501	Meta-I:381 | Meta-I:49871 | Meta-I:12409 | Meta-I:5852 | Meta-I:1752				2	
Z6.1_Meta-I:41479	RXN-I:24521 | RXN-I:6584 | RXN-I:11904 | RXN-I:33792 | RXN-I:26797 | RXN-I:6038 | RXN-I:23911	Meta-I:49871	Meta-I:41479	Meta-I:22678 | Meta-I:51967 | Meta-I:48514 | Meta-I:33045 | Meta-I:36855 | Meta-I:6501	Meta-I:52041 | Meta-I:49871 | Meta-I:1752 | Meta-I:40685 | Meta-I:40686 | Meta-I:42676 | Meta-I:40186 | Meta-I:40736 | Meta-I:5852				7	
Z2.4_Meta-I:41479	RXN-I:8629 | RXN-I:23911	Meta-I:49871	Meta-I:41479	Meta-I:6501	Meta-I:27537 | Meta-I:49871 | Meta-I:12409 | Meta-I:5852 | Meta-I:1752				2	
Z2.11_Meta-I:41479	RXN-I:23597 | RXN-I:23911	Meta-I:49871	Meta-I:41479	Meta-I:6501	Meta-I:52041 | Meta-I:39678 | Meta-I:1752 | Meta-I:42676 | Meta-I:8501 | Meta-I:49871 | Meta-I:5852				2	
Z2.10_Meta-I:41479	RXN-I:20253 | RXN-I:23911	Meta-I:49871	Meta-I:41479	Meta-I:6501	Meta-I:40736 | Meta-I:24872 | Meta-I:49871 | Meta-I:5852 | Meta-I:1752				2	
