M_PR_UID	M_PR_NAME	M_PR_SYNONYMS	M_PR_FORMULA	M_PR_CHARGE	M_PR_INCHI	M_PR_SMILE	M_PR_SMILE-CAN-OB	M_PR_BIO	M_PR_COFACTOR	M_RF_PUBMED	M_XR_KEGG	M_XR_METACYC	M_XR_CHEBI	M_XR_BIGG	M_XR_METANETX	M_MT_ENERGY	M_MT_ERROR
Meta-I:45326				0			OCC1OC(OP(=O)(OP(=O)(OCC2OC(C(C2O)O)n2ccc(=O)[nH]c2=O)[O-])[O-])C(C(C1O)O)O				G10608 | C00029	CPD-12575		udpg	MNXM52		
Meta-I:40019				0			OCC1OC(OC(=O)C=Cc2ccccc2)C(C(C1O)O)O				C04164	TRANS-CINNAMOYL-BETA-D-GLUCOSE			MNXM167433 | MNXM1616		
Meta-I:22678				0			[O-]C(=O)C=Cc1ccccc1				C10438 | C00423	CPD-674		cinnm	MNXM438		
Meta-I:31746				0			OC1C(COP(=O)(OP(=O)([O-])[O-])[O-])OC(C1O)n1ccc(=O)[nH]c1=O				C00015 | G10619	UDP		udp	MNXM17		
Meta-I:51291				0			COC(=O)C=Cc1ccccc1				C06358	CPD-6421			MNXM8876		
Meta-I:45119				0			CO				C00132 | D02309	METOH		meoh	MNXM157		
Meta-I:46079				0			OCC1OC(O)C(C(C1O)O)O | OCC(C(C(C(C=O)O)O)O)O				C00221 | C00267 | C00031 | D00009	GLC | D-Glucose | ALPHA-GLUCOSE		Glc_aD | glc__D | glc__bD | glc__aD	MNXM105 | MNXM722744 | MNXM41 | MNXM99		
Meta-I:757				0			[O-]C(=O)C(CCSCC1OC(C(C1O)O)n1cnc2c1ncnc2N)[NH3+]				C00021	ADENOSYL-HOMO-CYS		ahcys	MNXM19		
Meta-I:40771				0			C[S+](CC1OC(C(C1O)O)n1cnc2c1ncnc2N)CCC(C(=O)[O-])[NH3+]				C00019	S-ADENOSYLMETHIONINE		amet	MNXM16		
Meta-I:330745				0			OCC1OC(OP(=O)(OP(=O)(OCC2OC(C(C2O)O)n2ccc(=O)[nH]c2=O)[O-])[O-])C(C(C1O)O)O								MNXM722710		
