R_PR_UID	R_PR_STOICH	R_PR_EC	R_PR_GIBBS	R_RF_PUBMED	R_XR_METACYC	R_XR_SEED	R_XR_KEGG	R_XR_BIGG	R_XR_METANETX	R_MT_ERROR	enumeration.map.ftof.reactions	enumeration.map.ftoz.reactions
RXN-I:34665	 + 1.0 * Meta-I:45326 + 1.0 * Meta-I:22678 <=> 1.0 * Meta-I:40019 + 1.0 * Meta-I:31746				CINNAMATE-GLUCOSYLTRANSFERASE-RXN	rxn19310 | rxn01614	R02256		MNXR131776 | MNXR107412		RXN-I:34665,RXN-I:36562	RZ_67
RXN-I:34380	 + 1.0 * Meta-I:40019 + 1.0 * Meta-I:45119 <=> 1.0 * Meta-I:51291 + 1.0 * Meta-I:46079					rxn15461 | rxn15460 | rxn06683	R04409		MNXR108872		RXN-I:34380,RXN-I:30372	RZ_64
RXN-I:21989	 + 1.0 * Meta-I:22678 + 1.0 * Meta-I:40771 ==> 1.0 * Meta-I:51291 + 1.0 * Meta-I:757				RXN-6721	rxn24197			MNXR121875		RXN-I:35062,RXN-I:15013,RXN-I:21989,RXN-I:32479,RXN-I:33578,RXN-I:29031,RXN-I:29771,RXN-I:24583	RZ_52
RXN-I:36562	 + 1.0 * Meta-I:40019 + 1.0 * Meta-I:31746 <=> 1.0 * Meta-I:22678 + 1.0 * Meta-I:330745								MNXR141197		RXN-I:34665,RXN-I:36562	RZ_67
