P_PR_UID	P_PR_REACTIONS	P_PR_ORIGIN	P_PR_TARGET	P_PR_INTERMEDIATES	P_PR_BOUNDARY	P_RF_PUBMED	P_MT_SCORE	P_MT_MAXYIELD	P_MT_LENGTH	P_MT_FEASIBILITY
Z856.1_Meta-I:509	RXN-I:14214 | RXN-I:13000 | RXN-I:28170	Meta-I:34930	Meta-I:509	Meta-I:79 | Meta-I:23101	Meta-I:39678 | Meta-I:34930 | Meta-I:1752 | Meta-I:40688 | Meta-I:42676 | Meta-I:40690				3	
Z856.2_Meta-I:509	RXN-I:22256 | RXN-I:13000 | RXN-I:28170	Meta-I:34930	Meta-I:509	Meta-I:79 | Meta-I:23101	Meta-I:39678 | Meta-I:34930 | Meta-I:40688 | Meta-I:40690 | Meta-I:42676				3	
Z856.5_Meta-I:509	RXN-I:14214 | RXN-I:20151 | RXN-I:28170	Meta-I:34930	Meta-I:509	Meta-I:79 | Meta-I:23101	Meta-I:39678 | Meta-I:34930 | Meta-I:1752 | Meta-I:40688 | Meta-I:42676 | Meta-I:40690 | Meta-I:5852 | Meta-I:39867 | Meta-I:40729				3	
Z856.6_Meta-I:509	RXN-I:22256 | RXN-I:20151 | RXN-I:28170	Meta-I:34930	Meta-I:509	Meta-I:79 | Meta-I:23101	Meta-I:39678 | Meta-I:34930 | Meta-I:40688 | Meta-I:40690 | Meta-I:5852 | Meta-I:39867 | Meta-I:40729 | Meta-I:42676				3	
Z856.3_Meta-I:509	RXN-I:14214 | RXN-I:30079 | RXN-I:28170	Meta-I:34930	Meta-I:509	Meta-I:79 | Meta-I:23101	Meta-I:39678 | Meta-I:34930 | Meta-I:1752 | Meta-I:40688 | Meta-I:42676 | Meta-I:40690 | Meta-I:5852 | Meta-I:39867 | Meta-I:40729				3	
Z856.4_Meta-I:509	RXN-I:22256 | RXN-I:30079 | RXN-I:28170	Meta-I:34930	Meta-I:509	Meta-I:79 | Meta-I:23101	Meta-I:39678 | Meta-I:34930 | Meta-I:40688 | Meta-I:40690 | Meta-I:5852 | Meta-I:39867 | Meta-I:42676 | Meta-I:40729				3	
Z856.7_Meta-I:509	RXN-I:14214 | RXN-I:6960 | RXN-I:28170	Meta-I:34930	Meta-I:509	Meta-I:79 | Meta-I:23101	Meta-I:39678 | Meta-I:34930 | Meta-I:1752 | Meta-I:40688 | Meta-I:42676 | Meta-I:40690				3	
Z856.8_Meta-I:509	RXN-I:22256 | RXN-I:6960 | RXN-I:28170	Meta-I:34930	Meta-I:509	Meta-I:79 | Meta-I:23101	Meta-I:39678 | Meta-I:34930 | Meta-I:40688 | Meta-I:40690 | Meta-I:42676				3	
Z1147.9_Meta-I:509	RXN-I:3335 | RXN-I:24192 | RXN-I:19604 | RXN-I:24226 | RXN-I:12893 | RXN-I:8617	Meta-I:34930	Meta-I:509	Meta-I:46329 | Meta-I:29908 | Meta-I:51388 | Meta-I:19847 | Meta-I:105	Meta-I:39678 | Meta-I:5852 | Meta-I:39867 | Meta-I:34930 | Meta-I:40729 | Meta-I:1752 | Meta-I:40688 | Meta-I:42676 | Meta-I:40690 | Meta-I:45326 | Meta-I:31746 | Meta-I:30109				6	
Z1145.4_Meta-I:509	RXN-I:22256 | RXN-I:11606 | RXN-I:22000 | RXN-I:24226 | RXN-I:12893 | RXN-I:5755	Meta-I:34930	Meta-I:509	Meta-I:79 | Meta-I:29908 | Meta-I:51388 | Meta-I:19847 | Meta-I:105	Meta-I:39678 | Meta-I:34930 | Meta-I:40688 | Meta-I:40690 | Meta-I:5852 | Meta-I:39867 | Meta-I:40729 | Meta-I:42676 | Meta-I:45326 | Meta-I:1752 | Meta-I:31746 | Meta-I:46079				6	
Z1147.2_Meta-I:509	RXN-I:3335 | RXN-I:6785 | RXN-I:19604 | RXN-I:24226 | RXN-I:12893 | RXN-I:5755	Meta-I:34930	Meta-I:509	Meta-I:46329 | Meta-I:29908 | Meta-I:51388 | Meta-I:19847 | Meta-I:105	Meta-I:39678 | Meta-I:5852 | Meta-I:39867 | Meta-I:34930 | Meta-I:40729 | Meta-I:40688 | Meta-I:40690 | Meta-I:1752 | Meta-I:42676 | Meta-I:45326 | Meta-I:31746 | Meta-I:46079				6	
Z1145.3_Meta-I:509	RXN-I:14214 | RXN-I:11606 | RXN-I:22000 | RXN-I:24226 | RXN-I:12893 | RXN-I:5755	Meta-I:34930	Meta-I:509	Meta-I:79 | Meta-I:29908 | Meta-I:51388 | Meta-I:19847 | Meta-I:105	Meta-I:39678 | Meta-I:34930 | Meta-I:1752 | Meta-I:40688 | Meta-I:42676 | Meta-I:40690 | Meta-I:5852 | Meta-I:39867 | Meta-I:40729 | Meta-I:45326 | Meta-I:31746 | Meta-I:46079				6	
Z1147.1_Meta-I:509	RXN-I:3335 | RXN-I:24192 | RXN-I:19604 | RXN-I:24226 | RXN-I:12893 | RXN-I:5755	Meta-I:34930	Meta-I:509	Meta-I:46329 | Meta-I:29908 | Meta-I:51388 | Meta-I:19847 | Meta-I:105	Meta-I:39678 | Meta-I:5852 | Meta-I:39867 | Meta-I:34930 | Meta-I:40729 | Meta-I:1752 | Meta-I:40688 | Meta-I:42676 | Meta-I:40690 | Meta-I:45326 | Meta-I:31746 | Meta-I:46079				6	
Z1145.6_Meta-I:509	RXN-I:22256 | RXN-I:11606 | RXN-I:19604 | RXN-I:24226 | RXN-I:12893 | RXN-I:3293	Meta-I:34930	Meta-I:509	Meta-I:79 | Meta-I:29908 | Meta-I:51388 | Meta-I:19847 | Meta-I:105	Meta-I:39678 | Meta-I:34930 | Meta-I:40688 | Meta-I:40690 | Meta-I:5852 | Meta-I:39867 | Meta-I:40729 | Meta-I:1752 | Meta-I:42676 | Meta-I:45326 | Meta-I:31746				6	
Z1147.4_Meta-I:509	RXN-I:3335 | RXN-I:6785 | RXN-I:22000 | RXN-I:24226 | RXN-I:12893 | RXN-I:5755	Meta-I:34930	Meta-I:509	Meta-I:46329 | Meta-I:29908 | Meta-I:51388 | Meta-I:19847 | Meta-I:105	Meta-I:39678 | Meta-I:5852 | Meta-I:39867 | Meta-I:34930 | Meta-I:40729 | Meta-I:40688 | Meta-I:40690 | Meta-I:42676 | Meta-I:45326 | Meta-I:1752 | Meta-I:31746 | Meta-I:46079				6	
Z1145.5_Meta-I:509	RXN-I:14214 | RXN-I:11606 | RXN-I:19604 | RXN-I:24226 | RXN-I:12893 | RXN-I:3293	Meta-I:34930	Meta-I:509	Meta-I:79 | Meta-I:29908 | Meta-I:51388 | Meta-I:19847 | Meta-I:105	Meta-I:39678 | Meta-I:34930 | Meta-I:1752 | Meta-I:40688 | Meta-I:42676 | Meta-I:40690 | Meta-I:5852 | Meta-I:39867 | Meta-I:40729 | Meta-I:45326 | Meta-I:31746				6	
Z1147.3_Meta-I:509	RXN-I:3335 | RXN-I:24192 | RXN-I:22000 | RXN-I:24226 | RXN-I:12893 | RXN-I:5755	Meta-I:34930	Meta-I:509	Meta-I:46329 | Meta-I:29908 | Meta-I:51388 | Meta-I:19847 | Meta-I:105	Meta-I:39678 | Meta-I:5852 | Meta-I:39867 | Meta-I:34930 | Meta-I:40729 | Meta-I:1752 | Meta-I:40688 | Meta-I:42676 | Meta-I:40690 | Meta-I:45326 | Meta-I:31746 | Meta-I:46079				6	
Z1145.8_Meta-I:509	RXN-I:22256 | RXN-I:11606 | RXN-I:22000 | RXN-I:24226 | RXN-I:12893 | RXN-I:3293	Meta-I:34930	Meta-I:509	Meta-I:79 | Meta-I:29908 | Meta-I:51388 | Meta-I:19847 | Meta-I:105	Meta-I:39678 | Meta-I:34930 | Meta-I:40688 | Meta-I:40690 | Meta-I:5852 | Meta-I:39867 | Meta-I:40729 | Meta-I:42676 | Meta-I:45326 | Meta-I:1752 | Meta-I:31746				6	
Z1147.6_Meta-I:509	RXN-I:3335 | RXN-I:6785 | RXN-I:19604 | RXN-I:24226 | RXN-I:12893 | RXN-I:3293	Meta-I:34930	Meta-I:509	Meta-I:46329 | Meta-I:29908 | Meta-I:51388 | Meta-I:19847 | Meta-I:105	Meta-I:39678 | Meta-I:5852 | Meta-I:39867 | Meta-I:34930 | Meta-I:40729 | Meta-I:40688 | Meta-I:40690 | Meta-I:1752 | Meta-I:42676 | Meta-I:45326 | Meta-I:31746				6	
Z1145.7_Meta-I:509	RXN-I:14214 | RXN-I:11606 | RXN-I:22000 | RXN-I:24226 | RXN-I:12893 | RXN-I:3293	Meta-I:34930	Meta-I:509	Meta-I:79 | Meta-I:29908 | Meta-I:51388 | Meta-I:19847 | Meta-I:105	Meta-I:39678 | Meta-I:34930 | Meta-I:1752 | Meta-I:40688 | Meta-I:42676 | Meta-I:40690 | Meta-I:5852 | Meta-I:39867 | Meta-I:40729 | Meta-I:45326 | Meta-I:31746				6	
Z1147.5_Meta-I:509	RXN-I:3335 | RXN-I:24192 | RXN-I:19604 | RXN-I:24226 | RXN-I:12893 | RXN-I:3293	Meta-I:34930	Meta-I:509	Meta-I:46329 | Meta-I:29908 | Meta-I:51388 | Meta-I:19847 | Meta-I:105	Meta-I:39678 | Meta-I:5852 | Meta-I:39867 | Meta-I:34930 | Meta-I:40729 | Meta-I:1752 | Meta-I:40688 | Meta-I:42676 | Meta-I:40690 | Meta-I:45326 | Meta-I:31746				6	
Z1147.8_Meta-I:509	RXN-I:3335 | RXN-I:6785 | RXN-I:22000 | RXN-I:24226 | RXN-I:12893 | RXN-I:3293	Meta-I:34930	Meta-I:509	Meta-I:46329 | Meta-I:29908 | Meta-I:51388 | Meta-I:19847 | Meta-I:105	Meta-I:39678 | Meta-I:5852 | Meta-I:39867 | Meta-I:34930 | Meta-I:40729 | Meta-I:40688 | Meta-I:40690 | Meta-I:42676 | Meta-I:45326 | Meta-I:1752 | Meta-I:31746				6	
Z1145.9_Meta-I:509	RXN-I:14214 | RXN-I:11606 | RXN-I:19604 | RXN-I:24226 | RXN-I:12893 | RXN-I:8617	Meta-I:34930	Meta-I:509	Meta-I:79 | Meta-I:29908 | Meta-I:51388 | Meta-I:19847 | Meta-I:105	Meta-I:39678 | Meta-I:34930 | Meta-I:1752 | Meta-I:40688 | Meta-I:42676 | Meta-I:40690 | Meta-I:5852 | Meta-I:39867 | Meta-I:40729 | Meta-I:45326 | Meta-I:31746 | Meta-I:30109				6	
Z1147.7_Meta-I:509	RXN-I:3335 | RXN-I:24192 | RXN-I:22000 | RXN-I:24226 | RXN-I:12893 | RXN-I:3293	Meta-I:34930	Meta-I:509	Meta-I:46329 | Meta-I:29908 | Meta-I:51388 | Meta-I:19847 | Meta-I:105	Meta-I:39678 | Meta-I:5852 | Meta-I:39867 | Meta-I:34930 | Meta-I:40729 | Meta-I:1752 | Meta-I:40688 | Meta-I:42676 | Meta-I:40690 | Meta-I:45326 | Meta-I:31746				6	
Z575.1_Meta-I:509	RXN-I:3335 | RXN-I:26569 | RXN-I:28170	Meta-I:34930	Meta-I:509	Meta-I:46329 | Meta-I:23101	Meta-I:39678 | Meta-I:5852 | Meta-I:39867 | Meta-I:34930 | Meta-I:40729 | Meta-I:42676 | Meta-I:40688 | Meta-I:40690				3	
Z1145.2_Meta-I:509	RXN-I:22256 | RXN-I:11606 | RXN-I:19604 | RXN-I:24226 | RXN-I:12893 | RXN-I:5755	Meta-I:34930	Meta-I:509	Meta-I:79 | Meta-I:29908 | Meta-I:51388 | Meta-I:19847 | Meta-I:105	Meta-I:39678 | Meta-I:34930 | Meta-I:40688 | Meta-I:40690 | Meta-I:5852 | Meta-I:39867 | Meta-I:40729 | Meta-I:1752 | Meta-I:42676 | Meta-I:45326 | Meta-I:31746 | Meta-I:46079				6	
Z1145.1_Meta-I:509	RXN-I:14214 | RXN-I:11606 | RXN-I:19604 | RXN-I:24226 | RXN-I:12893 | RXN-I:5755	Meta-I:34930	Meta-I:509	Meta-I:79 | Meta-I:29908 | Meta-I:51388 | Meta-I:19847 | Meta-I:105	Meta-I:39678 | Meta-I:34930 | Meta-I:1752 | Meta-I:40688 | Meta-I:42676 | Meta-I:40690 | Meta-I:5852 | Meta-I:39867 | Meta-I:40729 | Meta-I:45326 | Meta-I:31746 | Meta-I:46079				6	
Z284.2_Meta-I:509	RXN-I:3335 | RXN-I:6785 | RXN-I:3424	Meta-I:34930	Meta-I:509	Meta-I:46329 | Meta-I:29908	Meta-I:39678 | Meta-I:5852 | Meta-I:39867 | Meta-I:34930 | Meta-I:40729 | Meta-I:40688 | Meta-I:40690 | Meta-I:42676				3	
Z282.2_Meta-I:509	RXN-I:22256 | RXN-I:11606 | RXN-I:3424	Meta-I:34930	Meta-I:509	Meta-I:79 | Meta-I:29908	Meta-I:39678 | Meta-I:34930 | Meta-I:40688 | Meta-I:40690 | Meta-I:5852 | Meta-I:39867 | Meta-I:40729 | Meta-I:42676				3	
Z284.1_Meta-I:509	RXN-I:3335 | RXN-I:24192 | RXN-I:3424	Meta-I:34930	Meta-I:509	Meta-I:46329 | Meta-I:29908	Meta-I:39678 | Meta-I:5852 | Meta-I:39867 | Meta-I:34930 | Meta-I:40729 | Meta-I:1752 | Meta-I:40688 | Meta-I:42676 | Meta-I:40690				3	
Z569.1_Meta-I:509	RXN-I:14214 | RXN-I:11606 | RXN-I:15414 | RXN-I:20071 | RXN-I:26569 | RXN-I:28170	Meta-I:34930	Meta-I:509	Meta-I:79 | Meta-I:29908 | Meta-I:35809 | Meta-I:46329 | Meta-I:23101	Meta-I:39678 | Meta-I:34930 | Meta-I:1752 | Meta-I:40688 | Meta-I:42676 | Meta-I:40690 | Meta-I:5852 | Meta-I:39867 | Meta-I:40729				6	
Z1145.12_Meta-I:509	RXN-I:22256 | RXN-I:11606 | RXN-I:22000 | RXN-I:24226 | RXN-I:12893 | RXN-I:8617	Meta-I:34930	Meta-I:509	Meta-I:79 | Meta-I:29908 | Meta-I:51388 | Meta-I:19847 | Meta-I:105	Meta-I:39678 | Meta-I:34930 | Meta-I:40688 | Meta-I:40690 | Meta-I:5852 | Meta-I:39867 | Meta-I:40729 | Meta-I:42676 | Meta-I:45326 | Meta-I:1752 | Meta-I:31746 | Meta-I:30109				6	
Z569.2_Meta-I:509	RXN-I:22256 | RXN-I:11606 | RXN-I:15414 | RXN-I:20071 | RXN-I:26569 | RXN-I:28170	Meta-I:34930	Meta-I:509	Meta-I:79 | Meta-I:29908 | Meta-I:35809 | Meta-I:46329 | Meta-I:23101	Meta-I:39678 | Meta-I:34930 | Meta-I:40688 | Meta-I:40690 | Meta-I:5852 | Meta-I:39867 | Meta-I:40729 | Meta-I:1752 | Meta-I:42676				6	
Z282.1_Meta-I:509	RXN-I:14214 | RXN-I:11606 | RXN-I:3424	Meta-I:34930	Meta-I:509	Meta-I:79 | Meta-I:29908	Meta-I:39678 | Meta-I:34930 | Meta-I:1752 | Meta-I:40688 | Meta-I:42676 | Meta-I:40690 | Meta-I:5852 | Meta-I:39867 | Meta-I:40729				3	
Z569.3_Meta-I:509	RXN-I:14214 | RXN-I:11606 | RXN-I:15414 | RXN-I:26357 | RXN-I:26569 | RXN-I:28170	Meta-I:34930	Meta-I:509	Meta-I:79 | Meta-I:29908 | Meta-I:35809 | Meta-I:46329 | Meta-I:23101	Meta-I:39678 | Meta-I:34930 | Meta-I:1752 | Meta-I:40688 | Meta-I:42676 | Meta-I:40690 | Meta-I:5852 | Meta-I:39867 | Meta-I:40729				6	
Z1145.10_Meta-I:509	RXN-I:22256 | RXN-I:11606 | RXN-I:19604 | RXN-I:24226 | RXN-I:12893 | RXN-I:8617	Meta-I:34930	Meta-I:509	Meta-I:79 | Meta-I:29908 | Meta-I:51388 | Meta-I:19847 | Meta-I:105	Meta-I:39678 | Meta-I:34930 | Meta-I:40688 | Meta-I:40690 | Meta-I:5852 | Meta-I:39867 | Meta-I:40729 | Meta-I:1752 | Meta-I:42676 | Meta-I:45326 | Meta-I:31746 | Meta-I:30109				6	
Z569.4_Meta-I:509	RXN-I:22256 | RXN-I:11606 | RXN-I:15414 | RXN-I:26357 | RXN-I:26569 | RXN-I:28170	Meta-I:34930	Meta-I:509	Meta-I:79 | Meta-I:29908 | Meta-I:35809 | Meta-I:46329 | Meta-I:23101	Meta-I:39678 | Meta-I:34930 | Meta-I:40688 | Meta-I:40690 | Meta-I:5852 | Meta-I:39867 | Meta-I:40729 | Meta-I:1752 | Meta-I:42676				6	
Z1145.11_Meta-I:509	RXN-I:14214 | RXN-I:11606 | RXN-I:22000 | RXN-I:24226 | RXN-I:12893 | RXN-I:8617	Meta-I:34930	Meta-I:509	Meta-I:79 | Meta-I:29908 | Meta-I:51388 | Meta-I:19847 | Meta-I:105	Meta-I:39678 | Meta-I:34930 | Meta-I:1752 | Meta-I:40688 | Meta-I:42676 | Meta-I:40690 | Meta-I:5852 | Meta-I:39867 | Meta-I:40729 | Meta-I:45326 | Meta-I:31746 | Meta-I:30109				6	
Z1147.12_Meta-I:509	RXN-I:3335 | RXN-I:6785 | RXN-I:22000 | RXN-I:24226 | RXN-I:12893 | RXN-I:8617	Meta-I:34930	Meta-I:509	Meta-I:46329 | Meta-I:29908 | Meta-I:51388 | Meta-I:19847 | Meta-I:105	Meta-I:39678 | Meta-I:5852 | Meta-I:39867 | Meta-I:34930 | Meta-I:40729 | Meta-I:40688 | Meta-I:40690 | Meta-I:42676 | Meta-I:45326 | Meta-I:1752 | Meta-I:31746 | Meta-I:30109				6	
Z1147.11_Meta-I:509	RXN-I:3335 | RXN-I:24192 | RXN-I:22000 | RXN-I:24226 | RXN-I:12893 | RXN-I:8617	Meta-I:34930	Meta-I:509	Meta-I:46329 | Meta-I:29908 | Meta-I:51388 | Meta-I:19847 | Meta-I:105	Meta-I:39678 | Meta-I:5852 | Meta-I:39867 | Meta-I:34930 | Meta-I:40729 | Meta-I:1752 | Meta-I:40688 | Meta-I:42676 | Meta-I:40690 | Meta-I:45326 | Meta-I:31746 | Meta-I:30109				6	
Z1147.10_Meta-I:509	RXN-I:3335 | RXN-I:6785 | RXN-I:19604 | RXN-I:24226 | RXN-I:12893 | RXN-I:8617	Meta-I:34930	Meta-I:509	Meta-I:46329 | Meta-I:29908 | Meta-I:51388 | Meta-I:19847 | Meta-I:105	Meta-I:39678 | Meta-I:5852 | Meta-I:39867 | Meta-I:34930 | Meta-I:40729 | Meta-I:40688 | Meta-I:40690 | Meta-I:1752 | Meta-I:42676 | Meta-I:45326 | Meta-I:31746 | Meta-I:30109				6	
