M_PR_UID	M_PR_NAME	M_PR_SYNONYMS	M_PR_FORMULA	M_PR_CHARGE	M_PR_INCHI	M_PR_SMILE	M_PR_SMILE-CAN-OB	M_PR_BIO	M_PR_COFACTOR	M_RF_PUBMED	M_XR_KEGG	M_XR_METACYC	M_XR_CHEBI	M_XR_BIGG	M_XR_METANETX	M_MT_ENERGY	M_MT_ERROR
Meta-I:33695				0			OC1C(COP(=O)(OP(=O)(OP(=O)([O-])[O-])[O-])[O-])OC(C1O)n1cnc2c1ncnc2N				C00002 | D08646	ATP		atp	MNXM3		
Meta-I:40733				0			OC1C(O)C(OC1n1cnc2c1ncnc2N)COP(=O)([O-])[O-]				C00020 | D02769	AMP | AMP-GROUP		amp	MNXM14 | MNXM723601		
Meta-I:35208				0			[O-]P(=O)(OP(=O)([O-])[O-])[O-] | *OP(=O)(OP(=O)([O-])[O-])[O-]				C00013	PPI | PYROPHOSPHATE-GROUP		ppi	MNXM104620 | MNXM11		
Meta-I:12609				0			COc1cc(C=CC(=O)[O-])ccc1O				C01494	FERULIC-ACID		fer	MNXM573		
Meta-I:12273				0			SCCNC(=O)CCNC(=O)C(C(COP(=O)(OP(=O)(OCC1OC(C(C1OP(=O)([O-])[O-])O)n1cnc2c1ncnc2N)[O-])[O-])(C)C)O				C00010	CO-A | COA-GROUP		coa	MNXM12		
Meta-I:42694				0			COc1cc(C=CC(=O)SCCNC(=O)CCNC(=O)C(C(COP(=O)(OP(=O)(OCC2OC(C(C2OP(=O)([O-])[O-])O)n2cnc3c2ncnc3N)[O-])[O-])(C)C)O)ccc1O				C00406	FERULOYL-COA		ferulcoa	MNXM406		
Meta-I:1752				0							C00080	PROTON		h	MNXM1		
Meta-I:40688				0			OC1C(O)C(OC1[n+]1cccc(c1)C(=O)N)COP(=O)(OP(=O)(OCC1OC(C(C1O)OP(=O)([O-])[O-])n1cnc2c1ncnc2N)[O-])[O-]				C00006	NADP		nadp	MNXM5		
Meta-I:18308				0			O=CC=Cc1ccc(c(c1)OC)O				C02666	CONIFERYL-ALDEHYDE		conialdh	MNXM858		
Meta-I:40690				0			OC1C(O)C(OC1N1C=CCC(=C1)C(=O)N)COP(=O)(OP(=O)(OCC1OC(C(C1O)OP(=O)([O-])[O-])n1cnc2c1ncnc2N)[O-])[O-]				C00005	NADPH		nadph	MNXM6		
Meta-I:42676				0			[OH3+] | [OH-] | *O | [O-2].[Cu+].[Cu+] | O				C00001 | D06322 | D03703 | C18714 | D00001 | C01328	OH | OXONIUM | HYDROXYL-GROUP | WATER		h2o | oh1	MNXM124831 | MNXM154962 | MNXM126605 | MNXM2 | MNXM145357		
Meta-I:8501				0			OO | [O-][O-].[Ca+2] | [O-][O-].[Mg+2] | [Ca]1OO1				C17732 | C00027 | D00008 | C18566	HYDROGEN-PEROXIDE		h2o2	MNXM157675 | MNXM45240 | MNXM22		
Meta-I:4582				0			OCC=Cc1ccc(c(c1)OC)O				C00590	CONIFERYL-ALCOHOL		confrl	MNXM880		
Meta-I:2013				0			C=CCc1ccc(c(c1)OC)O				D04117 | C10453	CPD-6481			MNXM3594		
Meta-I:39678				0			O=O				D00003 | C00007	OXYGEN-MOLECULE		o2	MNXM4		
Meta-I:757				0			[O-]C(=O)C(CCSCC1OC(C(C1O)O)n1cnc2c1ncnc2N)[NH3+]				C00021	ADENOSYL-HOMO-CYS		ahcys	MNXM19		
Meta-I:5798				0			O=CC=Cc1ccc(c(c1)O)O				C10945	CPD-18120			MNXM4498		
Meta-I:40771				0			C[S+](CC1OC(C(C1O)O)n1cnc2c1ncnc2N)CCC(C(=O)[O-])[NH3+]				C00019	S-ADENOSYLMETHIONINE		amet	MNXM16		
Meta-I:31559				0			OCC=Cc1ccc(c(c1)O)O				C12206				MNXM5650 | MNXM722834		
Meta-I:40685				0			OC1C(O)C(OC1N1C=CCC(=C1)C(=O)N)COP(=O)(OP(=O)(OCC1OC(C(C1O)O)n1cnc2c1ncnc2N)[O-])[O-]				C00004	NADH		nadh	MNXM10		
Meta-I:40686				0			OC1C(O)C(OC1[n+]1cccc(c1)C(=O)N)COP(=O)(OP(=O)(OCC1OC(C(C1O)O)n1cnc2c1ncnc2N)[O-])[O-]				C00003 | D00002	NAD		nad	MNXM8 | MNXM165571		
