P_PR_UID	P_PR_REACTIONS	P_PR_ORIGIN	P_PR_TARGET	P_PR_INTERMEDIATES	P_PR_BOUNDARY	P_RF_PUBMED	P_MT_SCORE	P_MT_MAXYIELD	P_MT_LENGTH	P_MT_FEASIBILITY
Z6.3_Meta-I:6316	RXN-I:3491 | RXN-I:9970	Meta-I:40489	Meta-I:6316	Meta-I:16416	Meta-I:39678 | Meta-I:40489 | Meta-I:5852				2	
Z6.2_Meta-I:6316	RXN-I:11075 | RXN-I:9970	Meta-I:40489	Meta-I:6316	Meta-I:16416	Meta-I:31494 | Meta-I:40769 | Meta-I:39678 | Meta-I:1752 | Meta-I:40489 | Meta-I:42676 | Meta-I:5852				2	
Z6.5_Meta-I:6316	RXN-I:21425 | RXN-I:9970	Meta-I:40489	Meta-I:6316	Meta-I:16416	Meta-I:46553 | Meta-I:39678 | Meta-I:13179 | Meta-I:40489 | Meta-I:5852				2	
Z6.4_Meta-I:6316	RXN-I:14963 | RXN-I:9970	Meta-I:40489	Meta-I:6316	Meta-I:16416	Meta-I:39678 | Meta-I:40489 | Meta-I:14894 | Meta-I:20239 | Meta-I:5852				2	
Z6.7_Meta-I:6316	RXN-I:24553 | RXN-I:9970	Meta-I:40489	Meta-I:6316	Meta-I:16416	Meta-I:39678 | Meta-I:40489 | Meta-I:5852				2	
Z6.6_Meta-I:6316	RXN-I:2928 | RXN-I:9970	Meta-I:40489	Meta-I:6316	Meta-I:16416	Meta-I:46553 | Meta-I:39678 | Meta-I:40489 | Meta-I:14894 | Meta-I:5852				2	
Z6.8_Meta-I:6316	RXN-I:20472 | RXN-I:9970	Meta-I:40489	Meta-I:6316	Meta-I:16416	Meta-I:39678 | Meta-I:1752 | Meta-I:40489 | Meta-I:42676 | Meta-I:5852				2	
Z1.2_Meta-I:6316	RXN-I:35781 | RXN-I:26506	Meta-I:40489	Meta-I:6316	Meta-I:2473	Meta-I:5852 | Meta-I:1752 | Meta-I:40489 | Meta-I:39678 | Meta-I:40688 | Meta-I:42676 | Meta-I:40690				2	
Z1.1_Meta-I:6316	RXN-I:35781 | RXN-I:12421	Meta-I:40489	Meta-I:6316	Meta-I:2473	Meta-I:5852 | Meta-I:1752 | Meta-I:40489 | Meta-I:37645 | Meta-I:39678 | Meta-I:40685 | Meta-I:40686 | Meta-I:42676				2	
Z1.4_Meta-I:6316	RXN-I:35781 | RXN-I:28361	Meta-I:40489	Meta-I:6316	Meta-I:2473	Meta-I:5852 | Meta-I:1752 | Meta-I:40489				2	
Z1.3_Meta-I:6316	RXN-I:35781 | RXN-I:32353	Meta-I:40489	Meta-I:6316	Meta-I:2473	Meta-I:5852 | Meta-I:1752 | Meta-I:40489 | Meta-I:39678 | Meta-I:42676				2	
Z6.1_Meta-I:6316	RXN-I:27730 | RXN-I:9970	Meta-I:40489	Meta-I:6316	Meta-I:16416	Meta-I:46553 | Meta-I:39678 | Meta-I:40489 | Meta-I:42676 | Meta-I:42741 | Meta-I:5852				2	
Z1.5_Meta-I:6316	RXN-I:35781 | RXN-I:2386	Meta-I:40489	Meta-I:6316	Meta-I:2473	Meta-I:5852 | Meta-I:1752 | Meta-I:40489 | Meta-I:39678 | Meta-I:40685 | Meta-I:40686 | Meta-I:42676				2	
