M_PR_UID	M_PR_NAME	M_PR_FORMULA	M_PR_CHARGE	M_PR_INCHI	M_PR_SMILE-CAN-OB	M_PR_COFACTOR	M_XR_KEGG	M_XR_CHEBI
1	NAD+	C21H28N7O14P2	1	BAWFJGJZGIEFAR-UHFFFAOYSA-N	OC1C(O)C(OC1[n+]1cccc(c1)C(=O)N)COP(=O)(OP(=O)(OCC1OC(C(C1O)O)n1cnc2c1ncnc2N)O)O	1	C00003	15846
2	NADH	C21H29N7O14P2	0	BOPGDPNILDQYTO-UHFFFAOYSA-N	OC1C(O)C(OC1N1C=CCC(=C1)C(=O)N)COP(=O)(OP(=O)(OCC1OC(C(C1O)O)n1cnc2c1ncnc2N)O)O	1	C00004	16908
3	H+	H	1	-UHFFFAOYSA-N		1	C00080	15378
4	NADP+	C21H29N7O17P3	1	XJLXINKUBYWONI-UHFFFAOYSA-N	OC1C(O)C(OC1[n+]1cccc(c1)C(=O)N)COP(=O)(OP(=O)(OCC1OC(C(C1O)OP(=O)(O)O)n1cnc2c1ncnc2N)O)O	1	C00006	18009
5	NADPH	C21H30N7O17P3	0	ACFIXJIJDZMPPO-UHFFFAOYSA-N	OC1C(O)C(OC1N1C=CCC(=C1)C(=O)N)COP(=O)(OP(=O)(OCC1OC(C(C1O)OP(=O)(O)O)n1cnc2c1ncnc2N)O)O	1	C00005	16474
6	Orthophosphate	H3O4P	0	NBIIXXVUZAFLBC-UHFFFAOYSA-N	OP(=O)(O)O	1	C00009	18367,131527,34683
7	CoA	C21H36N7O16P3S	0	COA_COMPOUND	SCCNC(=O)CCNC(=O)C(C(COP(=O)(OP(=O)(OCC1OC(C(C1OP(=O)(O)O)O)n1cnc2c1ncnc2N)O)O)(C)C)O	1	C00010	15346
10	FAD	C27H33N9O15P2	0	VWWQXMAJTJZDQX-UHFFFAOYSA-N	O=c1[nH]c(=O)c2-c(n1)n(CC(C(C(COP(=O)(OP(=O)(OCC1OC(C(C1O)O)n1cnc3c1ncnc3N)O)O)O)O)O)c1c(n2)cc(c(c1)C)C	1	C00016	16238
11	FADH2	C27H35N9O15P2	0	YPZRHBJKEMOYQH-UHFFFAOYSA-N	O=c1[nH]c(=O)c2c([nH]1)N(CC(C(C(COP(=O)(OP(=O)(OCC1OC(C(C1O)O)n1cnc3c1ncnc3N)O)O)O)O)O)c1c(N2)cc(c(c1)C)C	1	C01352	17877
19	S-Adenosyl-L-methionine	C15H23N6O5S	1	MEFKEPWMEQBLKI-UHFFFAOYSA-N	C[S+](CC1OC(C(C1O)O)n1cnc2c1ncnc2N)CCC(C(=O)O)N	1	C00019	15414
20	S-Adenosyl-L-homocysteine	C14H20N6O5S	0	ZJUKTBDSGOFHSH-UHFFFAOYSA-N	OC(=O)C(CCSCC1OC(C(C1O)O)n1cnc2c1ncnc2N)N	1	C00021	16680
34	Diphosphate	H4O7P2	0	XPPKVPWEQAFLFU-UHFFFAOYSA-N	OP(=O)(OP(=O)(O)O)O	1	C00013	18361
36	ATP	C10H16N5O13P3	0	ZKHQWZAMYRWXGA-UHFFFAOYSA-N	OC1C(COP(=O)(OP(=O)(OP(=O)(O)O)O)O)OC(C1O)n1cnc2c1ncnc2N	1	C00002	15422
37	ADP	C10H15N5O10P2	0	XTWYTFMLZFPYCI-UHFFFAOYSA-N	OC1C(COP(=O)(OP(=O)(O)O)O)OC(C1O)n1cnc2c1ncnc2N	1	C00008	16761
38	AMP	C10H14N5O7P	0	UDMBCSSLTHHNCD-UHFFFAOYSA-N	OC1C(O)C(OC1n1cnc2c1ncnc2N)COP(=O)(O)O	1	C00020	16027,81690
44	Ammonia	H3N	0	QGZKDVFQNNGYKY-UHFFFAOYSA-N	N	1	C00014	16134
45	CO2	CO2	0	CURLTUGMZLYLDI-UHFFFAOYSA-N	O=C=O	1	C00011	16526
46	H2O	H2O	0	XLYOFNOQVPJJNP-UHFFFAOYSA-N	O	1	C00001	15377,16234,18219,6637,31341,31794,32035,32145,31344,33130,32108,49900,29191,81045,81882
47	Oxygen	O2	0	MYMOFIZGZYHOMD-UHFFFAOYSA-N	O=O	1	C00007	15379
48	Hydrogen peroxide	H2O2	0	MHAJPDPJQMAIIY-UHFFFAOYSA-N	OO	1	C00027	16240,18421,81304,48233
49	Acetyl-CoA	C23H38N7O17P3S	0	COA_COMPOUND	O=C(NCCSC(=O)C)CCNC(=O)C(C(COP(=O)(OP(=O)(OCC1OC(C(C1OP(=O)(O)O)O)n1cnc2c1ncnc2N)O)O)(C)C)O	1	C00024	15351
50	Pyruvate	C3H4O3	0	LCTONWCANYUPML-UHFFFAOYSA-N	OC(=O)C(=O)C	1	C00022	15361
51	Formate	CH2O2	0	BDAGIHXWWSANSR-UHFFFAOYSA-N	OC=O	1	C00058	15740
52	HCO3-	CH2O3	0	BVKZGUZCCUSVTD-UHFFFAOYSA-N	OC(=O)O	1	C00288	17544,28976,6504,3311,32139,31793,81862
53	Chavicol	C9H10O	0	RGIBXDHONMXTLI-UHFFFAOYSA-N	C=CCc1ccc(cc1)O	0	C16930	50158
54	p-Coumaroyl-CoA	C30H42N7O18P3S	0	COA_COMPOUND	O=C(NCCSC(=O)C=Cc1ccc(cc1)O)CCNC(=O)C(C(COP(=O)(OP(=O)(OCC1OC(C(C1OP(=O)(O)O)O)n1cnc2c1ncnc2N)O)O)(C)C)O	0	C00223	15499
55	4-Hydroxycinnamyl aldehyde	C9H8O2	0	CJXMVKYNVIGQBS-UHFFFAOYSA-N	O=CC=Cc1ccc(cc1)O	0	C05608	28353
56	4-Coumaryl alcohol	C9H10O2	0	PTNLHDGQWUGONS-UHFFFAOYSA-N	OCC=Cc1ccc(cc1)O	0	C02646	28386,28386 64555
57	Coumaryl acetate	C11H12O3	0	UUEPXFWSBUIUAZ-UHFFFAOYSA-N	CC(=O)OCC=Cc1ccc(cc1)O	0	C20465	73346
66	Acetate	C2H4O2	0	QTBSBXVTEAMEQO-UHFFFAOYSA-N	CC(=O)O	0	C00033	15366,32029,15366 30089
89	Isochavicol	C9H10O	0	UMFCIIBZHQXRCJ-UHFFFAOYSA-N	CC=Cc1ccc(cc1)O	0	C20464	15366,32029,15366 30089
92	4-(1-hydroxyallyl)phenol|4-(1-hydroxyprop-2-enyl)phenol	C9H10O2	0	UGNPXYBKDPBTAZ-UHFFFAOYSA-N	C=CC(c1ccc(cc1)O)O	0		15366,32029,15366 30089
95	4-(2-hydroxyallyl)phenol|4-(2-hydroxyprop-2-enyl)phenol	C9H10O2	0	BIKJIDSOXMAEJJ-UHFFFAOYSA-N	OC(=C)Cc1ccc(cc1)O	0		15366,32029,15366 30089
99	PUBCHEM132006386|2-hydroxy-3-(4-hydroxyphenyl)-2-propenal|2-hydroxy-3-(4-hydroxyphenyl)prop-2-enal	C9H8O3	0	PYTRWYQYZKOOSM-UHFFFAOYSA-N	O=CC(=Cc1ccc(cc1)O)O	0		15366,32029,15366 30089
100	4-Coumarate	C9H8O3	0	NGSWKAQJJWESNS-UHFFFAOYSA-N	OC(=O)C=Cc1ccc(cc1)O	0	C00811	32374,17450
103	(E)-3-(4-hydroxyphenyl)-2-propene-1,1-diol|(E)-3-(4-hydroxyphenyl)prop-2-ene-1,1-diol	C9H10O3	0	ILBVRPMFWMVTQI-UHFFFAOYSA-N	OC(C=Cc1ccc(cc1)O)O	0		32374,17450
111	4-(2-oxiranylmethyl)phenol|4-(oxiran-2-ylmethyl)phenol	C9H10O2	0	DFTIORCOZJOMGW-UHFFFAOYSA-N	Oc1ccc(cc1)CC1OC1	0		32374,17450
113	4-[3-(hydroxymethyl)oxiran-2-yl]phenol|4-[3-(hydroxymethyl)oxiran-2-yl]phenol</traditional_iupac>	C9H10O3	0	VFJXEDRWXXFXMH-UHFFFAOYSA-N	OCC1OC1c1ccc(cc1)O	0		32374,17450
121	Carbamate	CH3NO2	0	KXDHJXZQYSOELW-UHFFFAOYSA-N	NC(=O)O	0	C01563	28616
129	Acetaldehyde	C2H4O	0	IKHGUXGNUITLKF-UHFFFAOYSA-N	CC=O	0	C00084	15343
132	Acrolein	C3H4O	0	HGINCPLSRVDWNT-UHFFFAOYSA-N	C=CC=O	0	C01471	15368
133	Allyl alcohol	C3H6O	0	XXROGKLTLUQVRX-UHFFFAOYSA-N	OCC=C	0	C02001	16605
137	4-Hydroxydihydrocinnamaldehyde	C9H10O2	0	REEQXZCFSBLNDH-UHFFFAOYSA-N	O=CCCc1ccc(cc1)O	0	C16706	80671
138	4-g-Hydroxypropylphenol|4-Hydroxy-Benzenepropanol|4-(3-hydroxypropyl)phenol|Dihydro-p-coumaroyl alcohol|4-Hydroxybenzenepropanol, 9CI|3-(p-Hydroxyphenyl)-1-propanol|3-(4-Hydroxyphenyl)propan-1-ol|3-(4-Hydroxyphenyl)-1-propanol|4-(3-hydroxypropyl)phenol</traditional_iupac>	C9H12O2	0	NJCVPQRHRKYSAZ-UHFFFAOYSA-N	OCCCc1ccc(cc1)O	0		80671
145	(E)-3-(4-hydroxy-1-cyclohexa-2,4-dienyl)-2-propenal|(E)-3-(4-hydroxycyclohexa-2,4-dien-1-yl)prop-2-enal	C9H10O2	0	VEYAKHNPIVIJJU-UHFFFAOYSA-N	O=CC=CC1CC=C(C=C1)O	0		80671
146	L-Alanine	C3H7NO2	0	QNAYBMKLOCPYGJ-UHFFFAOYSA-N	CC(C(=O)O)N	0	C00041	16977,15570,16449
147	4-[(E)-3-aminoprop-1-enyl]phenol	C9H11NO	0	PYUVQTNSFBXSCW-UHFFFAOYSA-N	NCC=Cc1ccc(cc1)O	0		16977,15570,16449
173	Methylamine	CH5N	0	BAVYZALUXZFZLV-UHFFFAOYSA-N	CN	0	C00218	16830
178	(E)-3-(4-hydroxyphenyl)-2-methyl-2-propenal|(E)-3-(4-hydroxyphenyl)-2-methyl-prop-2-enal	C10H10O2	0	GAZGCVBAZDNFBK-UHFFFAOYSA-N	O=CC(=Cc1ccc(cc1)O)C	0		16830
179	4-Hydroxycinnamoylmethane	C10H10O2	0	OCNIKEFATSKIBE-UHFFFAOYSA-N	CC(=O)C=Cc1ccc(cc1)O	0	C12088	68636
194	formyl (E)-3-(4-hydroxyphenyl)prop-2-enoate|(E)-3-(4-hydroxyphenyl)-2-propenoic acid formyl ester	C10H8O4	0	RNYDAVYVNZXTKX-UHFFFAOYSA-N	O=COC(=O)C=Cc1ccc(cc1)O	0		68636
233	(E)-3-(4-hydroxyphenyl)-2-propenethioic S-acid|(E)-3-(4-hydroxyphenyl)prop-2-enethioic S-acid	C9H8O2S	0	ORCOTUBQRUWICQ-UHFFFAOYSA-N	SC(=O)C=Cc1ccc(cc1)O	0		68636
245	2-[(4-hydroxyphenyl)methyl]-2-propenoic acid|2-[(4-hydroxyphenyl)methyl]prop-2-enoic acid	C10H10O3	0	KREHMRUUQQMHJY-UHFFFAOYSA-N	Oc1ccc(cc1)CC(=C)C(=O)O	0		68636
246	(E)-4-(4-hydroxyphenyl)-2-butenoic acid|(E)-4-(4-hydroxyphenyl)but-2-enoic acid	C10H10O3	0	IIPWIZRLXLIPFR-UHFFFAOYSA-N	OC(=O)C=CCc1ccc(cc1)O	0		68636
250	4-(2-hydroxypropyl)phenol	C9H12O2	0	RODZBUUMGRIALV-UHFFFAOYSA-N	CC(Cc1ccc(cc1)O)O	0		68636
251	2-hydroxy-3-(4-hydroxyphenyl)propanal	C9H10O3	0	ZRJRRCZCEKVYKA-UHFFFAOYSA-N	O=CC(Cc1ccc(cc1)O)O	0		68636
252	1-(4-hydroxyphenyl)propane-1,3-diol	C9H12O3	0	NTNORUCWSHQVSH-UHFFFAOYSA-N	OCCC(c1ccc(cc1)O)O	0		68636
253	3-(4-hydroxyphenyl)propane-1,2-diol	C9H12O3	0	YUBJKXYXGZMUGT-UHFFFAOYSA-N	OCC(Cc1ccc(cc1)O)O	0		68636
259	4-propa-1,2-dienylphenol	C9H8O	0	XWPRNAOPHCDMOA-UHFFFAOYSA-N	C=C=Cc1ccc(cc1)O	0		68636
264	4-(3-aminopropyl)phenol	C9H13NO	0	AEMHLIHHQUOOGP-UHFFFAOYSA-N	NCCCc1ccc(cc1)O	0		68636
265	(2S)-2-amino-3-(4-hydroxyphenyl)propanal	C9H11NO2	0	DXGAIOIQACHYRK-UHFFFAOYSA-N	O=CC(Cc1ccc(cc1)O)N	0		68636
267	4-[(2S)-2-amino-3-hydroxypropyl]phenol|4-[(2S)-2-amino-3-hydroxy-propyl]phenol	C9H13NO2	0	DBLDQZASZZMNSL-UHFFFAOYSA-N	OCC(Cc1ccc(cc1)O)N	0		68636
273	4-cyclopropylphenol	C9H10O	0	IGIWPHRUBXKMAR-UHFFFAOYSA-N	Oc1ccc(cc1)C1CC1	0		68636
407	3-(4-hydroxyphenyl)-2-methyl-2-propenoic acid|3-(4-hydroxyphenyl)-2-methyl-prop-2-enoic acid	C10H9O3	-1	YNMMLKQHOGURNL-UHFFFAOYSA-N	Oc1ccc(cc1)C=C(C(=O)O)C	0		68636
685	4-Propylphenol	C9H12O	0	KLSLBUSXWBJMEC-UHFFFAOYSA-N	CCCc1ccc(cc1)O	0	C14311	34434
687	4-Hydroxystyrene	C8H8O	0	FUGYGGDSWSUORM-UHFFFAOYSA-N	C=Cc1ccc(cc1)O	0	C05627	1883
704	4-Hydroxyamphetamine|4-(2-aminopropyl)phenol|p-hydroxyamphetamine</traditional_iupac>	C9H13NO	0	GIKNHHRFLCDOEU-UHFFFAOYSA-N	CC(Cc1ccc(cc1)O)N	0		1883
761	4-(3-amino-1-hydroxypropyl)phenol|4-(3-amino-1-hydroxy-propyl)phenol	C9H13NO2	0	ZVYVNZPCYSCOCO-UHFFFAOYSA-N	NCCC(c1ccc(cc1)O)O	0		1883
847	2-Hydroxy-3-(4-hydroxyphenyl)propenoate	C9H7O4	-1	GQYBCIHRWMPOOF-UHFFFAOYSA-N	Oc1ccc(cc1)C=C(C(=O)O)O	0	C05350	27683
848	enolaldehyde|(PUBCHEM "17803147" NIL |kothari| 3641818092 NIL NIL)	C3H4O2	0	QRFGDGZPNFSNCE-UHFFFAOYSA-N	OC(=C)C=O	0		27683
851	3-(4-hydroxyphenyl)propa-1,2-dien-1-one|3-(4-hydroxyphenyl)-1-propa-1,2-dienone	C9H6O2	0	YMZOKTCAIKHGIX-UHFFFAOYSA-N	O=C=C=Cc1ccc(cc1)O	0		27683
856	3-(4-hydroxyphenyl)oxirane-2-carboxylic acid|3-(4-hydroxyphenyl)oxirane-2-carboxylic acid</traditional_iupac>	C9H7O4	-1	UCVOVUPTIUKZET-UHFFFAOYSA-N	OC(=O)C1OC1c1ccc(cc1)O	0		27683
861	Phloretate	C9H9O3	-1	NMHMNPHRMNGLLB-UHFFFAOYSA-N	OC(=O)CCc1ccc(cc1)O	0	C01744	16331,16331 32980
864	(E)-3-(4-hydroxy-1-cyclohexa-2,4-dienyl)-2-propenoic acid|(E)-3-(4-hydroxycyclohexa-2,4-dien-1-yl)prop-2-enoic acid	C9H9O3	-1	WFHXHIBUHFQKJH-UHFFFAOYSA-N	OC(=O)C=CC1CC=C(C=C1)O	0		16331,16331 32980
887	3-(4-Hydroxyphenyl)lactate	C9H9O4	-1	JVGVDSSUAVXRDY-UHFFFAOYSA-N	OC(=O)C(Cc1ccc(cc1)O)O	0	C03672	17385,10980,17385 36659
891	L-Tyrosine	C9H10NO3	-1	OUYCCCASQSFEME-UHFFFAOYSA-N	OC(=O)C(Cc1ccc(cc1)O)N	0	C00082	17895,18186,28479
918	3-(4-hydroxyphenyl)propane-1,1-diol	C9H12O3	0	PFUFSVPGKYUHCJ-UHFFFAOYSA-N	OC(CCc1ccc(cc1)O)O	0		17895,18186,28479
1006	4-(3-hydroxyallyl)phenol|4-(3-hydroxyprop-2-enyl)phenol	C9H10O2	0	CVSUNWNWSHUVHU-UHFFFAOYSA-N	OC=CCc1ccc(cc1)O	0		17895,18186,28479
1013	5,8-Quinolinedione|5,8-Dihydroquinoline-5,8-dione|1-(4-hydroxyphenyl)propane-1,2,3-triol|1-(4-Hydroxyphenyl)-1,2,3-propanetriol, 9CI|(±)-threo-1-(4-Hydroxyphenyl)-1,2,3-propanetriol|1-(4-hydroxyphenyl)propane-1,2,3-triol</traditional_iupac>	C9H12O4	0	DGMSJCVOBYTYTE-UHFFFAOYSA-N	OCC(C(c1ccc(cc1)O)O)O	0		17895,18186,28479
1015	1-hydroxy-3-(4-hydroxyphenyl)-2-propanone|1-hydroxy-3-(4-hydroxyphenyl)propan-2-one	C9H10O3	0	CDMBZQCJSOFJDN-UHFFFAOYSA-N	OCC(=O)Cc1ccc(cc1)O	0		17895,18186,28479
1030	carboxy formate|formic acid carboxy ester	C2H2O4	0	KEMBXDPMWJGADL-UHFFFAOYSA-N	O=COC(=O)O	0		17895,18186,28479
1127	3-(4-hydroxyphenyl)propylcarbamic acid	C10H12NO3	-1	MREAQJIACJXCQE-UHFFFAOYSA-N	OC(=O)NCCCc1ccc(cc1)O	0		17895,18186,28479
1236	(4-hydroxyphenyl) 2-oxopropanoate|2-oxopropanoic acid (4-hydroxyphenyl) ester	C9H8O4	0	RREBWXYAUAGEPU-UHFFFAOYSA-N	O=C(C(=O)C)Oc1ccc(cc1)O	0		17895,18186,28479
1237	(4-hydroxyphenyl) hydrogen carbonate|carbonic acid (4-hydroxyphenyl) ester	C7H6O4	0	SVEQEYXSQNOBJX-UHFFFAOYSA-N	OC(=O)Oc1ccc(cc1)O	0		17895,18186,28479
1375	(2S)-2-[3-(4-hydroxyphenyl)allylamino]propanoic acid|(2S)-2-[3-(4-hydroxyphenyl)prop-2-enylamino]propanoic acid	C12H14NO3	-1	SHOHCOQSUNEPEF-UHFFFAOYSA-N	OC(=O)C(NCC=Cc1ccc(cc1)O)C	0		17895,18186,28479
1412	2-propen-1-amine|prop-2-en-1-amine	C3H7N	0	VVJKKWFAADXIJK-UHFFFAOYSA-N	NCC=C	0		17895,18186,28479
1418	4-[(E)-3-(methylamino)prop-1-enyl]phenol	C10H13NO	0	IRWKOZMPCWGAFF-UHFFFAOYSA-N	CNCC=Cc1ccc(cc1)O	0		17895,18186,28479
1691	4-[3-(methylamino)propyl]phenol	C10H15NO	0	JLUFUBVFUFUXQA-UHFFFAOYSA-N	CNCCCc1ccc(cc1)O	0		17895,18186,28479
1760	2-[(4-hydroxyphenyl)methyl]-2-propenal|2-[(4-hydroxyphenyl)methyl]prop-2-enal	C10H10O2	0	VQXOJBDFXLCMCX-UHFFFAOYSA-N	O=CC(=C)Cc1ccc(cc1)O	0		17895,18186,28479
1956	Hydrogen sulfide	H2S	0	RWSOTUBLDIXVET-UHFFFAOYSA-N	S	0	C00283	16136,81055
1968	carbonothioic O,S-acid	CHO2S	-1	HDFRDWFLWVCOGP-UHFFFAOYSA-N	OC(=O)S	0		36959
2065	2-hydroxy-3-(4-hydroxyphenyl)-2-methylpropanoic acid|2-hydroxy-3-(4-hydroxyphenyl)-2-methyl-propanoic acid	C10H11O4	-1	JKYANPIXTMZNDK-UHFFFAOYSA-N	Oc1ccc(cc1)CC(C(=O)O)(O)C	0		36959
2066	(2S)-2-(ammoniomethyl)-3-(4-hydroxyphenyl)propanoate|(2S)-2-(azaniumylmethyl)-3-(4-hydroxyphenyl)propanoate	C10H12NO3	-1	UBDBJOYVCUYTIQ-UHFFFAOYSA-N	NCC(C(=O)O)Cc1ccc(cc1)O	0		36959
2067	2-(4-hydroxyphenyl)cyclopropanecarboxylic acid|2-(4-hydroxyphenyl)-1-cyclopropanecarboxylic acid	C10H9O3	-1	SFPUQNBJRXMDHF-UHFFFAOYSA-N	OC(=O)C1CC1c1ccc(cc1)O	0		36959
2094	1-propen-2-ol|prop-1-en-2-ol	C3H6O	0	NARVIWMVBMUEOG-UHFFFAOYSA-N	CC(=C)O	0		36959
2102	2-propene-1,2-diol|prop-2-ene-1,2-diol	C3H6O2	0	KJSCNRSIKJGFHN-UHFFFAOYSA-N	OCC(=C)O	0		36959
2149	2-amino-2-propenal|2-aminoprop-2-enal	C3H5NO	0	UAEGXGLKJKRYJW-UHFFFAOYSA-N	NC(=C)C=O	0		36959
