M_PR_UID	M_PR_NAME	M_PR_FORMULA	M_PR_CHARGE	M_PR_INCHI	M_PR_SMILE-CAN-OB	M_PR_COFACTOR	M_XR_KEGG	M_XR_CHEBI
1	NAD+	C21H28N7O14P2	1	BAWFJGJZGIEFAR-UHFFFAOYSA-N	OC1C(O)C(OC1[n+]1cccc(c1)C(=O)N)COP(=O)(OP(=O)(OCC1OC(C(C1O)O)n1cnc2c1ncnc2N)O)O	1	C00003	15846
2	NADH	C21H29N7O14P2	0	BOPGDPNILDQYTO-UHFFFAOYSA-N	OC1C(O)C(OC1N1C=CCC(=C1)C(=O)N)COP(=O)(OP(=O)(OCC1OC(C(C1O)O)n1cnc2c1ncnc2N)O)O	1	C00004	16908
3	H+	H	1	-UHFFFAOYSA-N		1	C00080	15378
4	NADP+	C21H29N7O17P3	1	XJLXINKUBYWONI-UHFFFAOYSA-N	OC1C(O)C(OC1[n+]1cccc(c1)C(=O)N)COP(=O)(OP(=O)(OCC1OC(C(C1O)OP(=O)(O)O)n1cnc2c1ncnc2N)O)O	1	C00006	18009
5	NADPH	C21H30N7O17P3	0	ACFIXJIJDZMPPO-UHFFFAOYSA-N	OC1C(O)C(OC1N1C=CCC(=C1)C(=O)N)COP(=O)(OP(=O)(OCC1OC(C(C1O)OP(=O)(O)O)n1cnc2c1ncnc2N)O)O	1	C00005	16474
7	CoA	C21H36N7O16P3S	0	COA_COMPOUND	SCCNC(=O)CCNC(=O)C(C(COP(=O)(OP(=O)(OCC1OC(C(C1OP(=O)(O)O)O)n1cnc2c1ncnc2N)O)O)(C)C)O	1	C00010	15346
19	S-Adenosyl-L-methionine	C15H23N6O5S	1	MEFKEPWMEQBLKI-UHFFFAOYSA-N	C[S+](CC1OC(C(C1O)O)n1cnc2c1ncnc2N)CCC(C(=O)O)N	1	C00019	15414
20	S-Adenosyl-L-homocysteine	C14H20N6O5S	0	ZJUKTBDSGOFHSH-UHFFFAOYSA-N	OC(=O)C(CCSCC1OC(C(C1O)O)n1cnc2c1ncnc2N)N	1	C00021	16680
26	Acyl-CoA	C22H35N7O17P3RS	0	COA_COMPOUND	O=C(NCCSC(=O)*)CCNC(=O)C(C(COP(=O)(OP(=O)(OCC1OC(C(C1OP(=O)(O)O)O)n1cnc2c1ncnc2N)O)O)(C)C)O	1	C00040	17984,31330
34	Diphosphate	H4O7P2	0	XPPKVPWEQAFLFU-UHFFFAOYSA-N	OP(=O)(OP(=O)(O)O)O	1	C00013	18361
36	ATP	C10H16N5O13P3	0	ZKHQWZAMYRWXGA-UHFFFAOYSA-N	OC1C(COP(=O)(OP(=O)(OP(=O)(O)O)O)O)OC(C1O)n1cnc2c1ncnc2N	1	C00002	15422
38	AMP	C10H14N5O7P	0	UDMBCSSLTHHNCD-UHFFFAOYSA-N	OC1C(O)C(OC1n1cnc2c1ncnc2N)COP(=O)(O)O	1	C00020	16027,81690
44	Ammonia	H3N	0	QGZKDVFQNNGYKY-UHFFFAOYSA-N	N	1	C00014	16134
45	CO2	CO2	0	CURLTUGMZLYLDI-UHFFFAOYSA-N	O=C=O	1	C00011	16526
46	H2O	H2O	0	XLYOFNOQVPJJNP-UHFFFAOYSA-N	O	1	C00001	15377,16234,18219,6637,31341,31794,32035,32145,31344,33130,32108,49900,29191,81045,81882
47	Oxygen	O2	0	MYMOFIZGZYHOMD-UHFFFAOYSA-N	O=O	1	C00007	15379
48	Hydrogen peroxide	H2O2	0	MHAJPDPJQMAIIY-UHFFFAOYSA-N	OO	1	C00027	16240,18421,81304,48233
49	Acetyl-CoA	C23H38N7O17P3S	0	COA_COMPOUND	O=C(NCCSC(=O)C)CCNC(=O)C(C(COP(=O)(OP(=O)(OCC1OC(C(C1OP(=O)(O)O)O)n1cnc2c1ncnc2N)O)O)(C)C)O	1	C00024	15351
50	Pyruvate	C3H4O3	0	LCTONWCANYUPML-UHFFFAOYSA-N	OC(=O)C(=O)C	1	C00022	15361
51	Formate	CH2O2	0	BDAGIHXWWSANSR-UHFFFAOYSA-N	OC=O	1	C00058	15740
52	HCO3-	CH2O3	0	BVKZGUZCCUSVTD-UHFFFAOYSA-N	OC(=O)O	1	C00288	17544,28976,6504,3311,32139,31793,81862
53	Eugenol	C10H12O2	0	RRAFCDWBNXTKKO-UHFFFAOYSA-N	C=CCc1ccc(c(c1)OC)O	0	C10453	4917
54	Coniferyl acetate	C12H14O4	0	XLZFUNZRKIQHOL-UHFFFAOYSA-N	COc1cc(C=CCOC(=O)C)ccc1O	0	C20225	4917
55	Coniferyl alcohol	C10H12O3	0	JMFRWRFFLBVWSI-UHFFFAOYSA-N	OCC=Cc1ccc(c(c1)OC)O	0	C00590	17745
56	Coniferyl aldehyde	C10H10O3	0	DKZBBWMURDFHNE-UHFFFAOYSA-N	O=CC=Cc1ccc(c(c1)OC)O	0	C02666	16547
57	Feruloyl-CoA	C31H44N7O19P3S	0	COA_COMPOUND	COc1cc(C=CC(=O)SCCNC(=O)CCNC(=O)C(C(COP(=O)(OP(=O)(OCC2OC(C(C2OP(=O)(O)O)O)n2cnc3c2ncnc3N)O)O)(C)C)O)ccc1O	0	C00406	15511
58	Ferulate	C10H10O4	0	KSEBMYQBYZTDHS-UHFFFAOYSA-N	COc1cc(C=CC(=O)O)ccc1O	0	C01494	17620
65	4-Hydroxycinnamyl aldehyde	C9H8O2	0	CJXMVKYNVIGQBS-UHFFFAOYSA-N	O=CC=Cc1ccc(cc1)O	0	C05608	28353
74	Malonyl-CoA	C24H38N7O19P3S	0	COA_COMPOUND	O=C(NCCSC(=O)CC(=O)O)CCNC(=O)C(C(COP(=O)(OP(=O)(OCC1OC(C(C1OP(=O)(O)O)O)n1cnc2c1ncnc2N)O)O)(C)C)O	0	C00083	15531,37555
77	Acetate	C2H4O2	0	QTBSBXVTEAMEQO-UHFFFAOYSA-N	CC(=O)O	0	C00033	15366,32029,15366 30089
93	4-Hydroxy-3-methoxy-benzaldehyde	C8H8O3	0	MWOOGOJBHIARFG-UHFFFAOYSA-N	COc1cc(C=O)ccc1O	0	C00755	18346
99	Glyoxylate	C2H2O3	0	HHLFWLYXYJOTON-UHFFFAOYSA-N	O=CC(=O)O	0	C00048	16891
108	(E)-3-(3-methoxyphenyl)-2-propen-1-ol|(E)-3-(3-methoxyphenyl)prop-2-en-1-ol	C10H12O2	0	RPRVKNAZCFODRM-UHFFFAOYSA-N	OCC=Cc1cccc(c1)OC	0		16891
109	Isoeugenol	C10H12O2	0	BJIOGJUNALELMI-UHFFFAOYSA-N	CC=Cc1ccc(c(c1)OC)O	0	C10469	18224,18224 50545
111	[(E)-3-(3-methoxyphenyl)allyl] acetate|acetic acid [(E)-3-(3-methoxyphenyl)prop-2-enyl] ester	C12H14O3	0	VWXZESVXJLNHHK-UHFFFAOYSA-N	COc1cccc(c1)C=CCOC(=O)C	0		18224,18224 50545
133	4-(1-hydroxyallyl)-2-methoxy-phenol|4-(1-hydroxyprop-2-enyl)-2-methoxyphenol	C10H12O3	0	CAQJZUXHKMYJEF-UHFFFAOYSA-N	C=CC(c1ccc(c(c1)OC)O)O	0		18224,18224 50545
140	(Z)-2-hydroxy-3-(4-hydroxy-3-methoxyphenyl)-2-propenoic acid|(Z)-2-hydroxy-3-(4-hydroxy-3-methoxy-phenyl)prop-2-enoic acid	C10H10O5	0	LVXPBVUWWHAFEP-UHFFFAOYSA-N	COc1cc(ccc1O)C=C(C(=O)O)O	0		18224,18224 50545
149	2-hydroxy-3-(4-hydroxy-3-methoxyphenyl)-2-propenal|2-hydroxy-3-(4-hydroxy-3-methoxy-phenyl)prop-2-enal	C10H10O4	0	LQJYVUMJMSBXBG-UHFFFAOYSA-N	O=CC(=Cc1ccc(c(c1)OC)O)O	0		18224,18224 50545
166	4-[3-(hydroxymethyl)-2-oxiranyl]-2-methoxyphenol|4-[3-(hydroxymethyl)oxiran-2-yl]-2-methoxy-phenol	C10H12O4	0	DZDKPIKBVMNBEA-UHFFFAOYSA-N	OCC1OC1c1ccc(c(c1)OC)O	0		18224,18224 50545
170	2-methoxy-4-(2-oxiranylmethyl)phenol|2-methoxy-4-(oxiran-2-ylmethyl)phenol	C10H12O3	0	WQAPNRUAKQGQLB-UHFFFAOYSA-N	COc1cc(ccc1O)CC1CO1	0		18224,18224 50545
171	3-(4-hydroxy-3-methoxyphenyl)oxirane-2-carboxylic acid|3-(4-hydroxy-3-methoxyphenyl)oxirane-2-carboxylic acid</traditional_iupac>	C10H10O5	0	HXHFXTLGRUPVTB-UHFFFAOYSA-N	COc1cc(ccc1O)C1OC1C(=O)O	0		18224,18224 50545
174	carboxy acetate|acetic acid carboxy ester	C3H4O4	0	HQCVEGNPQFRFPC-UHFFFAOYSA-N	CC(=O)OC(=O)O	0		18224,18224 50545
183	2-oxopropanoyl carbonate|1,2-dioxopropyl carbonate	C4H4O5	0	DZJMIPBMEFUXQH-UHFFFAOYSA-N	OC(=O)OC(=O)C(=O)C	0		18224,18224 50545
184	Carbamate	CH3NO2	0	KXDHJXZQYSOELW-UHFFFAOYSA-N	NC(=O)O	0	C01563	28616
186	dicarbonic acid	C2H2O5	0	ZFTFAPZRGNKQPU-UHFFFAOYSA-N	OC(=O)OC(=O)O	0		48501
187	(4-allyl-2-methoxy-phenyl) hydrogen carbonate|carbonic acid (2-methoxy-4-prop-2-enylphenyl) ester	C11H12O4	0	YABMNDVVBNWHDM-UHFFFAOYSA-N	C=CCc1ccc(c(c1)OC)OC(=O)O	0		48501
191	3-(4-hydroxy-3-methoxyphenyl)-2-propenamide|3-(4-hydroxy-3-methoxy-phenyl)prop-2-enamide	C10H11NO3	0	YYAJJKZSQWOLIP-UHFFFAOYSA-N	COc1cc(C=CC(=O)N)ccc1O	0		48501
216	Methanol	CH4O	0	OKKJLVBELUTLKV-UHFFFAOYSA-N	CO	0	C00132	17790
217	Allyl alcohol	C3H6O	0	XXROGKLTLUQVRX-UHFFFAOYSA-N	OCC=C	0	C02001	16605
218	Acrolein	C3H4O	0	HGINCPLSRVDWNT-UHFFFAOYSA-N	C=CC=O	0	C01471	15368
221	allyl acetate|acetic acid prop-2-enyl ester	C5H8O2	0	FWZUNOYOVVKUNF-UHFFFAOYSA-N	CC(=O)OCC=C	0		15368
223	Acetaldehyde	C2H4O	0	IKHGUXGNUITLKF-UHFFFAOYSA-N	CC=O	0	C00084	15343
225	Acrylic acid	C3H4O2	0	NIXOWILDQLNWCW-UHFFFAOYSA-N	OC(=O)C=C	0	C00511	18308,51133,18308 37080
226	4-Vinylguaiacol	C9H10O2	0	YOMSJEATGXXYPX-UHFFFAOYSA-N	COc1cc(C=C)ccc1O	0	C17883	42438
232	Dihydroconiferyl alcohol	C10H14O3	0	MWOMNLDJNQWJMK-UHFFFAOYSA-N	OCCCc1ccc(c(c1)OC)O	0	C10448	4559
234	3-(4-hydroxy-3-methoxy-phenyl)propyl acetate|acetic acid 3-(4-hydroxy-3-methoxyphenyl)propyl ester	C12H16O4	0	HWPCWZNRZMBRPO-UHFFFAOYSA-N	COc1cc(CCCOC(=O)C)ccc1O	0		4559
237	dihydroferulate|dihydroferulic acid	C10H12O4	0	BOLQJTPHPSDZHR-UHFFFAOYSA-N	COc1cc(CCC(=O)O)ccc1O	0		86612
241	dihydroconiferyl aldehyde|(CHEMSPIDER "461638" NIL |kothari| 3563631563 NIL NIL)	C10H12O3	0	KIEATOGEYUWTSR-UHFFFAOYSA-N	O=CCCc1ccc(c(c1)OC)O	0		86612
244	Formaldehyde	CH2O	0	WSFSSNUMVMOOMR-UHFFFAOYSA-N	C=O	0	C00067	16842
256	4-[(E)-3-aminoprop-1-enyl]phenol	C9H11NO	0	PYUVQTNSFBXSCW-UHFFFAOYSA-N	NCC=Cc1ccc(cc1)O	0		16842
259	4-[(E)-3-aminoprop-1-enyl]-2-methoxyphenol|4-[(E)-3-aminoprop-1-enyl]-2-methoxy-phenol	C10H13NO2	0	BNVLWLLKJDBTBE-UHFFFAOYSA-N	NCC=Cc1ccc(c(c1)OC)O	0		16842
260	S-(2-oxoethyl) ethanethioate|ethanethioic acid S-(2-oxoethyl) ester	C4H6O2S	0	UAYIIEYPYAPJGB-UHFFFAOYSA-N	O=CCSC(=O)C	0		16842
273	methyl hydrogen carbonate|carbonic acid methyl ester	C2H4O3	0	CXHHBNMLPJOKQD-UHFFFAOYSA-N	COC(=O)O	0		16842
276	trans-methylferulate	C11H12O4	0	AUJXJFHANFIVKH-UHFFFAOYSA-N	COC(=O)C=Cc1ccc(c(c1)OC)O	0		67379
297	(E)-3-(4-hydroxy-3-methoxyphenyl)-2-butenoic acid|(E)-3-(4-hydroxy-3-methoxy-phenyl)but-2-enoic acid	C11H12O4	0	IBSOVRLSOFRZBW-UHFFFAOYSA-N	COc1cc(ccc1O)C(=CC(=O)O)C	0		67379
298	(E)-3-(4-hydroxy-3-methoxyphenyl)-2-methyl-2-propenoic acid|(E)-3-(4-hydroxy-3-methoxy-phenyl)-2-methyl-prop-2-enoic acid	C11H12O4	0	YHOAZFMXZXWRHC-UHFFFAOYSA-N	COc1cc(ccc1O)C=C(C(=O)O)C	0		67379
309	Methylamine	CH5N	0	BAVYZALUXZFZLV-UHFFFAOYSA-N	CN	0	C00218	16830
331	Dehydrozingerone	C11H12O3	0	AFWKBSMFXWNGRE-UHFFFAOYSA-N	COc1cc(C=CC(=O)C)ccc1O	0	C17840	81361
335	Feruloyl-diketide-CoA	C33H46N7O20P3S	0	COA_COMPOUND	COc1cc(C=CC(=O)CC(=O)SCCNC(=O)CCNC(=O)C(C(COP(=O)(OP(=O)(OCC2OC(C(C2OP(=O)(O)O)O)n2cnc3c2ncnc3N)O)O)(C)C)O)ccc1O	0	C17741	71236
348	acetyl (E)-3-(4-hydroxy-3-methoxy-phenyl)prop-2-enoate|(E)-3-(4-hydroxy-3-methoxyphenyl)-2-propenoic acid acetyl ester	C12H12O5	0	HMDQEVMJGAKQMH-UHFFFAOYSA-N	COc1cc(C=CC(=O)OC(=O)C)ccc1O	0		71236
444	Carboxylate	CHO2R	0	-UHFFFAOYSA-N	*C(=O)O	0	C00060	35757,35366,28868
451	(E)-3-(4-hydroxy-3-methoxyphenyl)-2-propenethioic S-acid|(E)-3-(4-hydroxy-3-methoxy-phenyl)prop-2-enethioic S-acid	C10H10O3S	0	OKFYKKRAJKOPKD-UHFFFAOYSA-N	COc1cc(C=CC(=O)S)ccc1O	0		35757,35366,28868
455	Formamide	CH3NO	0	ZHNUHDYFZUAESO-UHFFFAOYSA-N	NC=O	0	C00488	16397
477	3-hydroxy-3-(4-hydroxy-3-methoxyphenyl)propanoic acid|3-hydroxy-3-(4-hydroxy-3-methoxy-phenyl)propanoic acid	C10H12O5	0	ABTZMSOARGMKMK-UHFFFAOYSA-N	COc1cc(ccc1O)C(CC(=O)O)O	0		16397
480	3-hydroxy-3-(4-hydroxy-3-methoxyphenyl)propanal|3-hydroxy-3-(4-hydroxy-3-methoxy-phenyl)propanal	C10H12O4	0	KGBHTMDZTICIFR-UHFFFAOYSA-N	O=CCC(c1ccc(c(c1)OC)O)O	0		16397
481	1-(4-hydroxy-3-methoxyphenyl)propane-1,3-diol|1-(4-hydroxy-3-methoxy-phenyl)propane-1,3-diol	C10H14O4	0	ZWZPBECHOLTFFT-UHFFFAOYSA-N	OCCC(c1ccc(c(c1)OC)O)O	0		16397
482	3-(4-Hydroxy-3-methoxyphenyl)-1,2-propanediol|3-(4-hydroxy-3-methoxyphenyl)propane-1,2-diol|3-(4-hydroxy-3-methoxyphenyl)propane-1,2-diol</traditional_iupac>	C10H14O4	0	QGFJORGLNPWXMK-UHFFFAOYSA-N	OCC(Cc1ccc(c(c1)OC)O)O	0		16397
488	4-(2-hydroxypropyl)-2-methoxyphenol|4-(2-hydroxypropyl)-2-methoxy-phenol	C10H14O3	0	CWJQMDKBQUQLEV-UHFFFAOYSA-N	COc1cc(ccc1O)CC(O)C	0		16397
489	VLA|Vanillactate|Vanillyllactate|Vanillactic acid|Vanillyllactic acid|3-methoxy-4-hydroxyphenyllactate|3-Methoxy-4-hydroxyphenyllactic acid|3-(4-Hydroxy-3-methoxyphenyl)lactate|3-(3-Methoxy-4-hydroxyphenyl)lactate|b-(4-Hydroxy-3-methoxyphenyl)lactate|4-Hydroxy-3-methoxyphenyllactic acid|3-(4-Hydroxy-3-methoxyphenyl)-Lactate|beta-(4-Hydroxy-3-methoxyphenyl)lactate|3-(4-Hydroxy-3-methoxyphenyl)lactic acid|3-(3-Methoxy-4-hydroxyphenyl)lactic acid|b-(4-Hydroxy-3-methoxyphenyl)lactic acid|3-(4-Hydroxy-3-methoxyphenyl)-Lactic acid|beta-(4-Hydroxy-3-methoxyphenyl)lactic acid|(PUBCHEM "21677752" NIL |kothari| 3651883220 NIL NIL)|2-hydroxy-3-(4-hydroxy-3-methoxyphenyl)propanoic acid|2-hydroxy-3-(4-hydroxy-3-methoxyphenyl)propanoic acid</traditional_iupac>	C10H12O5	0	SVYIZYRTOYHQRE-UHFFFAOYSA-N	COc1cc(ccc1O)CC(C(=O)O)O	0		16397
492	2-hydroxy-3-(4-hydroxy-3-methoxyphenyl)propanal|2-hydroxy-3-(4-hydroxy-3-methoxy-phenyl)propanal	C10H12O4	0	KJZRKSHCBMJZQJ-UHFFFAOYSA-N	O=CC(Cc1ccc(c(c1)OC)O)O	0		16397
501	2-methoxy-4-propa-1,2-dienylphenol|2-methoxy-4-propa-1,2-dienyl-phenol	C10H10O2	0	MBXNNJYHXNPGMH-UHFFFAOYSA-N	C=C=Cc1ccc(c(c1)OC)O	0		16397
508	3-amino-3-(4-hydroxy-3-methoxyphenyl)propanoic acid|3-amino-3-(4-hydroxy-3-methoxy-phenyl)propanoic acid	C10H13NO4	0	IGHHJKPPALHKMJ-UHFFFAOYSA-N	COc1cc(ccc1O)C(CC(=O)O)N	0		16397
514	4-[(2S)-2-amino-3-hydroxypropyl]-2-methoxyphenol|4-[(2S)-2-amino-3-hydroxy-propyl]-2-methoxy-phenol	C10H15NO3	0	OYJJUQHXSRTEHH-UHFFFAOYSA-N	OCC(Cc1ccc(c(c1)OC)O)N	0		16397
519	3-(4-hydroxy-3-methoxyphenyl)propylammonium|3-(4-hydroxy-3-methoxy-phenyl)propylammonium	C10H15NO2	0	AJVRWZIBFKZCEK-UHFFFAOYSA-N	NCCCc1ccc(c(c1)OC)O	0		16397
520	3-O-methyldopa|3-<i>O</i>-methyldopa|3-O-methyldopa zwitterion|(PUBCHEM "25273143" NIL |kothari| 3641818092 NIL NIL)	C10H13NO4	0	PFDUUKDQEHURQC-UHFFFAOYSA-N	COc1cc(ccc1O)CC(C(=O)O)N	0		16397
523	(2S)-2-amino-3-(4-hydroxy-3-methoxyphenyl)propanal|(2S)-2-amino-3-(4-hydroxy-3-methoxy-phenyl)propanal	C10H13NO3	0	JAMRFTUNDCRGGU-UHFFFAOYSA-N	O=CC(Cc1ccc(c(c1)OC)O)N	0		16397
527	Dehydroalanine	C3H5NO2	0	UQBOJOOOTLPNST-UHFFFAOYSA-N	NC(=C)C(=O)O	0	C02218	17123
532	2-hydroxyacrylic acid	C3H4O3	0	FEWFXBUNENSNBQ-UHFFFAOYSA-N	OC(=O)C(=C)O	0		86354
533	4-cyclopropyl-2-methoxyphenol|4-cyclopropyl-2-methoxy-phenol	C10H12O2	0	ULMMKNHAYBDFPN-UHFFFAOYSA-N	COc1cc(ccc1O)C1CC1	0		86354
1030	Cerulignol|Coerulignol|Propylguaiacol|Dihydroeugenol|Guaiacylpropane|Eugenol dihydro|4-Propylguaiacol|P-Propylguaiacol|4-Propyl-Guaiacol|P-N-Propylguaiacol|4-Propyl-O-methoxyphenol|4-Propyl-2-methoxyphenol|2-methoxy-4-propylphenol|5-Propyl-O-hydroxyanisole|2-Methoxy-4-propyl-Phenol|2-Methoxy-4-N-propylphenol|Phenol, 4-propyl, 2-methoxy|2-Methoxy-4-(1-propyl)phenol|2-Methoxy-4-propylphenol, 9CI|4-Hydroxy-3-methoxypropylbenzene|(4-Hydroxy-3-methoxyphenyl)propane|1-Propyl-3-methoxy-4-hydroxybenzene|1-(4-Hydroxy-3-methoxyphenyl)propane|4-Propyl-2-methoxyphenol (4-propylguaiacol)|2-Methoxy-4-propylphenol (p-propylguaiacol)|phenol, 2-methoxy-4-propyl-</traditional_iupac>	C10H14O2	0	PXIKRTCSSLJURC-UHFFFAOYSA-N	CCCc1ccc(c(c1)OC)O	0		86354
1048	3-O-Methyl-a-methyldopamine|4-(2-aminopropyl)-2-methoxyphenol|4-(2-aminopropyl)-2-methoxyphenol</traditional_iupac>	C10H15NO2	0	GPBOYXOSSQEJBH-UHFFFAOYSA-N	COc1cc(ccc1O)CC(N)C	0		86354
1366	enolaldehyde|(PUBCHEM "17803147" NIL |kothari| 3641818092 NIL NIL)	C3H4O2	0	QRFGDGZPNFSNCE-UHFFFAOYSA-N	OC(=C)C=O	0		86354
1583	3-(4-hydroxy-3-methoxyphenyl)-2-oxopropanal|3-(4-hydroxy-3-methoxy-phenyl)-2-oxo-propanal	C10H10O4	0	GCSNSYBHDHDJRY-UHFFFAOYSA-N	O=CC(=O)Cc1ccc(c(c1)OC)O	0		86354
1739	guaiacylglycerol	C10H14O5	0	LSKFUSLVUZISST-UHFFFAOYSA-N	OCC(C(c1ccc(c(c1)OC)O)O)O	0		53663
1741	1-hydroxy-3-(4-hydroxy-3-methoxyphenyl)-2-propanone|1-hydroxy-3-(4-hydroxy-3-methoxy-phenyl)propan-2-one	C10H12O4	0	CSQGINGXEBQJPA-UHFFFAOYSA-N	OCC(=O)Cc1ccc(c(c1)OC)O	0		53663
1759	4-(3-hydroxyallyl)-2-methoxy-phenol|4-(3-hydroxyprop-2-enyl)-2-methoxyphenol	C10H12O3	0	COZBGKLOQYBHKN-UHFFFAOYSA-N	OC=CCc1ccc(c(c1)OC)O	0		53663
2019	(4-hydroxy-3-methoxy-phenyl) 2-oxopropanoate|2-oxopropanoic acid (4-hydroxy-3-methoxyphenyl) ester	C10H10O5	0	CLXZHLVQQZXJNR-UHFFFAOYSA-N	COc1cc(ccc1O)OC(=O)C(=O)C	0		53663
2176	Guaiacyl ethanol|Homovanillyl alcohol|Homovanilline alcohol|2-(4-Guaiacyl)-ethanol|4-(2-Hydroxyethyl)guaiacol|4-Hydroxy-3-methoxyphenethanol|3-Methoxy-4-hydroxyphenylethanol|4-Hydroxy-3-methoxybenzeneethanol|(4-Hydroxy-3-methoxyphenyl)ethanol|4-Hydroxy-3-methoxy-Benzeneethanol|4-(2-Hydroxyethyl)-2-methoxyphenol|4-Hydroxy-3-methoxyphenethyl alcohol|2-(4-Hydroxy-3-methoxyphenyl)-ethanol|4-Hydroxy-3-methoxyphenylethyl alcohol|homovanillyl alcohol</traditional_iupac>	C9H12O3	0	XHUBSJRBOQIZNI-UHFFFAOYSA-N	OCCc1ccc(c(c1)OC)O	0		53663
2177	3-Methoxytyramine	C9H13NO2	0	DIVQKHQLANKJQO-UHFFFAOYSA-N	NCCc1ccc(c(c1)OC)O	0	C05587	1582
2313	3-(4-hydroxy-3-methoxyphenyl)-1-propen-1-one|3-(4-hydroxy-3-methoxy-phenyl)prop-1-en-1-one	C10H10O3	0	IXCPPVIBFYXCOD-UHFFFAOYSA-N	O=C=CCc1ccc(c(c1)OC)O	0		1582
2450	2-propen-1-amine|prop-2-en-1-amine	C3H7N	0	VVJKKWFAADXIJK-UHFFFAOYSA-N	NCC=C	0		1582
2527	2-mercaptoacetaldehyde|2-sulfanylacetaldehyde	C2H4OS	0	FLJWVVUJGVNXMZ-UHFFFAOYSA-N	SCC=O	0		1582
2891	2-(4-hydroxy-3-methoxy-phenyl)cyclopropanecarboxylic acid|2-(4-hydroxy-3-methoxyphenyl)-1-cyclopropanecarboxylic acid	C11H11O4	-1	MSPMIWMSIKSIEC-UHFFFAOYSA-N	COc1cc(ccc1O)C1CC1C(=O)O	0		1582
2897	3-(4-Hydroxy-3-methoxyphenyl)-2-methyllactic acid|2-hydroxy-3-(4-hydroxy-3-methoxyphenyl)-2-methylpropanoic acid|2-hydroxy-3-(4-hydroxy-3-methoxyphenyl)-2-methylpropanoic acid</traditional_iupac>	C11H13O5	-1	YNNLUYGFVUZDAD-UHFFFAOYSA-N	COc1cc(ccc1O)CC(C(=O)O)(O)C	0		1582
2970	2-methoxy-4-[3-(methylamino)propyl]phenol	C11H17NO2	0	OTGMBTPZZKBYJT-UHFFFAOYSA-N	CNCCCc1ccc(c(c1)OC)O	0		1582
3407	carbonothioic O,S-acid	CHO2S	-1	HDFRDWFLWVCOGP-UHFFFAOYSA-N	OC(=O)S	0		36959
3408	Hydrogen sulfide	H2S	0	RWSOTUBLDIXVET-UHFFFAOYSA-N	S	0	C00283	16136,81055
3451	2-formamido-3-(4-hydroxy-3-methoxyphenyl)propanoic acid|2-formamido-3-(4-hydroxy-3-methoxy-phenyl)propanoic acid	C11H12NO5	-1	DOXOFTGVARWFRE-UHFFFAOYSA-N	O=CNC(C(=O)O)Cc1ccc(c(c1)OC)O	0		16136,81055
3566	2-propene-1,2-diol|prop-2-ene-1,2-diol	C3H6O2	0	KJSCNRSIKJGFHN-UHFFFAOYSA-N	OCC(=C)O	0		16136,81055
3586	1-propen-2-ol|prop-1-en-2-ol	C3H6O	0	NARVIWMVBMUEOG-UHFFFAOYSA-N	CC(=C)O	0		16136,81055
3667	2-amino-2-propen-1-ol|2-aminoprop-2-en-1-ol	C3H7NO	0	BWQKZCYUNQKJRW-UHFFFAOYSA-N	NC(=C)CO	0		16136,81055
3672	2-amino-2-propenal|2-aminoprop-2-enal	C3H5NO	0	UAEGXGLKJKRYJW-UHFFFAOYSA-N	NC(=C)C=O	0		16136,81055
