M_PR_UID	M_PR_SMILE-CAN-OB
CMPD_0000000003	Oc1cc2oc(cc(=O)c2c(c1O)O)c1ccccc1
CMPD_0000003705	Oc1cc(=O)c2c(c1)oc(cc2O)c1ccccc1
CMPD_0000003706	Oc1cc2OC(CC(=O)c2c(c1)O)c1ccccc1
CMPD_0000003708	Oc1cc(O)c(c(c1)O)C(=O)C=Cc1ccccc1
CMPD_0000003710	O=C(C=Cc1ccccc1)SCCN=C(CCN=C(C(C(COP(=O)(OP(=O)(OCC1OC(C(C1OP(=O)(O)O)O)n1cnc2c1ncnc2N)O)O)(C)C)O)O)O
CMPD_0000003732	OC(=O)C=Cc1ccccc1
MNXM12	SCCN=C(CCN=C(C(C(COP(=O)(OP(=O)(OCC1OC(C(C1OP(=O)(O)O)O)n1cnc2c1ncnc2N)O)O)(C)C)O)O)O
MNXM4	O=O
MNXM40	OC(=O)CC(=O)SCCN=C(CCN=C(C(C(COP(=O)(OP(=O)(OCC1OC(C(C1OP(=O)(O)O)O)n1cnc2c1ncnc2N)O)O)(C)C)O)O)O
MNXM6	OC1C(O)C(OC1N1C=CCC(=C1)C(=N)O)COP(=O)(OP(=O)(OCC1OC(C(C1O)OP(=O)(O)O)n1cnc2c1ncnc2N)O)O
MNXM87	OC1C(COP(=O)(OP(=O)(OC2OC(C(=O)O)C(C(C2O)O)O)O)O)OC(C1O)n1ccc(nc1=O)O
MNXM97	NC(C(=O)O)Cc1ccccc1
TARGET_0000000001	OC(=O)C1OC(Oc2cc3oc(cc(=O)c3c(c2O)O)c2ccccc2)C(C(C1O)O)O
