M_PR_UID	M_PR_NAME	M_PR_SYNONYMS	M_PR_FORMULA	M_PR_CHARGE	M_PR_INCHI	M_PR_SMILE	M_PR_SMILE-CAN-OB	M_PR_BIO	M_PR_COFACTOR	M_RF_PUBMED	M_XR_KEGG	M_XR_METACYC	M_XR_CHEBI	M_XR_BIGG	M_XR_METANETX	M_MT_ENERGY	M_MT_ERROR
Meta-I:1752				0							C00080	PROTON		h	MNXM1		
Meta-I:45119				0			CO				C00132 | D02309	METOH		meoh	MNXM157		
Meta-I:6844				0			COC(=O)C(NC(=O)C(CC(=O)[O-])[NH3+])Cc1ccccc1				C11045 | D02381	CPD-5583			MNXM42817		
Meta-I:31533				0			[O-]C(=O)CC(C(=O)[O-])[NH3+]				D00013 | C16433 | C00049	L-ASPARTATE		CE1787 | CE5868 | asp__L	MNXM162407 | MNXM42		
Meta-I:42676				0			[OH3+] | [OH-] | *O | [O-2].[Cu+].[Cu+] | O				C00001 | D06322 | D03703 | C18714 | D00001 | C01328	OH | OXONIUM | HYDROXYL-GROUP | WATER		h2o | oh1	MNXM124831 | MNXM154962 | MNXM126605 | MNXM2 | MNXM145357		
Meta-I:49871				0			[NH3+]C(C(=O)[O-])Cc1ccccc1				C00079 | C02057 | D00021	PHE		phe__L	MNXM97		
