M_PR_UID	M_PR_SMILE-CAN-OB
CMPD_0000000002	CCCCCC(=O)C=C(C=Cc1ccc(c(c1)OC)O)O
CMPD_0000001005	COc1cc(C=CC(=O)SCCN=C(CCN=C(C(C(COP(=O)(OP(=O)(OCC2OC(C(C2OP(=O)(O)O)O)n2cnc3c2ncnc3N)O)O)(C)C)O)O)O)ccc1O
CMPD_0000001012	COc1cc(C=CC(=O)SCCN=C(CCN=C(C(C(COP(=O)(OP(=O)(OCC2OC(C(C2OP(=O)(O)(O)O)O)n2cnc3c2ncnc3N)O)O)(C)C)O)O)O)ccc1O
CMPD_0000001013	COc1cc(C=CC(=O)SCCN=C(CCN=C(C(C(COP(=O)(OP(=O)(OCC2OC(C(C2O)O)n2cnc3c2ncnc3N)O)O)(C)C)O)O)O)ccc1O
CMPD_0000001015	COc1cc(C=CC(=O)SCCN=C(CCN=C(C(C(COP(=O)(OP(=O)(OCC2OC(C(C2OP(=O)(O)O)O)n2cnc3c2ncnc3O)O)O)(C)C)O)O)O)ccc1O
CMPD_0000001022	COc1cc(C=CC(=O)O)ccc1O
CMPD_0000001108	COc1cc(C=CC(=O)SCCN=C(CCN=C(C(C(COP(=O)(OP(=O)(OCC2OC(C(C2O)OP(=O)(O)O)n2cnc3c2ncnc3N)O)O)(C)C)O)O)O)ccc1O
CMPD_0000001268	SCCN=C(CCN=C(C(C(COP(=O)(OP(=O)(OCC1OC(C(C1OP(=O)(O)(O)O)O)n1cnc2c1ncnc2N)O)O)(C)C)O)O)O
CMPD_0000001282	SCCN=C(CCN=C(C(C(COP(=O)(OP(=O)(OCC1OC(C(C1OP(=O)(O)O)O)n1cnc2c1ncnc2O)O)O)(C)C)O)O)O
CMPD_0000001439	SCCN=C(CCN=C(C(C(COP(=O)(OP(=O)(OCC1OC(C(C1O)OP(=O)(O)O)n1cnc2c1ncnc2N)O)O)(C)C)O)O)O
MNXM01	[H+]
MNXM12	SCCN=C(CCN=C(C(C(COP(=O)(OP(=O)(OCC1OC(C(C1OP(=O)(O)O)O)n1cnc2c1ncnc2N)O)O)(C)C)O)O)O
MNXM15	[NH4+]
MNXM2	O
MNXM3	OC1C(COP(=O)(OP(=O)(OP(=O)(O)O)O)O)OC(C1O)n1cnc2c1ncnc2N
MNXM40	OC(=O)CC(=O)SCCN=C(CCN=C(C(C(COP(=O)(OP(=O)(OCC1OC(C(C1OP(=O)(O)O)O)n1cnc2c1ncnc2N)O)O)(C)C)O)O)O
MNXM481	SCCN=C(CCN=C(C(C(COP(=O)(OP(=O)(OCC1OC(C(C1O)O)n1cnc2c1ncnc2N)O)O)(C)C)O)O)O
MNXM553	CCCCCC(=O)SCCN=C(CCN=C(C(C(COP(=O)(OP(=O)(OCC1OC(C(C1OP(=O)(O)O)O)n1cnc2c1ncnc2N)O)O)(C)C)O)O)O
TARGET_0000000001	CCCCCC(CC(=O)CCc1ccc(c(c1)OC)O)O
