P_PR_UID	P_PR_REACTIONS	P_PR_ORIGIN	P_PR_TARGET	P_PR_BOUNDARY	P_PR_INTERMEDIATES
1	TRS_0_2_23_0 | TRS_0_1_2_0 | TRS_0_0_0_0	CMPD_0000001022	TARGET_0000000001	MNXM01 | MNXM12 | MNXM2 | MNXM40 | MNXM553	CMPD_0000001005 | CMPD_0000000002
9	TRS_0_3_27_0 | TRS_0_2_15_0 | TRS_0_1_2_0 | TRS_0_0_0_0	CMPD_0000001022	TARGET_0000000001	MNXM01 | MNXM2 | MNXM3 | MNXM40 | MNXM481 | MNXM553	CMPD_0000001013 | CMPD_0000001005 | CMPD_0000000002
27	TRS_0_3_58_0 | TRS_0_2_14_0 | TRS_0_1_2_0 | TRS_0_0_0_0	CMPD_0000001022	TARGET_0000000001	CMPD_0000001268 | MNXM01 | MNXM2 | MNXM40 | MNXM553	CMPD_0000001012 | CMPD_0000001005 | CMPD_0000000002
29	TRS_0_3_76_0 | TRS_0_2_17_0 | TRS_0_1_2_0 | TRS_0_0_0_0	CMPD_0000001022	TARGET_0000000001	CMPD_0000001282 | MNXM01 | MNXM15 | MNXM2 | MNXM40 | MNXM553	CMPD_0000001015 | CMPD_0000001005 | CMPD_0000000002
41	TRS_0_4_43_0 | TRS_0_3_17_0 | TRS_0_2_15_0 | TRS_0_1_2_0 | TRS_0_0_0_0	CMPD_0000001022	TARGET_0000000001	CMPD_0000001439 | MNXM01 | MNXM2 | MNXM3 | MNXM40 | MNXM553	CMPD_0000001108 | CMPD_0000001013 | CMPD_0000001005 | CMPD_0000000002
