P_PR_UID	P_PR_REACTIONS	P_PR_ORIGIN	P_PR_TARGET	P_PR_INTERMEDIATES	P_PR_BOUNDARY	P_RF_PUBMED	P_MT_SCORE	P_MT_MAXYIELD	P_MT_LENGTH	P_MT_FEASIBILITY
Z52.4_Meta-I:37611	RXN-I:26656 | RXN-I:30906 | RXN-I:7756	Meta-I:36864	Meta-I:37611	Meta-I:16489 | Meta-I:41096	Meta-I:36864 | Meta-I:33695 | Meta-I:40733 | Meta-I:35208 | Meta-I:12273 | Meta-I:39678 | Meta-I:1752 | Meta-I:40688 | Meta-I:42676 | Meta-I:40690 | Meta-I:46524				3	
Z52.3_Meta-I:37611	RXN-I:26656 | RXN-I:2381 | RXN-I:28566	Meta-I:36864	Meta-I:37611	Meta-I:16489 | Meta-I:41096	Meta-I:36864 | Meta-I:33695 | Meta-I:40733 | Meta-I:35208 | Meta-I:12273 | Meta-I:24589				3	
Z52.6_Meta-I:37611	RXN-I:26656 | RXN-I:2381 | RXN-I:7756	Meta-I:36864	Meta-I:37611	Meta-I:16489 | Meta-I:41096	Meta-I:36864 | Meta-I:33695 | Meta-I:40733 | Meta-I:35208 | Meta-I:12273 | Meta-I:46524				3	
Z52.5_Meta-I:37611	RXN-I:26656 | RXN-I:25109 | RXN-I:7756	Meta-I:36864	Meta-I:37611	Meta-I:16489 | Meta-I:41096	Meta-I:36864 | Meta-I:33695 | Meta-I:40733 | Meta-I:35208 | Meta-I:12273 | Meta-I:1752 | Meta-I:42676 | Meta-I:46524				3	
Z52.2_Meta-I:37611	RXN-I:26656 | RXN-I:25109 | RXN-I:28566	Meta-I:36864	Meta-I:37611	Meta-I:16489 | Meta-I:41096	Meta-I:36864 | Meta-I:33695 | Meta-I:40733 | Meta-I:35208 | Meta-I:12273 | Meta-I:1752 | Meta-I:42676 | Meta-I:24589				3	
Z52.1_Meta-I:37611	RXN-I:26656 | RXN-I:30906 | RXN-I:28566	Meta-I:36864	Meta-I:37611	Meta-I:16489 | Meta-I:41096	Meta-I:36864 | Meta-I:33695 | Meta-I:40733 | Meta-I:35208 | Meta-I:12273 | Meta-I:39678 | Meta-I:1752 | Meta-I:40688 | Meta-I:42676 | Meta-I:40690 | Meta-I:24589				3	
Z107.4_Meta-I:37611	RXN-I:26656 | RXN-I:17035 | RXN-I:3026 | RXN-I:22256 | RXN-I:12489 | RXN-I:7756	Meta-I:36864	Meta-I:37611	Meta-I:16489 | Meta-I:10428 | Meta-I:34930 | Meta-I:79 | Meta-I:41096	Meta-I:36864 | Meta-I:33695 | Meta-I:40733 | Meta-I:35208 | Meta-I:12273 | Meta-I:5852 | Meta-I:1752 | Meta-I:38086 | Meta-I:39678 | Meta-I:40688 | Meta-I:40690 | Meta-I:46524				6	
Z107.1_Meta-I:37611	RXN-I:26656 | RXN-I:17035 | RXN-I:3026 | RXN-I:14214 | RXN-I:12489 | RXN-I:28566	Meta-I:36864	Meta-I:37611	Meta-I:16489 | Meta-I:10428 | Meta-I:34930 | Meta-I:79 | Meta-I:41096	Meta-I:36864 | Meta-I:33695 | Meta-I:40733 | Meta-I:35208 | Meta-I:12273 | Meta-I:5852 | Meta-I:1752 | Meta-I:38086 | Meta-I:39678 | Meta-I:40688 | Meta-I:42676 | Meta-I:40690 | Meta-I:24589				6	
Z107.3_Meta-I:37611	RXN-I:26656 | RXN-I:17035 | RXN-I:3026 | RXN-I:14214 | RXN-I:12489 | RXN-I:7756	Meta-I:36864	Meta-I:37611	Meta-I:16489 | Meta-I:10428 | Meta-I:34930 | Meta-I:79 | Meta-I:41096	Meta-I:36864 | Meta-I:33695 | Meta-I:40733 | Meta-I:35208 | Meta-I:12273 | Meta-I:5852 | Meta-I:1752 | Meta-I:38086 | Meta-I:39678 | Meta-I:40688 | Meta-I:42676 | Meta-I:40690 | Meta-I:46524				6	
Z107.2_Meta-I:37611	RXN-I:26656 | RXN-I:17035 | RXN-I:3026 | RXN-I:22256 | RXN-I:12489 | RXN-I:28566	Meta-I:36864	Meta-I:37611	Meta-I:16489 | Meta-I:10428 | Meta-I:34930 | Meta-I:79 | Meta-I:41096	Meta-I:36864 | Meta-I:33695 | Meta-I:40733 | Meta-I:35208 | Meta-I:12273 | Meta-I:5852 | Meta-I:1752 | Meta-I:38086 | Meta-I:39678 | Meta-I:40688 | Meta-I:40690 | Meta-I:24589				6	
