R_PR_UID	R_PR_STOICH	R_PR_EC	R_PR_GIBBS	R_RF_PUBMED	R_XR_METACYC	R_XR_SEED	R_XR_KEGG	R_XR_BIGG	R_XR_METANETX	R_MT_ERROR	enumeration.map.ftof.reactions	enumeration.map.ftoz.reactions
RXN-I:26656	 + 1.0 * Meta-I:36864 + 1.0 * Meta-I:33695 + 1.0 * Meta-I:12273 ==> 1.0 * Meta-I:40733 + 1.0 * Meta-I:35208 + 1.0 * Meta-I:16489				4-COUMARATE--COA-LIGASE-RXN	rxn01182 | rxn33539 | rxn30362	R01616	COUCOAFm | 4CMCOAS	MNXR94998		RXN-I:26656	RXN-I:26656
RXN-I:30906	 + 1.0 * Meta-I:39678 + 1.0 * Meta-I:1752 + 1.0 * Meta-I:16489 + 1.0 * Meta-I:40690 ==> 1.0 * Meta-I:41096 + 1.0 * Meta-I:40688 + 1.0 * Meta-I:42676				RXN-18366						RXN-I:30906,RXN-I:25109,RXN-I:2381	RZ_60
RXN-I:7756	 + 1.0 * Meta-I:41096 + 1.0 * Meta-I:46524 ==> 1.0 * Meta-I:37611 + 1.0 * Meta-I:12273					rxn02420	R03374		MNXR108129		RXN-I:28566,RXN-I:33260,RXN-I:1983,RXN-I:11798,RXN-I:6137,RXN-I:7756,RXN-I:29762,RXN-I:27761,RXN-I:20914	RZ_43
RXN-I:2381	 + 1.0 * Meta-I:16489 ==> 1.0 * Meta-I:41096					rxn05139	R07436		MNXR111073		RXN-I:30906,RXN-I:25109,RXN-I:2381	RZ_60
RXN-I:28566	 + 1.0 * Meta-I:41096 + 1.0 * Meta-I:24589 ==> 1.0 * Meta-I:37611 + 1.0 * Meta-I:12273				RXN-7633	rxn31939 | rxn24342			MNXR121986 | MNXR141264		RXN-I:28566,RXN-I:33260,RXN-I:1983,RXN-I:11798,RXN-I:6137,RXN-I:7756,RXN-I:29762,RXN-I:27761,RXN-I:20914	RZ_43
RXN-I:25109	 + 1.0 * Meta-I:16489 + 1.0 * Meta-I:42676 ==> 1.0 * Meta-I:41096 + 2.0 * Meta-I:1752					rxn31912 | rxn31906					RXN-I:30906,RXN-I:25109,RXN-I:2381	RZ_60
RXN-I:17035	 + 2.0 * Meta-I:1752 + 1.0 * Meta-I:16489 + 3.0 * Meta-I:38086 ==> 3.0 * Meta-I:5852 + 4.0 * Meta-I:12273 + 1.0 * Meta-I:10428				NARINGENIN-CHALCONE-SYNTHASE-RXN	rxn01179	R01613		MNXR107087		RXN-I:17035	RXN-I:17035
RXN-I:3026	 + 1.0 * Meta-I:1752 + 1.0 * Meta-I:10428 ==> 1.0 * Meta-I:34930				APIGNAR-RXN	rxn38044 | rxn19170 | rxn01769	R02446		MNXR139110 | MNXR107511		RXN-I:3026	RXN-I:3026
RXN-I:22256	 + 1.0 * Meta-I:39678 + 1.0 * Meta-I:34930 + 1.0 * Meta-I:40690 ==> 1.0 * Meta-I:40688 + 1.0 * Meta-I:79					rxn30913					RXN-I:14214,RXN-I:22256	RZ_6
RXN-I:12489	 + 3.0 * Meta-I:5852 + 4.0 * Meta-I:12273 + 1.0 * Meta-I:79 <=> 1.0 * Meta-I:41096 + 3.0 * Meta-I:1752 + 3.0 * Meta-I:38086					rxn04370			MNXR134665		RXN-I:12489	RXN-I:12489
RXN-I:14214	 + 1.0 * Meta-I:39678 + 1.0 * Meta-I:34930 + 1.0 * Meta-I:1752 + 1.0 * Meta-I:40690 ==> 1.0 * Meta-I:40688 + 1.0 * Meta-I:42676 + 1.0 * Meta-I:79				RXN-7652	rxn28346 | rxn24348 | rxn01765	R02442		MNXR139107 | MNXR107508		RXN-I:14214,RXN-I:22256	RZ_6
