P_PR_UID	P_PR_REACTIONS	P_PR_ORIGIN	P_PR_TARGET	P_PR_INTERMEDIATES	P_PR_BOUNDARY	P_RF_PUBMED	P_MT_SCORE	P_MT_MAXYIELD	P_MT_LENGTH	P_MT_FEASIBILITY
Z11082.3_Meta-I:16948	RXN-I:15545 | RXN-I:1046 | RXN-I:18026 | RXN-I:34324 | RXN-I:12993 | RXN-I:32289 | RXN-I:27474 | RXN-I:25037 | RXN-I:28973 | RXN-I:194 | RXN-I:34338 | RXN-I:34927 | RXN-I:14530 | RXN-I:13106	Meta-I:12609	Meta-I:16948	Meta-I:42694 | Meta-I:18308 | Meta-I:4582 | Meta-I:31245 | Meta-I:12870 | Meta-I:15086 | Meta-I:17989 | Meta-I:23816 | Meta-I:29895 | Meta-I:29831 | Meta-I:29829 | Meta-I:49966 | Meta-I:18098	Meta-I:33695 | Meta-I:40733 | Meta-I:35208 | Meta-I:12609 | Meta-I:12273 | Meta-I:1752 | Meta-I:40688 | Meta-I:40690 | Meta-I:40685 | Meta-I:40686 | Meta-I:39678 | Meta-I:42676 | Meta-I:757 | Meta-I:40771 | Meta-I:5852 | Meta-I:39867 | Meta-I:40729				14	
Z11082.2_Meta-I:16948	RXN-I:15545 | RXN-I:1046 | RXN-I:14434 | RXN-I:34324 | RXN-I:12993 | RXN-I:32289 | RXN-I:27474 | RXN-I:25037 | RXN-I:28973 | RXN-I:194 | RXN-I:34338 | RXN-I:34927 | RXN-I:14530 | RXN-I:13106	Meta-I:12609	Meta-I:16948	Meta-I:42694 | Meta-I:18308 | Meta-I:4582 | Meta-I:31245 | Meta-I:12870 | Meta-I:15086 | Meta-I:17989 | Meta-I:23816 | Meta-I:29895 | Meta-I:29831 | Meta-I:29829 | Meta-I:49966 | Meta-I:18098	Meta-I:33695 | Meta-I:40733 | Meta-I:35208 | Meta-I:12609 | Meta-I:12273 | Meta-I:1752 | Meta-I:40688 | Meta-I:40690 | Meta-I:39678 | Meta-I:42676 | Meta-I:40685 | Meta-I:40686 | Meta-I:757 | Meta-I:40771 | Meta-I:5852 | Meta-I:39867 | Meta-I:40729				14	
Z11082.1_Meta-I:16948	RXN-I:15545 | RXN-I:1046 | RXN-I:4458 | RXN-I:34324 | RXN-I:12993 | RXN-I:32289 | RXN-I:27474 | RXN-I:25037 | RXN-I:28973 | RXN-I:194 | RXN-I:34338 | RXN-I:34927 | RXN-I:14530 | RXN-I:13106	Meta-I:12609	Meta-I:16948	Meta-I:42694 | Meta-I:18308 | Meta-I:4582 | Meta-I:31245 | Meta-I:12870 | Meta-I:15086 | Meta-I:17989 | Meta-I:23816 | Meta-I:29895 | Meta-I:29831 | Meta-I:29829 | Meta-I:49966 | Meta-I:18098	Meta-I:33695 | Meta-I:40733 | Meta-I:35208 | Meta-I:12609 | Meta-I:12273 | Meta-I:1752 | Meta-I:40688 | Meta-I:40690 | Meta-I:42676 | Meta-I:8501 | Meta-I:39678 | Meta-I:40685 | Meta-I:40686 | Meta-I:757 | Meta-I:40771 | Meta-I:5852 | Meta-I:39867 | Meta-I:40729				14	
Z11877.1_Meta-I:16948	RXN-I:15545 | RXN-I:1046 | RXN-I:26767 | RXN-I:10859 | RXN-I:33779 | RXN-I:34324 | RXN-I:12993 | RXN-I:32289 | RXN-I:32678 | RXN-I:28973 | RXN-I:194 | RXN-I:34338 | RXN-I:34927 | RXN-I:14530 | RXN-I:13106	Meta-I:12609	Meta-I:16948	Meta-I:42694 | Meta-I:18308 | Meta-I:5798 | Meta-I:31559 | Meta-I:4582 | Meta-I:31245 | Meta-I:12870 | Meta-I:15086 | Meta-I:23816 | Meta-I:29895 | Meta-I:29831 | Meta-I:29829 | Meta-I:49966 | Meta-I:18098	Meta-I:33695 | Meta-I:40733 | Meta-I:35208 | Meta-I:12609 | Meta-I:12273 | Meta-I:1752 | Meta-I:40688 | Meta-I:40690 | Meta-I:757 | Meta-I:40771 | Meta-I:39678 | Meta-I:42676 | Meta-I:40685 | Meta-I:40686 | Meta-I:5852 | Meta-I:39867 | Meta-I:40729				15	
Z14776.3_Meta-I:16948	RXN-I:15545 | RXN-I:1046 | RXN-I:18026 | RXN-I:34324 | RXN-I:12993 | RXN-I:32289 | RXN-I:32678 | RXN-I:28973 | RXN-I:194 | RXN-I:34338 | RXN-I:34927 | RXN-I:14530 | RXN-I:13106	Meta-I:12609	Meta-I:16948	Meta-I:42694 | Meta-I:18308 | Meta-I:4582 | Meta-I:31245 | Meta-I:12870 | Meta-I:15086 | Meta-I:23816 | Meta-I:29895 | Meta-I:29831 | Meta-I:29829 | Meta-I:49966 | Meta-I:18098	Meta-I:33695 | Meta-I:40733 | Meta-I:35208 | Meta-I:12609 | Meta-I:12273 | Meta-I:1752 | Meta-I:40688 | Meta-I:40690 | Meta-I:40685 | Meta-I:40686 | Meta-I:39678 | Meta-I:42676 | Meta-I:757 | Meta-I:40771 | Meta-I:5852 | Meta-I:39867 | Meta-I:40729				13	
Z14776.2_Meta-I:16948	RXN-I:15545 | RXN-I:1046 | RXN-I:14434 | RXN-I:34324 | RXN-I:12993 | RXN-I:32289 | RXN-I:32678 | RXN-I:28973 | RXN-I:194 | RXN-I:34338 | RXN-I:34927 | RXN-I:14530 | RXN-I:13106	Meta-I:12609	Meta-I:16948	Meta-I:42694 | Meta-I:18308 | Meta-I:4582 | Meta-I:31245 | Meta-I:12870 | Meta-I:15086 | Meta-I:23816 | Meta-I:29895 | Meta-I:29831 | Meta-I:29829 | Meta-I:49966 | Meta-I:18098	Meta-I:33695 | Meta-I:40733 | Meta-I:35208 | Meta-I:12609 | Meta-I:12273 | Meta-I:1752 | Meta-I:40688 | Meta-I:40690 | Meta-I:39678 | Meta-I:42676 | Meta-I:40685 | Meta-I:40686 | Meta-I:757 | Meta-I:40771 | Meta-I:5852 | Meta-I:39867 | Meta-I:40729				13	
Z14776.1_Meta-I:16948	RXN-I:15545 | RXN-I:1046 | RXN-I:4458 | RXN-I:34324 | RXN-I:12993 | RXN-I:32289 | RXN-I:32678 | RXN-I:28973 | RXN-I:194 | RXN-I:34338 | RXN-I:34927 | RXN-I:14530 | RXN-I:13106	Meta-I:12609	Meta-I:16948	Meta-I:42694 | Meta-I:18308 | Meta-I:4582 | Meta-I:31245 | Meta-I:12870 | Meta-I:15086 | Meta-I:23816 | Meta-I:29895 | Meta-I:29831 | Meta-I:29829 | Meta-I:49966 | Meta-I:18098	Meta-I:33695 | Meta-I:40733 | Meta-I:35208 | Meta-I:12609 | Meta-I:12273 | Meta-I:1752 | Meta-I:40688 | Meta-I:40690 | Meta-I:42676 | Meta-I:8501 | Meta-I:39678 | Meta-I:40685 | Meta-I:40686 | Meta-I:757 | Meta-I:40771 | Meta-I:5852 | Meta-I:39867 | Meta-I:40729				13	
Z7387.1_Meta-I:16948	RXN-I:15545 | RXN-I:1046 | RXN-I:4458 | RXN-I:34324 | RXN-I:12993 | RXN-I:32289 | RXN-I:32678 | RXN-I:28973 | RXN-I:194 | RXN-I:34338 | RXN-I:34927 | RXN-I:14530 | RXN-I:28370	Meta-I:12609	Meta-I:16948	Meta-I:42694 | Meta-I:18308 | Meta-I:4582 | Meta-I:31245 | Meta-I:12870 | Meta-I:15086 | Meta-I:23816 | Meta-I:29895 | Meta-I:29831 | Meta-I:29829 | Meta-I:49966 | Meta-I:18098	Meta-I:33695 | Meta-I:40733 | Meta-I:35208 | Meta-I:12609 | Meta-I:12273 | Meta-I:1752 | Meta-I:40688 | Meta-I:40690 | Meta-I:42676 | Meta-I:8501 | Meta-I:39678 | Meta-I:40685 | Meta-I:40686 | Meta-I:757 | Meta-I:40771 | Meta-I:5852 | Meta-I:39867 | Meta-I:40729				13	
Z7387.2_Meta-I:16948	RXN-I:15545 | RXN-I:1046 | RXN-I:14434 | RXN-I:34324 | RXN-I:12993 | RXN-I:32289 | RXN-I:32678 | RXN-I:28973 | RXN-I:194 | RXN-I:34338 | RXN-I:34927 | RXN-I:14530 | RXN-I:28370	Meta-I:12609	Meta-I:16948	Meta-I:42694 | Meta-I:18308 | Meta-I:4582 | Meta-I:31245 | Meta-I:12870 | Meta-I:15086 | Meta-I:23816 | Meta-I:29895 | Meta-I:29831 | Meta-I:29829 | Meta-I:49966 | Meta-I:18098	Meta-I:33695 | Meta-I:40733 | Meta-I:35208 | Meta-I:12609 | Meta-I:12273 | Meta-I:1752 | Meta-I:40688 | Meta-I:40690 | Meta-I:39678 | Meta-I:42676 | Meta-I:40685 | Meta-I:40686 | Meta-I:757 | Meta-I:40771 | Meta-I:5852 | Meta-I:39867 | Meta-I:40729				13	
Z7387.3_Meta-I:16948	RXN-I:15545 | RXN-I:1046 | RXN-I:18026 | RXN-I:34324 | RXN-I:12993 | RXN-I:32289 | RXN-I:32678 | RXN-I:28973 | RXN-I:194 | RXN-I:34338 | RXN-I:34927 | RXN-I:14530 | RXN-I:28370	Meta-I:12609	Meta-I:16948	Meta-I:42694 | Meta-I:18308 | Meta-I:4582 | Meta-I:31245 | Meta-I:12870 | Meta-I:15086 | Meta-I:23816 | Meta-I:29895 | Meta-I:29831 | Meta-I:29829 | Meta-I:49966 | Meta-I:18098	Meta-I:33695 | Meta-I:40733 | Meta-I:35208 | Meta-I:12609 | Meta-I:12273 | Meta-I:1752 | Meta-I:40688 | Meta-I:40690 | Meta-I:40685 | Meta-I:40686 | Meta-I:39678 | Meta-I:42676 | Meta-I:757 | Meta-I:40771 | Meta-I:5852 | Meta-I:39867 | Meta-I:40729				13	
Z794.1_Meta-I:16948	RXN-I:15545 | RXN-I:1046 | RXN-I:26767 | RXN-I:10859 | RXN-I:33779 | RXN-I:34324 | RXN-I:12993 | RXN-I:32289 | RXN-I:27474 | RXN-I:25037 | RXN-I:28973 | RXN-I:194 | RXN-I:34338 | RXN-I:34927 | RXN-I:14530 | RXN-I:28370	Meta-I:12609	Meta-I:16948	Meta-I:42694 | Meta-I:18308 | Meta-I:5798 | Meta-I:31559 | Meta-I:4582 | Meta-I:31245 | Meta-I:12870 | Meta-I:15086 | Meta-I:17989 | Meta-I:23816 | Meta-I:29895 | Meta-I:29831 | Meta-I:29829 | Meta-I:49966 | Meta-I:18098	Meta-I:33695 | Meta-I:40733 | Meta-I:35208 | Meta-I:12609 | Meta-I:12273 | Meta-I:1752 | Meta-I:40688 | Meta-I:40690 | Meta-I:757 | Meta-I:40771 | Meta-I:39678 | Meta-I:42676 | Meta-I:40685 | Meta-I:40686 | Meta-I:5852 | Meta-I:39867 | Meta-I:40729				16	
Z3693.2_Meta-I:16948	RXN-I:15545 | RXN-I:1046 | RXN-I:14434 | RXN-I:34324 | RXN-I:12993 | RXN-I:32289 | RXN-I:27474 | RXN-I:25037 | RXN-I:28973 | RXN-I:194 | RXN-I:34338 | RXN-I:34927 | RXN-I:14530 | RXN-I:28370	Meta-I:12609	Meta-I:16948	Meta-I:42694 | Meta-I:18308 | Meta-I:4582 | Meta-I:31245 | Meta-I:12870 | Meta-I:15086 | Meta-I:17989 | Meta-I:23816 | Meta-I:29895 | Meta-I:29831 | Meta-I:29829 | Meta-I:49966 | Meta-I:18098	Meta-I:33695 | Meta-I:40733 | Meta-I:35208 | Meta-I:12609 | Meta-I:12273 | Meta-I:1752 | Meta-I:40688 | Meta-I:40690 | Meta-I:39678 | Meta-I:42676 | Meta-I:40685 | Meta-I:40686 | Meta-I:757 | Meta-I:40771 | Meta-I:5852 | Meta-I:39867 | Meta-I:40729				14	
Z3693.1_Meta-I:16948	RXN-I:15545 | RXN-I:1046 | RXN-I:4458 | RXN-I:34324 | RXN-I:12993 | RXN-I:32289 | RXN-I:27474 | RXN-I:25037 | RXN-I:28973 | RXN-I:194 | RXN-I:34338 | RXN-I:34927 | RXN-I:14530 | RXN-I:28370	Meta-I:12609	Meta-I:16948	Meta-I:42694 | Meta-I:18308 | Meta-I:4582 | Meta-I:31245 | Meta-I:12870 | Meta-I:15086 | Meta-I:17989 | Meta-I:23816 | Meta-I:29895 | Meta-I:29831 | Meta-I:29829 | Meta-I:49966 | Meta-I:18098	Meta-I:33695 | Meta-I:40733 | Meta-I:35208 | Meta-I:12609 | Meta-I:12273 | Meta-I:1752 | Meta-I:40688 | Meta-I:40690 | Meta-I:42676 | Meta-I:8501 | Meta-I:39678 | Meta-I:40685 | Meta-I:40686 | Meta-I:757 | Meta-I:40771 | Meta-I:5852 | Meta-I:39867 | Meta-I:40729				14	
Z3693.3_Meta-I:16948	RXN-I:15545 | RXN-I:1046 | RXN-I:18026 | RXN-I:34324 | RXN-I:12993 | RXN-I:32289 | RXN-I:27474 | RXN-I:25037 | RXN-I:28973 | RXN-I:194 | RXN-I:34338 | RXN-I:34927 | RXN-I:14530 | RXN-I:28370	Meta-I:12609	Meta-I:16948	Meta-I:42694 | Meta-I:18308 | Meta-I:4582 | Meta-I:31245 | Meta-I:12870 | Meta-I:15086 | Meta-I:17989 | Meta-I:23816 | Meta-I:29895 | Meta-I:29831 | Meta-I:29829 | Meta-I:49966 | Meta-I:18098	Meta-I:33695 | Meta-I:40733 | Meta-I:35208 | Meta-I:12609 | Meta-I:12273 | Meta-I:1752 | Meta-I:40688 | Meta-I:40690 | Meta-I:40685 | Meta-I:40686 | Meta-I:39678 | Meta-I:42676 | Meta-I:757 | Meta-I:40771 | Meta-I:5852 | Meta-I:39867 | Meta-I:40729				14	
Z8183.1_Meta-I:16948	RXN-I:15545 | RXN-I:1046 | RXN-I:26767 | RXN-I:10859 | RXN-I:33779 | RXN-I:34324 | RXN-I:12993 | RXN-I:32289 | RXN-I:27474 | RXN-I:25037 | RXN-I:28973 | RXN-I:194 | RXN-I:34338 | RXN-I:34927 | RXN-I:14530 | RXN-I:13106	Meta-I:12609	Meta-I:16948	Meta-I:42694 | Meta-I:18308 | Meta-I:5798 | Meta-I:31559 | Meta-I:4582 | Meta-I:31245 | Meta-I:12870 | Meta-I:15086 | Meta-I:17989 | Meta-I:23816 | Meta-I:29895 | Meta-I:29831 | Meta-I:29829 | Meta-I:49966 | Meta-I:18098	Meta-I:33695 | Meta-I:40733 | Meta-I:35208 | Meta-I:12609 | Meta-I:12273 | Meta-I:1752 | Meta-I:40688 | Meta-I:40690 | Meta-I:757 | Meta-I:40771 | Meta-I:39678 | Meta-I:42676 | Meta-I:40685 | Meta-I:40686 | Meta-I:5852 | Meta-I:39867 | Meta-I:40729				16	
Z4488.1_Meta-I:16948	RXN-I:15545 | RXN-I:1046 | RXN-I:26767 | RXN-I:10859 | RXN-I:33779 | RXN-I:34324 | RXN-I:12993 | RXN-I:32289 | RXN-I:32678 | RXN-I:28973 | RXN-I:194 | RXN-I:34338 | RXN-I:34927 | RXN-I:14530 | RXN-I:28370	Meta-I:12609	Meta-I:16948	Meta-I:42694 | Meta-I:18308 | Meta-I:5798 | Meta-I:31559 | Meta-I:4582 | Meta-I:31245 | Meta-I:12870 | Meta-I:15086 | Meta-I:23816 | Meta-I:29895 | Meta-I:29831 | Meta-I:29829 | Meta-I:49966 | Meta-I:18098	Meta-I:33695 | Meta-I:40733 | Meta-I:35208 | Meta-I:12609 | Meta-I:12273 | Meta-I:1752 | Meta-I:40688 | Meta-I:40690 | Meta-I:757 | Meta-I:40771 | Meta-I:39678 | Meta-I:42676 | Meta-I:40685 | Meta-I:40686 | Meta-I:5852 | Meta-I:39867 | Meta-I:40729				15	
