M_PR_UID	M_PR_NAME	M_PR_SYNONYMS	M_PR_FORMULA	M_PR_CHARGE	M_PR_INCHI	M_PR_SMILE	M_PR_SMILE-CAN-OB	M_PR_BIO	M_PR_COFACTOR	M_RF_PUBMED	M_XR_KEGG	M_XR_METACYC	M_XR_CHEBI	M_XR_BIGG	M_XR_METANETX	M_MT_ENERGY	M_MT_ERROR
Meta-I:33045				0			OC1C=CC(=CC1OC(=C)C(=O)[O-])C(=O)[O-]				C00251	CHORISMATE		chor	MNXM337		
Meta-I:52041				0			[NH4+] | *N | *[N+](*)(*)*				C00014 | D02916 | C00706 | D02915 | C01342	SUBSTITUTED-AMINE | All-Amines | AMMONIUM | AMMONIA		nh3 | nh4	MNXM12468 | MNXM723598 | MNXM42009 | MNXM15		
Meta-I:42676				0			[OH3+] | [OH-] | *O | [O-2].[Cu+].[Cu+] | O				C00001 | D06322 | D03703 | C18714 | D00001 | C01328	OH | OXONIUM | HYDROXYL-GROUP | WATER		h2o | oh1	MNXM124831 | MNXM154962 | MNXM126605 | MNXM2 | MNXM145357		
Meta-I:48052				0			[NH3+]C1C=CC(=CC1OC(=C)C(=O)[O-])C(=O)[O-]				C11355	4-AMINO-4-DEOXYCHORISMATE		4adcho	MNXM1458		
Meta-I:42282				0			[O-]C(=O)c1ccc(cc1)N				D02456 | C00568	P-AMINO-BENZOATE		4abz	MNXM421		
Meta-I:40736				0			CC(=O)C(=O)[O-]				C00022	PYRUVATE		pyr	MNXM23		
Meta-I:1752				0							C00080	PROTON		h	MNXM1		
Meta-I:42953				0			[O-]C(=O)CCC(C(=O)[O-])[NH3+]				C00025 | D00007 | C00302 | D04341	GLT | Glutamates		glu__L	MNXM89557		
Meta-I:41596				0			NC(=O)CCC(C(=O)[O-])[NH3+]				C00064 | D00015 | C00303	GLN		gln__L	MNXM37		
