R_PR_UID	R_PR_STOICH	R_PR_EC	R_PR_GIBBS	R_RF_PUBMED	R_XR_METACYC	R_XR_SEED	R_XR_KEGG	R_XR_BIGG	R_XR_METANETX	R_MT_ERROR	enumeration.map.ftof.reactions	enumeration.map.ftoz.reactions
RXN-I:25108	 + 1.0 * Meta-I:33045 + 1.0 * Meta-I:52041 <=> 1.0 * Meta-I:42676 + 1.0 * Meta-I:48052					rxn03840	R05552	PABB	MNXR102311		RXN-I:25108,RXN-I:29630	RZ_10
RXN-I:12262	 + 1.0 * Meta-I:48052 ==> 1.0 * Meta-I:42282 + 1.0 * Meta-I:40736				ADCLY-RXN	rxn19071 | rxn03841	R05553	ADCL	MNXR95436		RXN-I:12262	RXN-I:12262
RXN-I:15108	 + 1.0 * Meta-I:33045 + 1.0 * Meta-I:41596 <=> 1.0 * Meta-I:42282 + 1.0 * Meta-I:40736 + 1.0 * Meta-I:1752 + 1.0 * Meta-I:42953					rxn11258			MNXR136577		RXN-I:3638,RXN-I:15108,RXN-I:22333,RXN-I:23531	RZ_66
RXN-I:29630	 + 1.0 * Meta-I:33045 + 1.0 * Meta-I:41596 <=> 1.0 * Meta-I:42953 + 1.0 * Meta-I:48052				PABASYN-RXN	rxn01257 | rxn20499 | rxn20498 | rxn33973	R01716	ADCS	MNXR95440		RXN-I:25108,RXN-I:29630	RZ_10
