M_PR_UID	M_PR_SMILE-CAN-OB
CMPD_0000000003	O=c1cc(O)c2c(o1)cccc2
CMPD_0000000005	OC1C(OP(=O)(O)O)C(OC1n1cnc2c1ncnc2N)COP(=O)(OP(=O)(OCC(C(C(=NCCC(=NCCSC(=O)c1ccccc1O)O)O)O)(C)C)O)O
CMPD_0000000011	OC1C(COP(=O)(OP(=O)(OCC(C(C(=NCCC(=NCCSC(=O)c2ccccc2O)O)O)O)(C)C)O)O)OC(C1O)n1cnc2c1ncnc2N
CMPD_0000000019	OC(=O)c1ccccc1O
MNXM12	SCCN=C(CCN=C(C(C(COP(=O)(OP(=O)(OCC1OC(C(C1OP(=O)(O)O)O)n1cnc2c1ncnc2N)O)O)(C)C)O)O)O
MNXM3	OC1C(COP(=O)(OP(=O)(OP(=O)(O)O)O)O)OC(C1O)n1cnc2c1ncnc2N
MNXM337	OC1C=CC(=CC1OC(=C)C(=O)O)C(=O)O
MNXM40	OC(=O)CC(=O)SCCN=C(CCN=C(C(C(COP(=O)(OP(=O)(OCC1OC(C(C1OP(=O)(O)O)O)n1cnc2c1ncnc2N)O)O)(C)C)O)O)O
MNXM481	SCCN=C(CCN=C(C(C(COP(=O)(OP(=O)(OCC1OC(C(C1O)O)n1cnc2c1ncnc2N)O)O)(C)C)O)O)O
MNXM56	C=O
MNXM9	OP(=O)(O)O
TARGET_0000000001	O=c1oc2ccccc2c(c1Cc1c(=O)oc2c(c1O)cccc2)O
