M_PR_UID	M_PR_NAME	M_PR_SYNONYMS	M_PR_FORMULA	M_PR_CHARGE	M_PR_INCHI	M_PR_SMILE	M_PR_SMILE-CAN-OB	M_PR_BIO	M_PR_COFACTOR	M_RF_PUBMED	M_XR_KEGG	M_XR_METACYC	M_XR_CHEBI	M_XR_BIGG	M_XR_METANETX	M_MT_ENERGY	M_MT_ERROR
Meta-I:36864				0			[O-]C(=O)C=Cc1ccc(cc1)O				C06738 | C00811	COUMARATE | CIS-P-COUMARATE		T4hcinnm	MNXM5088 | MNXM505		
Meta-I:39678				0			O=O				D00003 | C00007	OXYGEN-MOLECULE		o2	MNXM4		
Meta-I:40688				0			OC1C(O)C(OC1[n+]1cccc(c1)C(=O)N)COP(=O)(OP(=O)(OCC1OC(C(C1O)OP(=O)([O-])[O-])n1cnc2c1ncnc2N)[O-])[O-]				C00006	NADP		nadp	MNXM5		
Meta-I:4261				0			[O-]C(=O)C=Cc1ccc(c(c1)O)O				C01481 | C01197	CPD-676 | CPD-8098		34dhcinm	MNXM890 | MNXM5677		
Meta-I:40690				0			OC1C(O)C(OC1N1C=CCC(=C1)C(=O)N)COP(=O)(OP(=O)(OCC1OC(C(C1O)OP(=O)([O-])[O-])n1cnc2c1ncnc2N)[O-])[O-]				C00005	NADPH		nadph	MNXM6		
Meta-I:1752				0							C00080	PROTON		h	MNXM1		
Meta-I:42676				0			[OH3+] | [OH-] | *O | [O-2].[Cu+].[Cu+] | O				C00001 | D06322 | D03703 | C18714 | D00001 | C01328	OH | OXONIUM | HYDROXYL-GROUP | WATER		h2o | oh1	MNXM124831 | MNXM154962 | MNXM126605 | MNXM2 | MNXM145357		
Meta-I:31494				0			O=c1[nH]c(=O)c2c([nH]1)n(CC(C(C(COP(=O)(OP(=O)(OCC1OC(C(C1O)O)n1cnc3c1ncnc3N)[O-])[O-])O)O)O)c1c([nH]2)cc(c(c1)C)C				C01352	FADH2		fadh2	MNXM38		
Meta-I:40769				0			O=C1[N-]C(=O)C2C(N1)[NH+](CC(C(C(COP(=O)(OP(=O)(OCC1OC(C(C1O)O)n1cnc3c1ncnc3N)[O-])[O-])O)O)O)C1C([NH2+]2)CC(C(C1)C)C | O=c1[n-]c(=O)c2c(n1)n(CC(C(C(COP(=O)(OP(=O)(OCC1OC(C(C1O)O)n1cnc3c1ncnc3N)[O-])[O-])O)O)O)c1c(n2)cc(c(c1)C)C | O=c1[nH]c(=O)c2c(n1)n(CC(C(C(COP(=O)(OP(=O)(OCC1OC(C(C1O)O)n1cnc3c1ncnc3N)[O-])[O-])O)O)O)c1c(n2)cc(c(c1)C)C				D00005 | C00016	FAD		fad	MNXM33		
