P_PR_UID	P_PR_REACTIONS	P_PR_ORIGIN	P_PR_TARGET	P_PR_INTERMEDIATES	P_PR_BOUNDARY	P_RF_PUBMED	P_MT_SCORE	P_MT_MAXYIELD	P_MT_LENGTH	P_MT_FEASIBILITY
Z1.2_Meta-I:4261	RXN-I:24547	Meta-I:36864	Meta-I:4261		Meta-I:36864 | Meta-I:39678 | Meta-I:40688 | Meta-I:40690				1	
Z2.1_Meta-I:4261	RXN-I:17535	Meta-I:36864	Meta-I:4261		Meta-I:36864 | Meta-I:39678				1	
Z1.1_Meta-I:4261	RXN-I:27686	Meta-I:36864	Meta-I:4261		Meta-I:36864				1	
Z1.4_Meta-I:4261	RXN-I:14867	Meta-I:36864	Meta-I:4261		Meta-I:36864 | Meta-I:39678 | Meta-I:1752 | Meta-I:42676				1	
Z1.3_Meta-I:4261	RXN-I:19122	Meta-I:36864	Meta-I:4261		Meta-I:36864 | Meta-I:39678 | Meta-I:1752 | Meta-I:40688 | Meta-I:42676 | Meta-I:40690				1	
Z1.5_Meta-I:4261	RXN-I:871	Meta-I:36864	Meta-I:4261		Meta-I:31494 | Meta-I:36864 | Meta-I:40769 | Meta-I:39678 | Meta-I:1752 | Meta-I:42676				1	
