R_PR_UID	R_PR_STOICH	R_PR_EC	R_PR_GIBBS	R_RF_PUBMED	R_XR_METACYC	R_XR_SEED	R_XR_KEGG	R_XR_BIGG	R_XR_METANETX	R_MT_ERROR	enumeration.map.ftof.reactions	enumeration.map.ftoz.reactions
RXN-I:24547	 + 1.0 * Meta-I:36864 + 1.0 * Meta-I:39678 + 1.0 * Meta-I:40690 ==> 1.0 * Meta-I:40688 + 1.0 * Meta-I:4261					rxn30774					RXN-I:27686,RXN-I:21148,RXN-I:24547,RXN-I:19122,RXN-I:14867,RXN-I:32345,RXN-I:18063,RXN-I:4388,RXN-I:16560,RXN-I:8411,RXN-I:871	RZ_85
RXN-I:17535	 + 2.0 * Meta-I:36864 + 1.0 * Meta-I:39678 <=> 2.0 * Meta-I:4261							T4HCINNOX	MNXR104663		RXN-I:17535,RXN-I:33925,RXN-I:41964	RZ_75
RXN-I:27686	 + 1.0 * Meta-I:36864 ==> 1.0 * Meta-I:4261					rxn07617	R07826		MNXR111411		RXN-I:27686,RXN-I:21148,RXN-I:24547,RXN-I:19122,RXN-I:14867,RXN-I:32345,RXN-I:18063,RXN-I:4388,RXN-I:16560,RXN-I:8411,RXN-I:871	RZ_85
RXN-I:14867	 + 1.0 * Meta-I:36864 + 1.0 * Meta-I:39678 + 2.0 * Meta-I:1752 ==> 1.0 * Meta-I:42676 + 1.0 * Meta-I:4261					rxn02116			MNXR134337		RXN-I:27686,RXN-I:21148,RXN-I:24547,RXN-I:19122,RXN-I:14867,RXN-I:32345,RXN-I:18063,RXN-I:4388,RXN-I:16560,RXN-I:8411,RXN-I:871	RZ_85
RXN-I:19122	 + 1.0 * Meta-I:36864 + 1.0 * Meta-I:39678 + 1.0 * Meta-I:1752 + 1.0 * Meta-I:40690 ==> 1.0 * Meta-I:40688 + 1.0 * Meta-I:4261 + 1.0 * Meta-I:42676				RXN-1103	rxn21325 | rxn21324 | rxn33076			MNXR116661		RXN-I:27686,RXN-I:21148,RXN-I:24547,RXN-I:19122,RXN-I:14867,RXN-I:32345,RXN-I:18063,RXN-I:4388,RXN-I:16560,RXN-I:8411,RXN-I:871	RZ_85
RXN-I:871	 + 1.0 * Meta-I:31494 + 1.0 * Meta-I:36864 + 1.0 * Meta-I:39678 ==> 1.0 * Meta-I:40769 + 1.0 * Meta-I:1752 + 1.0 * Meta-I:4261 + 1.0 * Meta-I:42676				RXN-14988				MNXR119054		RXN-I:27686,RXN-I:21148,RXN-I:24547,RXN-I:19122,RXN-I:14867,RXN-I:32345,RXN-I:18063,RXN-I:4388,RXN-I:16560,RXN-I:8411,RXN-I:871	RZ_85
