M_PR_UID	M_PR_NAME	M_PR_FORMULA	M_PR_CHARGE	M_PR_INCHI	M_PR_SMILE-CAN-OB	M_PR_COFACTOR	M_XR_KEGG	M_XR_CHEBI
7	H2O	H2O	0	XLYOFNOQVPJJNP-UHFFFAOYSA-N	O	1	C00001	15377,16234,18219,6637,31341,31794,32035,32145,31344,33130,32108,49900,29191,81045,81882
53	3,4-Dihydroxybenzoate	C7H6O4	0	YQUVCSBJEUQKSH-UHFFFAOYSA-N	OC(=O)c1ccc(c(c1)O)O	0	C00230	36062,36062 36241
54	(5R)-3,4,5-trihydroxy-1-cyclohexa-1,3-dienecarboxylic acid|(5R)-3,4,5-trihydroxycyclohexa-1,3-diene-1-carboxylic acid	C7H8O5	0	HFMGXSXAGHUXTI-UHFFFAOYSA-N	OC(=O)C1=CC(=C(C(C1)O)O)O	0		36062,36062 36241
55	3-Dehydroshikimate	C7H8O5	0	SLWWJZMPHJJOPH-UHFFFAOYSA-N	OC1CC(=CC(=O)C1O)C(=O)O	0	C02637	16630,16630 30918
117	4-hydroxy-3-oxo-1-cyclohexa-1,5-dienecarboxylic acid|4-hydroxy-3-oxo-cyclohexa-1,5-diene-1-carboxylic acid	C7H6O4	0	KEQHSENILHESNV-UHFFFAOYSA-N	O=C1C=C(C=CC1O)C(=O)O	0		16630,16630 30918
