M_PR_UID	M_PR_NAME	M_PR_SYNONYMS	M_PR_FORMULA	M_PR_CHARGE	M_PR_INCHI	M_PR_SMILE	M_PR_SMILE-CAN-OB	M_PR_BIO	M_PR_COFACTOR	M_RF_PUBMED	M_XR_KEGG	M_XR_METACYC	M_XR_CHEBI	M_XR_BIGG	M_XR_METANETX	M_MT_ENERGY	M_MT_ERROR
Meta-I:50538				0			[NH3+]CCc1c[nH]c2c1cccc2				C00398	TRYPTAMINE		trypta	MNXM806		
Meta-I:5852				0			O=C=O				C00011 | D00004	CARBON-DIOXIDE		co2	MNXM13		
Meta-I:1752				0							C00080	PROTON		h	MNXM1		
Meta-I:39325				0			[O-]C(=O)C(Cc1c[nH]c2c1cccc2)[NH3+]				C00806 | C00078 | D00020	TRP		trp__L	MNXM94		
Meta-I:50338				0			O=CCC1C(=C(OC)[O-])C=[O]C(C1C=C)OC1OC(CO)C(C(C1O)O)O				C01852	SECOLOGANIN-CPD			MNXM823		
Meta-I:34685				0			COC(=C1C=[O]C(C(C1CC1[NH2+]CCc2c1[nH]c1c2cccc1)C=C)OC1OC(CO)C(C(C1O)O)O)[O-]				C03470	STRICTOSIDINE			MNXM1360		
Meta-I:42676				0			[OH3+] | [OH-] | *O | [O-2].[Cu+].[Cu+] | O				C00001 | D06322 | D03703 | C18714 | D00001 | C01328	OH | OXONIUM | HYDROXYL-GROUP | WATER		h2o | oh1	MNXM124831 | MNXM154962 | MNXM126605 | MNXM2 | MNXM145357		
Meta-I:177				0			O=CCC1CC2[NH+](CC1C=C)CCc1c2[nH]c2c1cccc2				C16735	CPD-9851			MNXM3241		
Meta-I:50084				0			C=CC1C[NH+]2CCC1CC2C(=O)c1ccnc2c1cc(OC)cc2				C16728	CPD-9848			MNXM4095		
Meta-I:1114				0			C=CC1C[NH+]2CCC1CC2C(c1ccnc2c1cc(OC)cc2)O				C06527 | D08458	CPD-9846			MNXM21436		
Meta-I:40688				0			OC1C(O)C(OC1[n+]1cccc(c1)C(=O)N)COP(=O)(OP(=O)(OCC1OC(C(C1O)OP(=O)([O-])[O-])n1cnc2c1ncnc2N)[O-])[O-]				C00006	NADP		nadp	MNXM5		
Meta-I:40690				0			OC1C(O)C(OC1N1C=CCC(=C1)C(=O)N)COP(=O)(OP(=O)(OCC1OC(C(C1O)OP(=O)([O-])[O-])n1cnc2c1ncnc2N)[O-])[O-]				C00005	NADPH		nadph	MNXM6		
Meta-I:747				0			C=CC1C[NH+]2CCC1CC2C(c1ccnc2c1cc(OC)cc2)O				D08460 | C06526	QUININE			MNXM2862		
