P_PR_UID	P_PR_REACTIONS	P_PR_ORIGIN	P_PR_TARGET	P_PR_INTERMEDIATES	P_PR_BOUNDARY	P_RF_PUBMED	P_MT_SCORE	P_MT_MAXYIELD	P_MT_LENGTH	P_MT_FEASIBILITY
Z5.2_Meta-I:1114	RXN-I:6332 | RXN-I:18706 | RXN-I:11344 | RXN-I:22819 | RXN-I:25486	Meta-I:39325	Meta-I:1114	Meta-I:50538 | Meta-I:34685 | Meta-I:177 | Meta-I:50084	Meta-I:5852 | Meta-I:1752 | Meta-I:39325 | Meta-I:50338 | Meta-I:42676 | Meta-I:40688 | Meta-I:40690				5	
Z5.1_Meta-I:1114	RXN-I:6332 | RXN-I:24372 | RXN-I:11344 | RXN-I:22819 | RXN-I:25486	Meta-I:39325	Meta-I:1114	Meta-I:50538 | Meta-I:34685 | Meta-I:177 | Meta-I:50084	Meta-I:5852 | Meta-I:1752 | Meta-I:39325 | Meta-I:50338 | Meta-I:40688 | Meta-I:40690				5	
Z5.4_Meta-I:1114	RXN-I:6332 | RXN-I:18706 | RXN-I:11344 | RXN-I:22819 | RXN-I:13944	Meta-I:39325	Meta-I:1114	Meta-I:50538 | Meta-I:34685 | Meta-I:177 | Meta-I:50084	Meta-I:5852 | Meta-I:1752 | Meta-I:39325 | Meta-I:50338 | Meta-I:42676 | Meta-I:747 | Meta-I:40688 | Meta-I:40690				5	
Z5.3_Meta-I:1114	RXN-I:6332 | RXN-I:24372 | RXN-I:11344 | RXN-I:22819 | RXN-I:13944	Meta-I:39325	Meta-I:1114	Meta-I:50538 | Meta-I:34685 | Meta-I:177 | Meta-I:50084	Meta-I:5852 | Meta-I:1752 | Meta-I:39325 | Meta-I:50338 | Meta-I:747 | Meta-I:40688 | Meta-I:40690				5	
