R_PR_UID	R_PR_STOICH	R_PR_EC	R_PR_GIBBS	R_RF_PUBMED	R_XR_METACYC	R_XR_SEED	R_XR_KEGG	R_XR_BIGG	R_XR_METANETX	R_MT_ERROR	enumeration.map.ftof.reactions	enumeration.map.ftoz.reactions
RXN-I:6332	 + 1.0 * Meta-I:1752 + 1.0 * Meta-I:39325 ==> 1.0 * Meta-I:50538 + 1.0 * Meta-I:5852				AROMATIC-L-AMINO-ACID-DECARBOXYLASE-RXN	rxn32690 | rxn00484	R00685	LTDCL	MNXR101250		RXN-I:6332	RXN-I:6332
RXN-I:18706	 + 1.0 * Meta-I:50338 + 1.0 * Meta-I:50538 <=> 1.0 * Meta-I:34685 + 1.0 * Meta-I:42676				STRICTOSIDINE-SYNTHASE-RXN	rxn02655	R03738		MNXR108386		RXN-I:24372,RXN-I:18706	RZ_32
RXN-I:11344	 + 1.0 * Meta-I:177 <=> 1.0 * Meta-I:34685					rxn12139	R08496		MNXR112040		RXN-I:11344	RXN-I:11344
RXN-I:22819	 + 1.0 * Meta-I:177 <=> 1.0 * Meta-I:50084				RXN-9219	rxn12140	R08497		MNXR112041		RXN-I:22819	RXN-I:22819
RXN-I:25486	 + 1.0 * Meta-I:1114 + 1.0 * Meta-I:40688 <=> 1.0 * Meta-I:1752 + 1.0 * Meta-I:50084 + 1.0 * Meta-I:40690					rxn14213	R08494		MNXR112038		RXN-I:25486,RXN-I:13944,RXN-I:31838	RZ_110
RXN-I:24372	 + 1.0 * Meta-I:34685 <=> 1.0 * Meta-I:50338 + 1.0 * Meta-I:50538					rxn31079					RXN-I:24372,RXN-I:18706	RZ_32
RXN-I:13944	 + 1.0 * Meta-I:747 + 1.0 * Meta-I:1114 + 2.0 * Meta-I:40688 <=> 4.0 * Meta-I:1752 + 2.0 * Meta-I:50084 + 2.0 * Meta-I:40690				RXN-9212				MNXR122710		RXN-I:25486,RXN-I:13944,RXN-I:31838	RZ_110
