M_PR_UID	M_PR_NAME	M_PR_FORMULA	M_PR_CHARGE	M_PR_INCHI	M_PR_SMILE-CAN-OB	M_PR_COFACTOR	M_XR_KEGG	M_XR_CHEBI
2	NADH	C21H29N7O14P2	0	BOPGDPNILDQYTO-UHFFFAOYSA-N	OC1C(O)C(OC1N1C=CCC(=C1)C(=O)N)COP(=O)(OP(=O)(OCC1OC(C(C1O)O)n1cnc2c1ncnc2N)O)O	1	C00004	16908
3	H+	H	1	-UHFFFAOYSA-N		1	C00080	15378
4	NADP+	C21H29N7O17P3	1	XJLXINKUBYWONI-UHFFFAOYSA-N	OC1C(O)C(OC1[n+]1cccc(c1)C(=O)N)COP(=O)(OP(=O)(OCC1OC(C(C1O)OP(=O)(O)O)n1cnc2c1ncnc2N)O)O	1	C00006	18009
7	CoA	C21H36N7O16P3S	0	COA_COMPOUND	SCCNC(=O)CCNC(=O)C(C(COP(=O)(OP(=O)(OCC1OC(C(C1OP(=O)(O)O)O)n1cnc2c1ncnc2N)O)O)(C)C)O	1	C00010	15346
26	Acyl-CoA	C22H35N7O17P3RS	0	COA_COMPOUND		1	C00040	17984,31330
34	Diphosphate	H4O7P2	0	XPPKVPWEQAFLFU-UHFFFAOYSA-N	OP(=O)(OP(=O)(O)O)O	1	C00013	18361
36	ATP	C10H16N5O13P3	0	ZKHQWZAMYRWXGA-UHFFFAOYSA-N	OC1C(COP(=O)(OP(=O)(OP(=O)(O)O)O)O)OC(C1O)n1cnc2c1ncnc2N	1	C00002	15422
38	AMP	C10H14N5O7P	0	UDMBCSSLTHHNCD-UHFFFAOYSA-N	OC1C(O)C(OC1n1cnc2c1ncnc2N)COP(=O)(O)O	1	C00020	16027,81690
45	CO2	CO2	0	CURLTUGMZLYLDI-UHFFFAOYSA-N	O=C=O	1	C00011	16526
46	H2O	H2O	0	XLYOFNOQVPJJNP-UHFFFAOYSA-N	O	1	C00001	15377,16234,18219,6637,31341,31794,32035,32145,31344,33130,32108,49900,29191,81045,81882
49	Acetyl-CoA	C23H38N7O17P3S	0	COA_COMPOUND	O=C(NCCSC(=O)C)CCNC(=O)C(C(COP(=O)(OP(=O)(OCC1OC(C(C1OP(=O)(O)O)O)n1cnc2c1ncnc2N)O)O)(C)C)O	1	C00024	15351
53	Naringenin	C15H12O5	0	FTVWIRXFELQLPI-UHFFFAOYSA-N	Oc1ccc(cc1)C1CC(=O)c2c(O1)cc(cc2O)O	0	C00509	17846
60	Malonyl-CoA	C24H38N7O19P3S	0	COA_COMPOUND	O=C(NCCSC(=O)CC(=O)O)CCNC(=O)C(C(COP(=O)(OP(=O)(OCC1OC(C(C1OP(=O)(O)O)O)n1cnc2c1ncnc2N)O)O)(C)C)O	0	C00083	15531,37555
87	Acetate	C2H4O2	0	QTBSBXVTEAMEQO-UHFFFAOYSA-N	CC(=O)O	0	C00033	15366,32029,15366 30089
178	3-hydroxy-3-(4-hydroxyphenyl)-1-(2,4,6-trihydroxyphenyl)-1-propanone|3-hydroxy-3-(4-hydroxyphenyl)-1-(2,4,6-trihydroxyphenyl)propan-1-one	C15H14O6	0	XDCJQFHZQCBRQL-UHFFFAOYSA-N	Oc1ccc(cc1)C(CC(=O)c1c(O)cc(cc1O)O)O	0		15366,32029,15366 30089
190	Naringenin chalcone	C15H12O5	0	YQHMWTPYORBCMF-UHFFFAOYSA-N	Oc1ccc(cc1)C=CC(=O)c1c(O)cc(cc1O)O	0	C06561	15413
332	Carboxylate	CO2R	-1	-UHFFFAOYSA-N		0	C00060	35757,35366,28868
1324	3-hydroxy-3-(4-hydroxyphenyl)propanoic acid	C9H9O4	-1	AKWHTKRUNUYXDS-UHFFFAOYSA-N	OC(=O)CC(c1ccc(cc1)O)O	0		35757,35366,28868
1325	Phloroglucinol	C6H6O3	0	QCDYQQDYXPDABM-UHFFFAOYSA-N	Oc1cc(O)cc(c1)O	0	C02183	16204
1426	p-Coumaroyl-CoA	C30H39N7O18P3S	-3	COA_COMPOUND	O=C(NCCSC(=O)C=Cc1ccc(cc1)O)CCNC(=O)C(C(COP(=O)(OP(=O)(OCC1OC(C(C1OP(=O)(O)O)O)n1cnc2c1ncnc2N)O)O)(C)C)O	0	C00223	15499
6991	4-Coumarate	C9H7O3	-1	NGSWKAQJJWESNS-UHFFFAOYSA-N	OC(=O)C=Cc1ccc(cc1)O	0	C00811	32374,17450
