M_PR_UID	M_PR_NAME	M_PR_SYNONYMS	M_PR_FORMULA	M_PR_CHARGE	M_PR_INCHI	M_PR_SMILE	M_PR_SMILE-CAN-OB	M_PR_BIO	M_PR_COFACTOR	M_RF_PUBMED	M_XR_KEGG	M_XR_METACYC	M_XR_CHEBI	M_XR_BIGG	M_XR_METANETX	M_MT_ENERGY	M_MT_ERROR
Meta-I:36864				0			[O-]C(=O)C=Cc1ccc(cc1)O				C06738 | C00811	COUMARATE | CIS-P-COUMARATE		T4hcinnm	MNXM5088 | MNXM505		
Meta-I:33695				0			OC1C(COP(=O)(OP(=O)(OP(=O)([O-])[O-])[O-])[O-])OC(C1O)n1cnc2c1ncnc2N				C00002 | D08646	ATP		atp	MNXM3		
Meta-I:40733				0			OC1C(O)C(OC1n1cnc2c1ncnc2N)COP(=O)([O-])[O-]				C00020 | D02769	AMP | AMP-GROUP		amp	MNXM14 | MNXM723601		
Meta-I:35208				0			[O-]P(=O)(OP(=O)([O-])[O-])[O-] | *OP(=O)(OP(=O)([O-])[O-])[O-]				C00013	PPI | PYROPHOSPHATE-GROUP		ppi	MNXM104620 | MNXM11		
Meta-I:16489				0			O=C(NCCSC(=O)C=Cc1ccc(cc1)O)CCNC(=O)C(C(COP(=O)(OP(=O)(OCC1OC(C(C1OP(=O)([O-])[O-])O)n1cnc2c1ncnc2N)[O-])[O-])(C)C)O				C00223	P-COUMAROYL-COA		coucoa	MNXM264		
Meta-I:12273				0			SCCNC(=O)CCNC(=O)C(C(COP(=O)(OP(=O)(OCC1OC(C(C1OP(=O)([O-])[O-])O)n1cnc2c1ncnc2N)[O-])[O-])(C)C)O				C00010	CO-A | COA-GROUP		coa	MNXM12		
Meta-I:5852				0			O=C=O				C00011 | D00004	CARBON-DIOXIDE		co2	MNXM13		
Meta-I:1752				0							C00080	PROTON		h	MNXM1		
Meta-I:38086				0			O=C(NCCSC(=O)*C(=O)[O-])CCNC(=O)C(C(COP(=O)(OP(=O)(OCC1OC(C(C1OP(=O)([O-])[O-])O)n1cnc2c1ncnc2N)[O-])[O-])(C)C)O | O=C(NCCSC(=O)CC(=O)[O-])CCNC(=O)C(C(COP(=O)(OP(=O)(OCC1OC(C(C1OP(=O)([O-])[O-])O)n1cnc2c1ncnc2N)[O-])[O-])(C)C)O				C00083 | C03188	Omega-carboxyacyl-CoAs | MALONYL-COA		malcoa	MNXM65539 | MNXM40		
Meta-I:10428				0			Oc1ccc(cc1)C=CC(=O)c1c(O)cc(cc1O)O | Oc1cc([O-])c(c(c1)O)C(=O)*				C06561	CPD-20012			MNXM1208		
Meta-I:34930				0			Oc1ccc(cc1)C1CC(=O)c2c(O1)cc(cc2O)O				C00509	NARINGENIN-CMPD			MNXM114084 | MNXM556		
