P_PR_UID	P_PR_REACTIONS	P_PR_ORIGIN	P_PR_TARGET	P_PR_INTERMEDIATES	P_PR_BOUNDARY	P_RF_PUBMED	P_MT_SCORE	P_MT_MAXYIELD	P_MT_LENGTH	P_MT_FEASIBILITY
Z287.1_Meta-I:46329	RXN-I:3335	Meta-I:34930	Meta-I:46329		Meta-I:39678 | Meta-I:5852 | Meta-I:39867 | Meta-I:34930 | Meta-I:40729				1	
Z281.3_Meta-I:46329	RXN-I:14214 | RXN-I:11606 | RXN-I:15414 | RXN-I:26357	Meta-I:34930	Meta-I:46329	Meta-I:79 | Meta-I:29908 | Meta-I:35809	Meta-I:39678 | Meta-I:34930 | Meta-I:1752 | Meta-I:40688 | Meta-I:42676 | Meta-I:40690 | Meta-I:5852 | Meta-I:39867 | Meta-I:40729				4	
Z281.4_Meta-I:46329	RXN-I:22256 | RXN-I:11606 | RXN-I:15414 | RXN-I:26357	Meta-I:34930	Meta-I:46329	Meta-I:79 | Meta-I:29908 | Meta-I:35809	Meta-I:39678 | Meta-I:34930 | Meta-I:40688 | Meta-I:40690 | Meta-I:5852 | Meta-I:39867 | Meta-I:40729 | Meta-I:1752 | Meta-I:42676				4	
Z281.1_Meta-I:46329	RXN-I:14214 | RXN-I:11606 | RXN-I:15414 | RXN-I:20071	Meta-I:34930	Meta-I:46329	Meta-I:79 | Meta-I:29908 | Meta-I:35809	Meta-I:39678 | Meta-I:34930 | Meta-I:1752 | Meta-I:40688 | Meta-I:42676 | Meta-I:40690 | Meta-I:5852 | Meta-I:39867 | Meta-I:40729				4	
Z281.2_Meta-I:46329	RXN-I:22256 | RXN-I:11606 | RXN-I:15414 | RXN-I:20071	Meta-I:34930	Meta-I:46329	Meta-I:79 | Meta-I:29908 | Meta-I:35809	Meta-I:39678 | Meta-I:34930 | Meta-I:40688 | Meta-I:40690 | Meta-I:5852 | Meta-I:39867 | Meta-I:40729 | Meta-I:1752 | Meta-I:42676				4	
