R_PR_UID	R_PR_STOICH	R_PR_EC	R_PR_GIBBS	R_RF_PUBMED	R_XR_METACYC	R_XR_SEED	R_XR_KEGG	R_XR_BIGG	R_XR_METANETX	R_MT_ERROR	enumeration.map.ftof.reactions	enumeration.map.ftoz.reactions
RXN-I:24431	 + 1.0 * Meta-I:41194 + 1.0 * Meta-I:40771 ==> 1.0 * Meta-I:41181 + 1.0 * Meta-I:757 + 1.0 * Meta-I:1752				2.1.1.128-RXN	rxn32609 | rxn03472	R05123		MNXR109334		RXN-I:24431	RXN-I:24431
RXN-I:26367	 + 1.0 * Meta-I:41181 + 1.0 * Meta-I:40771 ==> 1.0 * Meta-I:757 + 1.0 * Meta-I:1752 + 1.0 * Meta-I:11827				2.1.1.140-RXN	rxn03208 | rxn17413	R04692		MNXR109051		RXN-I:26367	RXN-I:26367
RXN-I:17373	 + 1.0 * Meta-I:39678 + 1.0 * Meta-I:1752 + 1.0 * Meta-I:11827 + 1.0 * Meta-I:40690 ==> 1.0 * Meta-I:40688 + 1.0 * Meta-I:42676 + 1.0 * Meta-I:22132				1.14.13.71-RXN	rxn03997	R05732		MNXR109788		RXN-I:17373	RXN-I:17373
RXN-I:20922	 + 1.0 * Meta-I:40771 + 1.0 * Meta-I:22132 ==> 1.0 * Meta-I:757 + 1.0 * Meta-I:1752 + 1.0 * Meta-I:36573				2.1.1.116-RXN	rxn02711	R03832		MNXR108462		RXN-I:20922	RXN-I:20922
