M_PR_UID	M_PR_NAME	M_PR_SYNONYMS	M_PR_FORMULA	M_PR_CHARGE	M_PR_INCHI	M_PR_SMILE	M_PR_SMILE-CAN-OB	M_PR_BIO	M_PR_COFACTOR	M_RF_PUBMED	M_XR_KEGG	M_XR_METACYC	M_XR_CHEBI	M_XR_BIGG	M_XR_METANETX	M_MT_ENERGY	M_MT_ERROR
Meta-I:39678				0			O=O				D00003 | C00007	OXYGEN-MOLECULE		o2	MNXM4		
Meta-I:4504				0			Oc1ccc(cc1)c1cc(=O)c2c(o1)cc(cc2O)O | Oc1ccc(cc1)c1cc(=O)c2c(o1)cc(cc2O)[O-]				C01477	CPD-431			MNXM879		
Meta-I:34930				0			Oc1ccc(cc1)C1CC(=O)c2c(O1)cc(cc2O)O				C00509	NARINGENIN-CMPD			MNXM114084 | MNXM556		
Meta-I:40688				0			OC1C(O)C(OC1[n+]1cccc(c1)C(=O)N)COP(=O)(OP(=O)(OCC1OC(C(C1O)OP(=O)([O-])[O-])n1cnc2c1ncnc2N)[O-])[O-]				C00006	NADP		nadp	MNXM5		
Meta-I:40690				0			OC1C(O)C(OC1N1C=CCC(=C1)C(=O)N)COP(=O)(OP(=O)(OCC1OC(C(C1O)OP(=O)([O-])[O-])n1cnc2c1ncnc2N)[O-])[O-]				C00005	NADPH		nadph	MNXM6		
Meta-I:5852				0			O=C=O				C00011 | D00004	CARBON-DIOXIDE		co2	MNXM13		
Meta-I:1752				0							C00080	PROTON		h	MNXM1		
Meta-I:39867				0			[O-]C(=O)CCC(=O)[O-]				C00042	SUC		succ	MNXM25		
Meta-I:42676				0			[OH3+] | [OH-] | *O | [O-2].[Cu+].[Cu+] | O				C00001 | D06322 | D03703 | C18714 | D00001 | C01328	OH | OXONIUM | HYDROXYL-GROUP | WATER		h2o | oh1	MNXM124831 | MNXM154962 | MNXM126605 | MNXM2 | MNXM145357		
Meta-I:40729				0			[O-]C(=O)CCC(=O)C(=O)[O-]				C00026	2-KETOGLUTARATE		akg	MNXM20		
