P_PR_UID	P_PR_REACTIONS	P_PR_ORIGIN	P_PR_TARGET	P_PR_INTERMEDIATES	P_PR_BOUNDARY	P_RF_PUBMED	P_MT_SCORE	P_MT_MAXYIELD	P_MT_LENGTH	P_MT_FEASIBILITY
Z279.1_Meta-I:4504	RXN-I:6007	Meta-I:34930	Meta-I:4504		Meta-I:39678 | Meta-I:34930 | Meta-I:40688 | Meta-I:40690				1	
Z280.4_Meta-I:4504	RXN-I:33031	Meta-I:34930	Meta-I:4504		Meta-I:39678 | Meta-I:5852 | Meta-I:1752 | Meta-I:39867 | Meta-I:34930 | Meta-I:42676 | Meta-I:40729				1	
Z280.2_Meta-I:4504	RXN-I:28625	Meta-I:34930	Meta-I:4504		Meta-I:39678 | Meta-I:34930 | Meta-I:1752 | Meta-I:40688 | Meta-I:42676 | Meta-I:40690				1	
Z280.3_Meta-I:4504	RXN-I:13864	Meta-I:34930	Meta-I:4504		Meta-I:39678 | Meta-I:5852 | Meta-I:39867 | Meta-I:34930 | Meta-I:40729				1	
Z280.1_Meta-I:4504	RXN-I:19105	Meta-I:34930	Meta-I:4504		Meta-I:1752 | Meta-I:34930				1	
