R_PR_UID	R_PR_STOICH	R_PR_EC	R_PR_GIBBS	R_RF_PUBMED	R_XR_METACYC	R_XR_SEED	R_XR_KEGG	R_XR_BIGG	R_XR_METANETX	R_MT_ERROR	enumeration.map.ftof.reactions	enumeration.map.ftoz.reactions
RXN-I:6007	 + 1.0 * Meta-I:39678 + 1.0 * Meta-I:34930 + 1.0 * Meta-I:40690 <=> 1.0 * Meta-I:4504 + 1.0 * Meta-I:40688					rxn30911					RXN-I:6007	RXN-I:6007
RXN-I:33031	 + 1.0 * Meta-I:39678 + 1.0 * Meta-I:34930 + 1.0 * Meta-I:40729 ==> 1.0 * Meta-I:4504 + 1.0 * Meta-I:5852 + 1.0 * Meta-I:1752 + 1.0 * Meta-I:39867 + 1.0 * Meta-I:42676				RXN-7686	rxn24378 | rxn01768	R02445		MNXR139109 | MNXR107510		RXN-I:19105,RXN-I:22517,RXN-I:28625,RXN-I:13864,RXN-I:1481,RXN-I:33388,RXN-I:25318,RXN-I:23411,RXN-I:33939,RXN-I:33031,RXN-I:31591,RXN-I:9741	RZ_5
RXN-I:28625	 + 1.0 * Meta-I:39678 + 1.0 * Meta-I:34930 + 1.0 * Meta-I:1752 + 1.0 * Meta-I:40690 ==> 1.0 * Meta-I:4504 + 1.0 * Meta-I:40688 + 2.0 * Meta-I:42676				RXN-7650	rxn24347			MNXR121988		RXN-I:19105,RXN-I:22517,RXN-I:28625,RXN-I:13864,RXN-I:1481,RXN-I:33388,RXN-I:25318,RXN-I:23411,RXN-I:33939,RXN-I:33031,RXN-I:31591,RXN-I:9741	RZ_5
RXN-I:13864	 + 1.0 * Meta-I:39678 + 1.0 * Meta-I:34930 + 1.0 * Meta-I:40729 ==> 1.0 * Meta-I:4504 + 1.0 * Meta-I:5852 + 1.0 * Meta-I:39867					rxn30920					RXN-I:19105,RXN-I:22517,RXN-I:28625,RXN-I:13864,RXN-I:1481,RXN-I:33388,RXN-I:25318,RXN-I:23411,RXN-I:33939,RXN-I:33031,RXN-I:31591,RXN-I:9741	RZ_5
RXN-I:19105	 + 1.0 * Meta-I:34930 ==> 1.0 * Meta-I:4504 + 2.0 * Meta-I:1752					rxn30613					RXN-I:19105,RXN-I:22517,RXN-I:28625,RXN-I:13864,RXN-I:1481,RXN-I:33388,RXN-I:25318,RXN-I:23411,RXN-I:33939,RXN-I:33031,RXN-I:31591,RXN-I:9741	RZ_5
