M_PR_UID	M_PR_NAME	M_PR_FORMULA	M_PR_CHARGE	M_PR_INCHI	M_PR_SMILE-CAN-OB	M_PR_COFACTOR	M_XR_KEGG	M_XR_CHEBI
1	NAD+	C21H28N7O14P2	1	BAWFJGJZGIEFAR-UHFFFAOYSA-N	OC1C(O)C(OC1[n+]1cccc(c1)C(=O)N)COP(=O)(OP(=O)(OCC1OC(C(C1O)O)n1cnc2c1ncnc2N)O)O	1	C00003	15846
2	NADH	C21H29N7O14P2	0	BOPGDPNILDQYTO-UHFFFAOYSA-N	OC1C(O)C(OC1N1C=CCC(=C1)C(=O)N)COP(=O)(OP(=O)(OCC1OC(C(C1O)O)n1cnc2c1ncnc2N)O)O	1	C00004	16908
3	H+	H	1	-UHFFFAOYSA-N		1	C00080	15378
4	NADP+	C21H29N7O17P3	1	XJLXINKUBYWONI-UHFFFAOYSA-N	OC1C(O)C(OC1[n+]1cccc(c1)C(=O)N)COP(=O)(OP(=O)(OCC1OC(C(C1O)OP(=O)(O)O)n1cnc2c1ncnc2N)O)O	1	C00006	18009
5	NADPH	C21H30N7O17P3	0	ACFIXJIJDZMPPO-UHFFFAOYSA-N	OC1C(O)C(OC1N1C=CCC(=C1)C(=O)N)COP(=O)(OP(=O)(OCC1OC(C(C1O)OP(=O)(O)O)n1cnc2c1ncnc2N)O)O	1	C00005	16474
6	CO2	CO2	0	CURLTUGMZLYLDI-UHFFFAOYSA-N	O=C=O	1	C00011	16526
7	H2O	H2O	0	XLYOFNOQVPJJNP-UHFFFAOYSA-N	O	1	C00001	15377,16234,18219,6637,31341,31794,32035,32145,31344,33130,32108,49900,29191,81045,81882
8	Orthophosphate	H3O4P	0	NBIIXXVUZAFLBC-UHFFFAOYSA-N	OP(=O)(O)O	1	C00009	18367,131527,34683
9	CoA	C21H36N7O16P3S	0	COA_COMPOUND	SCCNC(=O)CCNC(=O)C(C(COP(=O)(OP(=O)(OCC1OC(C(C1OP(=O)(O)O)O)n1cnc2c1ncnc2N)O)O)(C)C)O	1	C00010	15346
10	Oxygen	O2	0	MYMOFIZGZYHOMD-UHFFFAOYSA-N	O=O	1	C00007	15379
13	Hydrogen peroxide	H2O2	0	MHAJPDPJQMAIIY-UHFFFAOYSA-N	OO	1	C00027	16240,18421,81304,48233
14	FAD	C27H33N9O15P2	0	VWWQXMAJTJZDQX-UHFFFAOYSA-N	O=c1[nH]c(=O)c2-c(n1)n(CC(C(C(COP(=O)(OP(=O)(OCC1OC(C(C1O)O)n1cnc3c1ncnc3N)O)O)O)O)O)c1c(n2)cc(c(c1)C)C	1	C00016	16238
15	FADH2	C27H35N9O15P2	0	YPZRHBJKEMOYQH-UHFFFAOYSA-N	O=c1[nH]c(=O)c2c([nH]1)N(CC(C(C(COP(=O)(OP(=O)(OCC1OC(C(C1O)O)n1cnc3c1ncnc3N)O)O)O)O)O)c1c(N2)cc(c(c1)C)C	1	C01352	17877
16	Glycine	C2H5NO2	0	DHMQDGOQFOQNFH-UHFFFAOYSA-N	NCC(=O)O	1	C00037	15428
23	S-Adenosyl-L-methionine	C15H23N6O5S	1	MEFKEPWMEQBLKI-UHFFFAOYSA-N	C[S+](CC1OC(C(C1O)O)n1cnc2c1ncnc2N)CCC(C(=O)O)N	1	C00019	15414
24	S-Adenosyl-L-homocysteine	C14H20N6O5S	0	ZJUKTBDSGOFHSH-UHFFFAOYSA-N	OC(=O)C(CCSCC1OC(C(C1O)O)n1cnc2c1ncnc2N)N	1	C00021	16680
30	Acetyl-CoA	C23H38N7O17P3S	0	COA_COMPOUND	O=C(NCCSC(=O)C)CCNC(=O)C(C(COP(=O)(OP(=O)(OCC1OC(C(C1OP(=O)(O)O)O)n1cnc2c1ncnc2N)O)O)(C)C)O	1	C00024	15351
31	Acyl-CoA	C22H35N7O17P3RS	0	COA_COMPOUND	O=C(NCCSC(=O)*)CCNC(=O)C(C(COP(=O)(OP(=O)(OCC1OC(C(C1OP(=O)(O)O)O)n1cnc2c1ncnc2N)O)O)(C)C)O	1	C00040	17984,31330
36	GDP	C10H15N5O11P2	0	QGWNDRXFNXRZMB-UHFFFAOYSA-N	OC1C(COP(=O)(OP(=O)(O)O)O)OC(C1O)n1cnc2c1nc(N)[nH]c2=O	1	C00035	17552
37	UDP-L-rhamnose	C15H24N2O16P2	0	DRDCJEIZVLVWNC-UHFFFAOYSA-N	OC1C(COP(=O)(OP(=O)(OC2OC(C)C(C(C2O)O)O)O)O)OC(C1O)n1ccc(=O)[nH]c1=O	1	C02199	84725
38	UDP	C9H14N2O12P2	0	XCCTYIAWTASOJW-UHFFFAOYSA-N	OC1C(COP(=O)(OP(=O)(O)O)O)OC(C1O)n1ccc(=O)[nH]c1=O	1	C00015	17659
39	Diphosphate	H4O7P2	0	XPPKVPWEQAFLFU-UHFFFAOYSA-N	OP(=O)(OP(=O)(O)O)O	1	C00013	18361
41	ATP	C10H16N5O13P3	0	ZKHQWZAMYRWXGA-UHFFFAOYSA-N	OC1C(COP(=O)(OP(=O)(OP(=O)(O)O)O)O)OC(C1O)n1cnc2c1ncnc2N	1	C00002	15422
42	ADP	C10H15N5O10P2	0	XTWYTFMLZFPYCI-UHFFFAOYSA-N	OC1C(COP(=O)(OP(=O)(O)O)O)OC(C1O)n1cnc2c1ncnc2N	1	C00008	16761
43	Pyruvate	C3H4O3	0	LCTONWCANYUPML-UHFFFAOYSA-N	OC(=O)C(=O)C	1	C00022	15361
44	AMP	C10H14N5O7P	0	UDMBCSSLTHHNCD-UHFFFAOYSA-N	OC1C(O)C(OC1n1cnc2c1ncnc2N)COP(=O)(O)O	1	C00020	16027,81690
45	3'-Phosphoadenylyl sulfate	C10H15N5O13P2S	0	GACDQMDRPRGCTN-UHFFFAOYSA-N	OC1C(OP(=O)(O)O)C(OC1n1cnc2c1ncnc2N)COP(=O)(OS(=O)(=O)O)O	1	C00053	17980
50	Formate	CH2O2	0	BDAGIHXWWSANSR-UHFFFAOYSA-N	OC=O	1	C00058	15740
51	HCO3-	CH2O3	0	BVKZGUZCCUSVTD-UHFFFAOYSA-N	OC(=O)O	1	C00288	17544,28976,6504,3311,32139,31793,81862
52	4-Hydroxy-3-methoxy-benzaldehyde	C8H8O3	0	MWOOGOJBHIARFG-UHFFFAOYSA-N	COc1cc(C=O)ccc1O	1	C00755	18346
53	4-Hydroxy-3-methoxyphenyl-beta-hydroxypropanoyl-CoA	C31H46N7O20P3S	0	COA_COMPOUND	COc1cc(ccc1O)C(CC(=O)SCCNC(=O)CCNC(=O)C(C(COP(=O)(OP(=O)(OCC1OC(C(C1OP(=O)(O)O)O)n1cnc2c1ncnc2N)O)O)(C)C)O)O	0	C07303	17068
54	L-Phenylalanine	C9H11NO2	0	COLNVLDHVKWLRT-UHFFFAOYSA-N	NC(C(=O)O)Cc1ccccc1	0	C00079	17295,28044,16998
55	Ammonia	H3N	0	QGZKDVFQNNGYKY-UHFFFAOYSA-N	N	0	C00014	16134
57	Vanillyl alcohol	C8H10O3	0	ZENOXNGFMSCLLL-UHFFFAOYSA-N	COc1cc(CO)ccc1O	0	C06317	18353
61	Dehydroalanine	C3H5NO2	0	UQBOJOOOTLPNST-UHFFFAOYSA-N	NC(=C)C(=O)O	0	C02218	17123
65	Homovanillate	C9H10O4	0	QRMZSPFSDQBLIX-UHFFFAOYSA-N	COc1cc(ccc1O)CC(=O)O	0	C05582	545959
87	Methanol	CH4O	0	OKKJLVBELUTLKV-UHFFFAOYSA-N	CO	0	C00132	17790
88	3,4-Dihydroxybenzaldehyde	C7H6O3	0	IBGBGRVKPALMCQ-UHFFFAOYSA-N	O=Cc1ccc(c(c1)O)O	0	C16700	50205
89	Formaldehyde	CH2O	0	WSFSSNUMVMOOMR-UHFFFAOYSA-N	C=O	0	C00067	16842
90	2-methoxybenzene-1,4-diol	C7H8O3	0	LAQYHRQFABOIFD-UHFFFAOYSA-N	COc1cc(O)ccc1O	0		16842
93	3-hydroxy-3-(4-hydroxy-3-methoxyphenyl)propanal|3-hydroxy-3-(4-hydroxy-3-methoxy-phenyl)propanal	C10H12O4	0	KGBHTMDZTICIFR-UHFFFAOYSA-N	O=CCC(c1ccc(c(c1)OC)O)O	0		16842
99	Vanillylamine	C8H11NO2	0	WRPWWVNUCXQDQV-UHFFFAOYSA-N	COc1cc(CN)ccc1O	0	C16666	46958
100	Phenylpyruvate	C9H8O3	0	BTNMPGBKDVTSJY-UHFFFAOYSA-N	O=C(C(=O)O)Cc1ccccc1	0	C00166	18005,18005 30851
101	(2S)-1,2-diamino-3-phenyl-1-propanol|(2S)-1,2-diamino-3-phenyl-propan-1-ol	C9H14N2O	0	QRXUYIKNTZLXRS-UHFFFAOYSA-N	NC(C(O)N)Cc1ccccc1	0		18005,18005 30851
103	Hydroxylamine	H3NO	0	AVXURJPOCDRRFD-UHFFFAOYSA-N	NO	0	C00192	15429,5807
106	Veratraldehyde	C9H10O3	0	WJUFSDZVCOTFON-UHFFFAOYSA-N	COc1cc(C=O)ccc1OC	0	C02201	17098
123	Phenyllactate	C9H10O3	0	VOXXWSYKYCBWHO-UHFFFAOYSA-N	OC(C(=O)O)Cc1ccccc1	0	C05607	32978
125	(4-formyl-2-methoxyphenyl) dihydrogen phosphate|(4-formyl-2-methoxy-phenyl) dihydrogen phosphate	C8H9O6P	0	GSWZGTLWVRFGIJ-UHFFFAOYSA-N	COc1cc(C=O)ccc1OP(=O)(O)O	0		32978
128	Adenosine 3',5'-bisphosphate	C10H15N5O10P2	0	WHTCPDAXWFLDIH-UHFFFAOYSA-N	OC1C(OP(=O)(O)O)C(OC1n1cnc2c1ncnc2N)COP(=O)(O)O	0	C00054	17985
129	sulfo (2S)-2-amino-3-phenyl-propanoate|(2S)-2-amino-3-phenylpropanoic acid sulfo ester	C9H11NO5S	0	AZPCYAUWZKSJGN-UHFFFAOYSA-N	NC(C(=O)OS(=O)(=O)O)Cc1ccccc1	0		17985
130	3-phenyl-2-(sulfoamino)propanoic acid	C9H11NO5S	0	DRGGXKBXWTYBLE-UHFFFAOYSA-N	OC(=O)C(NS(=O)(=O)O)Cc1ccccc1	0		17985
131	Vanillin 4-sulfate|(4-formyl-2-methoxyphenyl)oxidanesulfonic acid|(4-formyl-2-methoxyphenyl)oxidanesulfonic acid</traditional_iupac>	C8H8O6S	0	OUIKMDRGUNIXSP-UHFFFAOYSA-N	COc1cc(C=O)ccc1OS(=O)(=O)O	0		17985
132	3-hydroxy-3-(4-hydroxy-3-methoxyphenyl)propanoic acid|3-hydroxy-3-(4-hydroxy-3-methoxy-phenyl)propanoic acid	C10H12O5	0	ABTZMSOARGMKMK-UHFFFAOYSA-N	COc1cc(ccc1O)C(CC(=O)O)O	0		17985
137	Phenethylamine	C8H11N	0	BHHGXPLMPWCGHP-UHFFFAOYSA-N	NCCc1ccccc1	0	C05332	18397
148	Feruloyl-CoA	C31H44N7O19P3S	0	COA_COMPOUND	COc1cc(C=CC(=O)SCCNC(=O)CCNC(=O)C(C(COP(=O)(OP(=O)(OCC2OC(C(C2OP(=O)(O)O)O)n2cnc3c2ncnc3N)O)O)(C)C)O)ccc1O	0	C00406	15511
160	L-beta-Phenylalanine	C9H11NO2	0	UJOYFRCOTPUKAK-UHFFFAOYSA-N	NC(c1ccccc1)CC(=O)O	0	C20487	15511
212	Phenol	C6H6O	0	ISWSIDIOOBJBQZ-UHFFFAOYSA-N	Oc1ccccc1	0	C00146	15882,15882
220	[(2R,3S,4R,5R)-5-(6-aminopurin-9-yl)-3,4-dihydroxy-2-oxolanyl]methyl phenyl hydrogen phosphate|[(2R,3S,4R,5R)-5-(6-aminopurin-9-yl)-3,4-dihydroxy-tetrahydrofuran-2-yl]methyl phenyl hydrogen phosphate	C16H17N5O7P	-1	VHENRNFRCXTSPN-UHFFFAOYSA-N	OC1C(COP(=O)(Oc2ccccc2)O)OC(C1O)n1cnc2c1ncnc2N	0		15882,15882
253	4-Vinylguaiacol	C9H10O2	0	YOMSJEATGXXYPX-UHFFFAOYSA-N	COc1cc(C=C)ccc1O	0	C17883	42438
260	3-amino-4-phenylbutanoic acid|3-amino-4-phenyl-butanoic acid	C10H12NO2	-1	OFVBLKINTLPEGH-UHFFFAOYSA-N	NC(Cc1ccccc1)CC(=O)O	0		42438
274	Glyoxylate	C2HO3	-1	HHLFWLYXYJOTON-UHFFFAOYSA-N	O=CC(=O)O	0	C00048	16891
283	VLA|Vanillactate|Vanillyllactate|Vanillactic acid|Vanillyllactic acid|3-methoxy-4-hydroxyphenyllactate|3-Methoxy-4-hydroxyphenyllactic acid|3-(4-Hydroxy-3-methoxyphenyl)lactate|3-(3-Methoxy-4-hydroxyphenyl)lactate|b-(4-Hydroxy-3-methoxyphenyl)lactate|4-Hydroxy-3-methoxyphenyllactic acid|3-(4-Hydroxy-3-methoxyphenyl)-Lactate|beta-(4-Hydroxy-3-methoxyphenyl)lactate|3-(4-Hydroxy-3-methoxyphenyl)lactic acid|3-(3-Methoxy-4-hydroxyphenyl)lactic acid|b-(4-Hydroxy-3-methoxyphenyl)lactic acid|3-(4-Hydroxy-3-methoxyphenyl)-Lactic acid|beta-(4-Hydroxy-3-methoxyphenyl)lactic acid|(PUBCHEM "21677752" NIL |kothari| 3651883220 NIL NIL)|2-hydroxy-3-(4-hydroxy-3-methoxyphenyl)propanoic acid|2-hydroxy-3-(4-hydroxy-3-methoxyphenyl)propanoic acid</traditional_iupac>	C10H11O5	-1	SVYIZYRTOYHQRE-UHFFFAOYSA-N	COc1cc(ccc1O)CC(C(=O)O)O	0		16891
293	carbonic acid (4-hydroxy-3-methoxyphenyl)methyl ester|(4-hydroxy-3-methoxy-phenyl)methyl hydrogen carbonate	C9H10O5	0	HKGAHQMDXVSFDY-UHFFFAOYSA-N	COc1cc(COC(=O)O)ccc1O	0		16891
399	3-amino-3-(2-hydroxyphenyl)propanoic acid	C9H10NO3	-1	BMUFWTKVAWBABX-UHFFFAOYSA-N	OC(=O)CC(c1ccccc1O)N	0		16891
427	(3R)-3-amino-3-(3-hydroxyphenyl)propanoic acid	C9H10NO3	-1	NYHNEKBZZXSUNO-UHFFFAOYSA-N	OC(=O)CC(c1cccc(c1)O)N	0		16891
483	3-Amino-3-(4-hydroxyphenyl)propanoate	C9H10NO3	-1	JYPHNHPXFNEZBR-UHFFFAOYSA-N	OC(=O)CC(c1ccc(cc1)O)N	0	C04368	16939
597	carbonic acid (4-formyl-2-methoxyphenyl) ester|(4-formyl-2-methoxy-phenyl) hydrogen carbonate	C9H8O5	0	RFTHXBBFWDROKW-UHFFFAOYSA-N	COc1cc(C=O)ccc1OC(=O)O	0		16939
727	2,3-dihydroxy-3-(4-hydroxy-3-methoxyphenyl)propanal|2,3-dihydroxy-3-(4-hydroxy-3-methoxy-phenyl)propanal	C10H12O5	0	PRBJMNXHSNEJSR-UHFFFAOYSA-N	O=CC(C(c1ccc(c(c1)OC)O)O)O	0		16939
730	Acetaldehyde	C2H4O	0	IKHGUXGNUITLKF-UHFFFAOYSA-N	CC=O	0	C00084	15343
731	Coniferyl aldehyde	C10H10O3	0	DKZBBWMURDFHNE-UHFFFAOYSA-N	O=CC=Cc1ccc(c(c1)OC)O	0	C02666	16547
751	Oxamate	C2H2NO3	-1	SOWBFZRMHSNYGE-UHFFFAOYSA-N	OC(=O)C(=O)N	0	C01444	18058
779	Phenylacetaldehyde	C8H8O	0	DTUQWGWMVIHBKE-UHFFFAOYSA-N	O=CCc1ccccc1	0	C00601	16424
843	[5-(6-aminopurin-9-yl)-3,4-dihydroxy-2-oxolanyl]methyl methyl hydrogen phosphate|[5-(6-aminopurin-9-yl)-3,4-dihydroxy-tetrahydrofuran-2-yl]methyl methyl hydrogen phosphate	C11H15N5O7P	-1	OYQVPLDFZZKUTQ-UHFFFAOYSA-N	COP(=O)(OCC1OC(C(C1O)O)n1cnc2c1ncnc2N)O	0		16424
936	2-hydroxy-1-(4-hydroxy-3-methoxyphenyl)ethanone|2-hydroxy-1-(4-hydroxy-3-methoxy-phenyl)ethanone	C9H10O4	0	QNMANLUEFQNQCX-UHFFFAOYSA-N	OCC(=O)c1ccc(c(c1)OC)O	0		16424
1023	D-Glucose	C6H12O6	0	WQZGKKKJIJFFOK-UHFFFAOYSA-N	OCC1OC(O)C(C(C1O)O)O	0	C00031	4167,4139,4208,15903,17925,16362,18133,28729,27667,28061,4093,42905,28563,28385,4191,28014,28458,37704
1035	(R)-Phenyllactyl-CoA	C30H41N7O18P3S	-3	COA_COMPOUND	O=C(NCCSC(=O)C(Cc1ccccc1)O)CCNC(=O)C(C(COP(=O)(OP(=O)(OCC1OC(C(C1OP(=O)(O)O)O)n1cnc2c1ncnc2N)O)O)(C)C)O	0	C16257	11010
1036	Acetate	C2H3O2	-1	QTBSBXVTEAMEQO-UHFFFAOYSA-N	CC(=O)O	0	C00033	15366,32029,15366 30089
1037	Carboxylate	CO2R	-1	-UHFFFAOYSA-N	*C(=O)O	0	C00060	35757,35366,28868
1050	Sulfate	O4S	-3	QAOWNCQODCNURD-UHFFFAOYSA-N	OS(=O)(=O)O	0	C00059	16189,32036,31346,32149,53470,81836,23414,53470,16189 26836
1056	dihydroferulate|dihydroferulic acid	C10H11O4	-1	BOLQJTPHPSDZHR-UHFFFAOYSA-N	COc1cc(CCC(=O)O)ccc1O	0		86612
1058	2,3-dihydroxy-3-(4-hydroxy-3-methoxyphenyl)propanoic acid|2,3-dihydroxy-3-(4-hydroxy-3-methoxy-phenyl)propanoic acid	C10H11O6	-1	QGJLUOPZKKMRBE-UHFFFAOYSA-N	COc1cc(ccc1O)C(C(C(=O)O)O)O	0		86612
1066	3-amino-3-(4-hydroxy-3-methoxyphenyl)propanoic acid|3-amino-3-(4-hydroxy-3-methoxy-phenyl)propanoic acid	C10H12NO4	-1	IGHHJKPPALHKMJ-UHFFFAOYSA-N	COc1cc(ccc1O)C(CC(=O)O)N	0		86612
1067	Ferulate	C10H9O4	-1	KSEBMYQBYZTDHS-UHFFFAOYSA-N	COc1cc(C=CC(=O)O)ccc1O	0	C01494	17620
1097	Oxalate	C2O4	-2	MUBZPKHOEPUJKR-UHFFFAOYSA-N	OC(=O)C(=O)O	0	C00209	16995,60579,16995 30623
1135	Glycolate	C2H3O3	-1	AEMRFAOFKBGASW-UHFFFAOYSA-N	OCC(=O)O	0	C00160	17497,10615,17497 29805
1153	Propenoyl-CoA	C24H35N7O17P3S	-3	COA_COMPOUND	C=CC(=O)SCCNC(=O)CCNC(=O)C(C(COP(=O)(OP(=O)(OCC1OC(C(C1OP(=O)(O)O)O)n1cnc2c1ncnc2N)O)O)(C)C)O	0	C00894	15513
1154	Caffeoyl-CoA	C30H39N7O19P3S	-3	COA_COMPOUND	O=C(NCCSC(=O)C=Cc1ccc(c(c1)O)O)CCNC(=O)C(C(COP(=O)(OP(=O)(OCC1OC(C(C1OP(=O)(O)O)O)n1cnc2c1ncnc2N)O)O)(C)C)O	0	C00323	15518
1156	(4-formyl-2-methoxy-phenyl) 3-(4-hydroxy-3-methoxy-phenyl)prop-2-enoate|3-(4-hydroxy-3-methoxyphenyl)-2-propenoic acid (4-formyl-2-methoxyphenyl) ester	C18H16O6	0	IGGCVHZHJQDULT-UHFFFAOYSA-N	O=Cc1ccc(c(c1)OC)OC(=O)C=Cc1ccc(c(c1)OC)O	0		15518
1158	PUBCHEM132489548|[[(2~{R},3~{S},4~{R},5~{R})-5-(6-aminopurin-9-yl)-4-hydroxy-3-phosphonooxy-2-oxolanyl]methoxy-hydroxyphosphoryl] [3-hydroxy-4-[[3-(2-hydroxyethylamino)-3-oxopropyl]amino]-2,2-dimethyl-4-oxobutyl] hydrogen phosphate|[[(2~{R},3~{S},4~{R},5~{R})-5-(6-aminopurin-9-yl)-4-hydroxy-3-phosphonooxy-tetrahydrofuran-2-yl]methoxy-hydroxy-phosphoryl] [3-hydroxy-4-[[3-(2-hydroxyethylamino)-3-oxo-propyl]amino]-2,2-dimethyl-4-oxo-butyl] hydrogen phosphate	C21H33N7O17P3	-3	JHUGPYYCEXFQAL-UHFFFAOYSA-N	OCCNC(=O)CCNC(=O)C(C(COP(=O)(OP(=O)(OCC1OC(C(C1OP(=O)(O)O)O)n1cnc2c1ncnc2N)O)O)(C)C)O	0		15518
1159	(E)-3-(4-hydroxy-3-methoxyphenyl)-2-propenethioic S-acid|(E)-3-(4-hydroxy-3-methoxy-phenyl)prop-2-enethioic S-acid	C10H10O3S	0	OKFYKKRAJKOPKD-UHFFFAOYSA-N	COc1cc(C=CC(=O)S)ccc1O	0		15518
1212	1-phenylethenamine	C8H9N	0	FUXMOFPWLDVQTM-UHFFFAOYSA-N	NC(=C)c1ccccc1	0		15518
1284	3-phenyl-1-propen-2-amine|3-phenylprop-1-en-2-amine	C9H11N	0	LTAOLAFTTOOTHE-UHFFFAOYSA-N	NC(=C)Cc1ccccc1	0		15518
1324	Benzyl alcohol	C7H8O	0	WVDDGKGOMKODPV-UHFFFAOYSA-N	OCc1ccccc1	0	C00556	17987,17987
1434	Aminoacetaldehyde	C2H5NO	0	LYIIBVSRGJSHAV-UHFFFAOYSA-N	NCC=O	0	C06735	17628
1440	glyoxamide	C2H3NO2	0	AMANDCZTVNQSNB-UHFFFAOYSA-N	O=CC(=O)N	0		59839
1462	benzyl 2-oxoacetate|2-oxoacetic acid (phenylmethyl) ester	C9H8O3	0	TVWUWTZLQRMAKS-UHFFFAOYSA-N	O=CC(=O)OCc1ccccc1	0		59839
1594	Methylglyoxal	C3H4O2	0	AIJULSRZWUXGPQ-UHFFFAOYSA-N	O=CC(=O)C	0	C00546	17158
1597	phenyl 2-oxoacetate|2-oxoacetic acid phenyl ester	C8H6O3	0	PZXHOJFANUNWGC-UHFFFAOYSA-N	O=CC(=O)Oc1ccccc1	0		17158
1650	(S)-Lactate	C3H5O3	-1	JVTAAEKCZFNVCJ-UHFFFAOYSA-N	OC(=O)C(O)C	0	C00186	16651,16004,24996,16651 422
1749	2-Oxobutanoate	C4H5O3	-1	TYEYBOSBBBHJIV-UHFFFAOYSA-N	CCC(=O)C(=O)O	0	C00109	16763,16763 30831
1775	acetyl cyanide|2-oxopropanenitrile	C3H3NO	0	QLDHWVVRQCGZLE-UHFFFAOYSA-N	CC(=O)C#N	0		16763,16763 30831
1901	Isoeugenol	C10H12O2	0	BJIOGJUNALELMI-UHFFFAOYSA-N	CC=Cc1ccc(c(c1)OC)O	0	C10469	18224,18224 50545
1929	Glyoxal	C2H2O2	0	LEQAOMBKQFMDFZ-UHFFFAOYSA-N	O=CC=O	0	C14448	18224,18224 50545
1976	methyl 2-oxoacetate|2-oxoacetic acid methyl ester	C3H4O3	0	KFKXSMSQHIOMSO-UHFFFAOYSA-N	COC(=O)C=O	0		18224,18224 50545
1998	2-(oxaldehydoylamino)-3-phenylpropanoic acid|2-(oxaldehydoylamino)-3-phenyl-propanoic acid	C11H10NO4	-1	VXHWSHWLPBLHJN-UHFFFAOYSA-N	O=CC(=O)NC(C(=O)O)Cc1ccccc1	0		18224,18224 50545
1999	formyl cyanide	C2HNO	0	TUHMQDODLHWPCC-UHFFFAOYSA-N	O=CC#N	0		18224,18224 50545
2036	(Z)-2-hydroxy-3-(4-hydroxy-3-methoxyphenyl)-2-propenoic acid|(Z)-2-hydroxy-3-(4-hydroxy-3-methoxy-phenyl)prop-2-enoic acid	C10H9O5	-1	LVXPBVUWWHAFEP-UHFFFAOYSA-N	COc1cc(ccc1O)C=C(C(=O)O)O	0		18224,18224 50545
2041	3-(4-Hydroxy-3-methoxyphenyl)-2-methyllactic acid|2-hydroxy-3-(4-hydroxy-3-methoxyphenyl)-2-methylpropanoic acid|2-hydroxy-3-(4-hydroxy-3-methoxyphenyl)-2-methylpropanoic acid</traditional_iupac>	C11H13O5	-1	YNNLUYGFVUZDAD-UHFFFAOYSA-N	COc1cc(ccc1O)CC(C(=O)O)(O)C	0		18224,18224 50545
2045	3-O-methyldopa|3-<i>O</i>-methyldopa|3-O-methyldopa zwitterion|(PUBCHEM "25273143" NIL |kothari| 3641818092 NIL NIL)	C10H12NO4	-1	PFDUUKDQEHURQC-UHFFFAOYSA-N	COc1cc(ccc1O)CC(C(=O)O)N	0		18224,18224 50545
2092	4-[(E)-2-hydroxyvinyl]-2-methoxy-phenol|4-[(E)-2-hydroxyethenyl]-2-methoxyphenol	C9H10O3	0	MGRQLSWDIFMJGV-UHFFFAOYSA-N	OC=Cc1ccc(c(c1)OC)O	0		18224,18224 50545
2135	2-[(4-hydroxy-3-methoxyphenyl)methyl]propanedioic acid|2-[(4-hydroxy-3-methoxy-phenyl)methyl]propanedioic acid	C11H10O6	-2	PVPJHIOAOWGYMN-UHFFFAOYSA-N	COc1cc(ccc1O)CC(C(=O)O)C(=O)O	0		18224,18224 50545
2144	(2S,3R)-2-amino-3-hydroxy-3-(4-hydroxy-3-methoxyphenyl)propanoic acid|(2S,3R)-2-amino-3-hydroxy-3-(4-hydroxy-3-methoxy-phenyl)propanoic acid	C10H12NO5	-1	WSTUOPKRORLDCX-UHFFFAOYSA-N	COc1cc(ccc1O)C(C(C(=O)O)N)O	0		18224,18224 50545
2145	3-(4-hydroxy-3-methoxyphenyl)oxirane-2-carboxylic acid|3-(4-hydroxy-3-methoxyphenyl)oxirane-2-carboxylic acid</traditional_iupac>	C10H9O5	-1	HXHFXTLGRUPVTB-UHFFFAOYSA-N	COc1cc(ccc1O)C1OC1C(=O)O	0		18224,18224 50545
3061	2-(1-aminovinyl)phenol|2-(1-aminoethenyl)phenol	C8H9NO	0	GYBFNJXAXBIULZ-UHFFFAOYSA-N	NC(=C)c1ccccc1O	0		18224,18224 50545
3211	3-(1-aminovinyl)phenol|3-(1-aminoethenyl)phenol	C8H9NO	0	BZQODVCXJBAMKO-UHFFFAOYSA-N	Oc1cccc(c1)C(=C)N	0		18224,18224 50545
3459	GDP-L-fucose	C16H23N5O15P2	-2	LQEBEXMHBLQMDB-UHFFFAOYSA-N	OC1C(COP(=O)(OP(=O)(OC2OC(C)C(C(C2O)O)O)O)O)OC(C1O)n1cnc2c1nc(N)[nH]c2=O	0	C00325	13332,16097,17661,27886,13332 17009
3460	L-Rhamnose	C6H12O5	0	SHZGCJCMOBCMKK-UHFFFAOYSA-N	OC1C(C)OC(C(C1O)O)O	0	C00507	62345,2179,2181,28029,27442,27586,27907,28140,42606,62345 62346
3527	4-(1-aminovinyl)phenol|4-(1-aminoethenyl)phenol	C8H9NO	0	XRHDXSNVGJAUKR-UHFFFAOYSA-N	NC(=C)c1ccc(cc1)O	0		62345,2179,2181,28029,27442,27586,27907,28140,42606,62345 62346
4965	Coniferyl alcohol	C10H12O3	0	JMFRWRFFLBVWSI-UHFFFAOYSA-N	OCC=Cc1ccc(c(c1)OC)O	0	C00590	17745
4996	Glycolaldehyde	C2H4O2	0	WGCNASOHLSPBMP-UHFFFAOYSA-N	OCC=O	0	C00266	17071
4997	2-hydroxy-3-(4-hydroxy-3-methoxyphenyl)-2-propenal|2-hydroxy-3-(4-hydroxy-3-methoxy-phenyl)prop-2-enal	C10H10O4	0	LQJYVUMJMSBXBG-UHFFFAOYSA-N	O=CC(=Cc1ccc(c(c1)OC)O)O	0		17071
5010	Dehydrozingerone	C11H12O3	0	AFWKBSMFXWNGRE-UHFFFAOYSA-N	COc1cc(C=CC(=O)C)ccc1O	0	C17840	81361
5016	Caffeic aldehyde	C9H8O3	0	AXMVYSVVTMKQSL-UHFFFAOYSA-N	O=CC=Cc1ccc(c(c1)O)O	0	C10945	28323
5017	4-[(E)-3-aminoprop-1-enyl]-2-methoxyphenol|4-[(E)-3-aminoprop-1-enyl]-2-methoxy-phenol	C10H13NO2	0	BNVLWLLKJDBTBE-UHFFFAOYSA-N	NCC=Cc1ccc(c(c1)OC)O	0		28323
5019	3-(4-hydroxy-3-methoxyphenyl)-2-methyl-2-propenal|3-(4-hydroxy-3-methoxy-phenyl)-2-methyl-prop-2-enal	C11H12O3	0	YBCOYERTNPRAKL-UHFFFAOYSA-N	O=CC(=Cc1ccc(c(c1)OC)O)C	0		28323
5118	(Z)-2-hydroxy-3-(4-hydroxy-3-methoxyphenyl)-2-propenamide|(Z)-2-hydroxy-3-(4-hydroxy-3-methoxy-phenyl)prop-2-enamide	C10H11NO4	0	VLSHVHNBDMQEJD-UHFFFAOYSA-N	COc1cc(ccc1O)C=C(C(=O)N)O	0		28323
5139	N-hydroxy-2-oxoacetamide|2-oxoethanehydroxamic acid	C2H3NO3	0	ZIZGHLTVSVOHEF-UHFFFAOYSA-N	ONC(=O)C=O	0		28323
5267	Malonate	C3H2O4	-2	OFOBLEOULBTSOW-UHFFFAOYSA-N	OC(=O)CC(=O)O	0	C00383	15792,35692,28383,15792 30794
6538	3-(4-hydroxy-3-methoxyphenyl)-2-methylpropanoic acid|3-(4-Hydroxy-3-methoxyphenyl)-2-methylpropionic acid|3-(4-hydroxy-3-methoxyphenyl)-2-methylpropanoic acid</traditional_iupac>	C11H13O4	-1	XUQXZROVMZNKPO-UHFFFAOYSA-N	COc1cc(ccc1O)CC(C(=O)O)C	0		15792,35692,28383,15792 30794
6560	3-(4-hydroxy-3-methoxyphenyl)-2-propenamide|3-(4-hydroxy-3-methoxy-phenyl)prop-2-enamide	C10H11NO3	0	YYAJJKZSQWOLIP-UHFFFAOYSA-N	COc1cc(C=CC(=O)N)ccc1O	0		15792,35692,28383,15792 30794
6567	Caffeate	C9H7O4	-1	QAIPRVGONGVQAS-UHFFFAOYSA-N	OC(=O)C=Cc1ccc(c(c1)O)O	0	C01197	16433,16433
6576	3,4-dimethoxycinnamic acid	C11H11O4	-1	HJBWJAPEBGSQPR-UHFFFAOYSA-N	COc1cc(C=CC(=O)O)ccc1OC	0		86549
6578	trans-methylferulate	C11H12O4	0	AUJXJFHANFIVKH-UHFFFAOYSA-N	COC(=O)C=Cc1ccc(c(c1)OC)O	0		67379
6591	phenyl (E)-3-(4-hydroxy-3-methoxy-phenyl)prop-2-enoate|(E)-3-(4-hydroxy-3-methoxyphenyl)-2-propenoic acid phenyl ester	C16H14O4	0	QDWDUTOGRQNHSQ-UHFFFAOYSA-N	COc1cc(C=CC(=O)Oc2ccccc2)ccc1O	0		67379
6597	(E)-3-(4-hydroxy-3-methoxyphenyl)-2-methyl-2-propenoic acid|(E)-3-(4-hydroxy-3-methoxy-phenyl)-2-methyl-prop-2-enoic acid	C11H11O4	-1	YHOAZFMXZXWRHC-UHFFFAOYSA-N	COc1cc(ccc1O)C=C(C(=O)O)C	0		67379
6607	(E)-3-(4-hydroxy-3-methoxyphenyl)-2-propenoic acid [(2S,3R,4R,5R,6S)-3,4,5-trihydroxy-6-methyl-2-oxanyl] ester|[(2S,3R,4R,5R,6S)-3,4,5-trihydroxy-6-methyl-tetrahydropyran-2-yl] (E)-3-(4-hydroxy-3-methoxy-phenyl)prop-2-enoate	C16H20O8	0	XGPRTYBUXKLLMP-UHFFFAOYSA-N	COc1cc(C=CC(=O)OC2OC(C)C(C(C2O)O)O)ccc1O	0		67379
6608	(E)-3-(3-methoxy-4-phosphonooxyphenyl)-2-propenoic acid|(E)-3-(3-methoxy-4-phosphonooxy-phenyl)prop-2-enoic acid	C10H9O7P	-2	FMAUXXKUYZPQTC-UHFFFAOYSA-N	COc1cc(C=CC(=O)O)ccc1OP(=O)(O)O	0		67379
6609	ferulic acid 4-sulfate	C10H8O7S	-2	PZPATWACAAOHTJ-UHFFFAOYSA-N	COc1cc(C=CC(=O)O)ccc1OS(=O)(=O)O	0		133508
6610	(Z)-3-(4-hydroxy-3-methoxyphenyl)-2-propenenitrile|(Z)-3-(4-hydroxy-3-methoxy-phenyl)prop-2-enenitrile	C10H9NO2	0	XLZOBXJSXAVHDP-UHFFFAOYSA-N	N#CC=Cc1ccc(c(c1)OC)O	0		133508
6612	3-(4-hydroxy-3-methoxyphenyl)-2-propene-1,1,1-triol|3-(4-hydroxy-3-methoxy-phenyl)prop-2-ene-1,1,1-triol	C10H12O5	0	PTVDNVOFSSGZPR-UHFFFAOYSA-N	COc1cc(C=CC(O)(O)O)ccc1O	0		133508
6974	phosphono prop-2-enoate|2-propenoic acid phosphono ester	C3H4O5P	-1	PWGIEBRSWMQVCO-UHFFFAOYSA-N	C=CC(=O)OP(=O)(O)O	0		133508
6975	(4-formyl-2-methoxy-phenyl) prop-2-enoate|2-propenoic acid (4-formyl-2-methoxyphenyl) ester	C11H10O4	0	RBICTVFNVYLVMM-UHFFFAOYSA-N	C=CC(=O)Oc1ccc(cc1OC)C=O	0		133508
6984	(4-formyl-2-methoxy-phenyl) (E)-3-(3,4-dihydroxyphenyl)prop-2-enoate|(E)-3-(3,4-dihydroxyphenyl)-2-propenoic acid (4-formyl-2-methoxyphenyl) ester	C17H14O6	0	KAWOJURGCHLPIU-UHFFFAOYSA-N	O=Cc1ccc(c(c1)OC)OC(=O)C=Cc1ccc(c(c1)O)O	0		133508
6985	(2S)-2-[[(E)-3-(3,4-dihydroxyphenyl)prop-2-enoyl]amino]-3-phenyl-propanoic acid|(2S)-2-[[(E)-3-(3,4-dihydroxyphenyl)-1-oxoprop-2-enyl]amino]-3-phenylpropanoic acid	C18H16NO5	-1	QPJDGIIOGMCKTH-UHFFFAOYSA-N	O=C(NC(C(=O)O)Cc1ccccc1)C=Cc1ccc(c(c1)O)O	0		133508
6987	PUBCHEM135235598|(4-formyl-2-methoxy-phenyl) 2-oxoacetate|2-oxoacetic acid (4-formyl-2-methoxyphenyl) ester	C10H8O5	0	TWBVLKJMLNPTLG-UHFFFAOYSA-N	O=CC(=O)Oc1ccc(cc1OC)C=O	0		133508
6994	(E)-3-(4-hydroxy-3-methoxyphenyl)-N-(2-phenylethyl)-2-propenamide|(E)-3-(4-hydroxy-3-methoxy-phenyl)-N-(2-phenylethyl)prop-2-enamide	C18H19NO3	0	QSHSRHRDAVWDHM-UHFFFAOYSA-N	COc1cc(C=CC(=O)NCCc2ccccc2)ccc1O	0		133508
6996	2-oxoethanethioate	C2H2O2S	0	GFAOUTQICBDAHN-UHFFFAOYSA-N	O=CC(=O)S	0		133508
6998	Hydrogen sulfide	H2S	0	RWSOTUBLDIXVET-UHFFFAOYSA-N	S	0	C00283	16136,81055
7025	phenyl prop-2-enoate|2-propenoic acid phenyl ester	C9H8O2	0	WRAQQYDMVSCOTE-UHFFFAOYSA-N	C=CC(=O)Oc1ccccc1	0		16136,81055
7265	Methyl acrylate	C4H6O2	0	BAPJBEWLBFYGME-UHFFFAOYSA-N	COC(=O)C=C	0	C19443	82482
7335	2-propenoic acid [(3R,4S,5R,6R)-3,4,5-trihydroxy-6-(hydroxymethyl)-2-oxanyl] ester|[(3R,4S,5R,6R)-3,4,5-trihydroxy-6-(hydroxymethyl)tetrahydropyran-2-yl] prop-2-enoate	C9H14O7	0	NGKXZQHLQBTXFF-UHFFFAOYSA-N	OCC1OC(OC(=O)C=C)C(C(C1O)O)O	0		82482
7342	sulfo prop-2-enoate|2-propenoic acid sulfo ester	C3H3O5S	-1	YXXQUJVEYXWDSU-UHFFFAOYSA-N	C=CC(=O)OS(=O)(=O)O	0		82482
7394	2,2,2-trihydroxyacetaldehyde	C2H4O4	0	BCPOUJREEDBHJU-UHFFFAOYSA-N	O=CC(O)(O)O	0		82482
9259	Propanoate	C3H5O2	-1	XBDQKXXYIPTUBI-UHFFFAOYSA-N	CCC(=O)O	0	C00163	17272,17272 30768
10293	(2E)-2-[(4-hydroxy-3-methoxy-phenyl)methylene]butanoic acid|(2E)-2-[(4-hydroxy-3-methoxyphenyl)methylidene]butanoic acid	C12H13O4	-1	GQBVUGXINLMDTO-UHFFFAOYSA-N	CCC(=Cc1ccc(c(c1)OC)O)C(=O)O	0		17272,17272 30768
10415	3-(4-hydroxy-3-methoxyphenyl)-2-methyl-2-propenenitrile|3-(4-hydroxy-3-methoxy-phenyl)-2-methyl-prop-2-enenitrile	C11H11NO2	0	MKRXOHPCGNHPRH-UHFFFAOYSA-N	N#CC(=Cc1ccc(c(c1)OC)O)C	0		17272,17272 30768
11279	2-oxo-N-(2-phenylethyl)acetamide	C10H11NO2	0	LAGXJKKQWXGGDL-UHFFFAOYSA-N	O=CC(=O)NCCc1ccccc1	0		17272,17272 30768
23380	(E)-N-hydroxy-3-(4-hydroxy-3-methoxyphenyl)-2-propenamide|(E)-3-(4-hydroxy-3-methoxy-phenyl)prop-2-enehydroxamic acid	C10H11NO4	0	YRNXKRKCQTWLQH-UHFFFAOYSA-N	ONC(=O)C=Cc1ccc(c(c1)OC)O	0		17272,17272 30768
