P_PR_UID	P_PR_REACTIONS	P_PR_ORIGIN	P_PR_TARGET	P_PR_INTERMEDIATES	P_PR_BOUNDARY	P_RF_PUBMED	P_MT_SCORE	P_MT_MAXYIELD	P_MT_LENGTH	P_MT_FEASIBILITY
Z856.1_Meta-I:33259	RXN-I:14214 | RXN-I:11606 | RXN-I:3424 | RXN-I:5755 | RXN-I:21604	Meta-I:34930	Meta-I:33259	Meta-I:79 | Meta-I:29908 | Meta-I:509 | Meta-I:105	Meta-I:39678 | Meta-I:34930 | Meta-I:1752 | Meta-I:40688 | Meta-I:42676 | Meta-I:40690 | Meta-I:5852 | Meta-I:39867 | Meta-I:40729 | Meta-I:46079 | Meta-I:1307 | Meta-I:31746				5	
Z565.10_Meta-I:33259	RXN-I:22256 | RXN-I:11606 | RXN-I:15414 | RXN-I:20071 | RXN-I:26569 | RXN-I:28170 | RXN-I:8617 | RXN-I:21604	Meta-I:34930	Meta-I:33259	Meta-I:79 | Meta-I:29908 | Meta-I:35809 | Meta-I:46329 | Meta-I:23101 | Meta-I:509 | Meta-I:105	Meta-I:39678 | Meta-I:34930 | Meta-I:40688 | Meta-I:40690 | Meta-I:5852 | Meta-I:39867 | Meta-I:40729 | Meta-I:1752 | Meta-I:42676 | Meta-I:30109 | Meta-I:1307 | Meta-I:31746				8	
Z856.2_Meta-I:33259	RXN-I:22256 | RXN-I:11606 | RXN-I:3424 | RXN-I:5755 | RXN-I:21604	Meta-I:34930	Meta-I:33259	Meta-I:79 | Meta-I:29908 | Meta-I:509 | Meta-I:105	Meta-I:39678 | Meta-I:34930 | Meta-I:40688 | Meta-I:40690 | Meta-I:5852 | Meta-I:39867 | Meta-I:40729 | Meta-I:42676 | Meta-I:46079 | Meta-I:1752 | Meta-I:1307 | Meta-I:31746				5	
Z856.5_Meta-I:33259	RXN-I:14214 | RXN-I:11606 | RXN-I:3424 | RXN-I:8617 | RXN-I:21604	Meta-I:34930	Meta-I:33259	Meta-I:79 | Meta-I:29908 | Meta-I:509 | Meta-I:105	Meta-I:39678 | Meta-I:34930 | Meta-I:1752 | Meta-I:40688 | Meta-I:42676 | Meta-I:40690 | Meta-I:5852 | Meta-I:39867 | Meta-I:40729 | Meta-I:30109 | Meta-I:1307 | Meta-I:31746				5	
Z856.6_Meta-I:33259	RXN-I:22256 | RXN-I:11606 | RXN-I:3424 | RXN-I:8617 | RXN-I:21604	Meta-I:34930	Meta-I:33259	Meta-I:79 | Meta-I:29908 | Meta-I:509 | Meta-I:105	Meta-I:39678 | Meta-I:34930 | Meta-I:40688 | Meta-I:40690 | Meta-I:5852 | Meta-I:39867 | Meta-I:40729 | Meta-I:42676 | Meta-I:30109 | Meta-I:1752 | Meta-I:1307 | Meta-I:31746				5	
Z856.3_Meta-I:33259	RXN-I:14214 | RXN-I:11606 | RXN-I:3424 | RXN-I:3293 | RXN-I:21604	Meta-I:34930	Meta-I:33259	Meta-I:79 | Meta-I:29908 | Meta-I:509 | Meta-I:105	Meta-I:39678 | Meta-I:34930 | Meta-I:1752 | Meta-I:40688 | Meta-I:42676 | Meta-I:40690 | Meta-I:5852 | Meta-I:39867 | Meta-I:40729 | Meta-I:45326 | Meta-I:31746 | Meta-I:1307				5	
Z565.12_Meta-I:33259	RXN-I:22256 | RXN-I:11606 | RXN-I:15414 | RXN-I:26357 | RXN-I:26569 | RXN-I:28170 | RXN-I:8617 | RXN-I:21604	Meta-I:34930	Meta-I:33259	Meta-I:79 | Meta-I:29908 | Meta-I:35809 | Meta-I:46329 | Meta-I:23101 | Meta-I:509 | Meta-I:105	Meta-I:39678 | Meta-I:34930 | Meta-I:40688 | Meta-I:40690 | Meta-I:5852 | Meta-I:39867 | Meta-I:40729 | Meta-I:1752 | Meta-I:42676 | Meta-I:30109 | Meta-I:1307 | Meta-I:31746				8	
Z856.4_Meta-I:33259	RXN-I:22256 | RXN-I:11606 | RXN-I:3424 | RXN-I:3293 | RXN-I:21604	Meta-I:34930	Meta-I:33259	Meta-I:79 | Meta-I:29908 | Meta-I:509 | Meta-I:105	Meta-I:39678 | Meta-I:34930 | Meta-I:40688 | Meta-I:40690 | Meta-I:5852 | Meta-I:39867 | Meta-I:40729 | Meta-I:42676 | Meta-I:45326 | Meta-I:1752 | Meta-I:31746 | Meta-I:1307				5	
Z565.11_Meta-I:33259	RXN-I:14214 | RXN-I:11606 | RXN-I:15414 | RXN-I:26357 | RXN-I:26569 | RXN-I:28170 | RXN-I:8617 | RXN-I:21604	Meta-I:34930	Meta-I:33259	Meta-I:79 | Meta-I:29908 | Meta-I:35809 | Meta-I:46329 | Meta-I:23101 | Meta-I:509 | Meta-I:105	Meta-I:39678 | Meta-I:34930 | Meta-I:1752 | Meta-I:40688 | Meta-I:42676 | Meta-I:40690 | Meta-I:5852 | Meta-I:39867 | Meta-I:40729 | Meta-I:30109 | Meta-I:1307 | Meta-I:31746				8	
Z283.20_Meta-I:33259	RXN-I:22256 | RXN-I:30079 | RXN-I:28170 | RXN-I:8617 | RXN-I:21604	Meta-I:34930	Meta-I:33259	Meta-I:79 | Meta-I:23101 | Meta-I:509 | Meta-I:105	Meta-I:39678 | Meta-I:34930 | Meta-I:40688 | Meta-I:40690 | Meta-I:5852 | Meta-I:39867 | Meta-I:42676 | Meta-I:40729 | Meta-I:30109 | Meta-I:1752 | Meta-I:1307 | Meta-I:31746				5	
Z283.21_Meta-I:33259	RXN-I:14214 | RXN-I:20151 | RXN-I:28170 | RXN-I:8617 | RXN-I:21604	Meta-I:34930	Meta-I:33259	Meta-I:79 | Meta-I:23101 | Meta-I:509 | Meta-I:105	Meta-I:39678 | Meta-I:34930 | Meta-I:1752 | Meta-I:40688 | Meta-I:42676 | Meta-I:40690 | Meta-I:5852 | Meta-I:39867 | Meta-I:40729 | Meta-I:30109 | Meta-I:1307 | Meta-I:31746				5	
Z283.22_Meta-I:33259	RXN-I:22256 | RXN-I:20151 | RXN-I:28170 | RXN-I:8617 | RXN-I:21604	Meta-I:34930	Meta-I:33259	Meta-I:79 | Meta-I:23101 | Meta-I:509 | Meta-I:105	Meta-I:39678 | Meta-I:34930 | Meta-I:40688 | Meta-I:40690 | Meta-I:5852 | Meta-I:39867 | Meta-I:40729 | Meta-I:42676 | Meta-I:30109 | Meta-I:1752 | Meta-I:1307 | Meta-I:31746				5	
Z283.23_Meta-I:33259	RXN-I:14214 | RXN-I:6960 | RXN-I:28170 | RXN-I:8617 | RXN-I:21604	Meta-I:34930	Meta-I:33259	Meta-I:79 | Meta-I:23101 | Meta-I:509 | Meta-I:105	Meta-I:39678 | Meta-I:34930 | Meta-I:1752 | Meta-I:40688 | Meta-I:42676 | Meta-I:40690 | Meta-I:30109 | Meta-I:1307 | Meta-I:31746				5	
Z283.24_Meta-I:33259	RXN-I:22256 | RXN-I:6960 | RXN-I:28170 | RXN-I:8617 | RXN-I:21604	Meta-I:34930	Meta-I:33259	Meta-I:79 | Meta-I:23101 | Meta-I:509 | Meta-I:105	Meta-I:39678 | Meta-I:34930 | Meta-I:40688 | Meta-I:40690 | Meta-I:42676 | Meta-I:30109 | Meta-I:1752 | Meta-I:1307 | Meta-I:31746				5	
Z283.16_Meta-I:33259	RXN-I:22256 | RXN-I:6960 | RXN-I:28170 | RXN-I:3293 | RXN-I:21604	Meta-I:34930	Meta-I:33259	Meta-I:79 | Meta-I:23101 | Meta-I:509 | Meta-I:105	Meta-I:39678 | Meta-I:34930 | Meta-I:40688 | Meta-I:40690 | Meta-I:42676 | Meta-I:45326 | Meta-I:1752 | Meta-I:31746 | Meta-I:1307				5	
Z283.17_Meta-I:33259	RXN-I:14214 | RXN-I:13000 | RXN-I:28170 | RXN-I:8617 | RXN-I:21604	Meta-I:34930	Meta-I:33259	Meta-I:79 | Meta-I:23101 | Meta-I:509 | Meta-I:105	Meta-I:39678 | Meta-I:34930 | Meta-I:1752 | Meta-I:40688 | Meta-I:42676 | Meta-I:40690 | Meta-I:30109 | Meta-I:1307 | Meta-I:31746				5	
Z283.18_Meta-I:33259	RXN-I:22256 | RXN-I:13000 | RXN-I:28170 | RXN-I:8617 | RXN-I:21604	Meta-I:34930	Meta-I:33259	Meta-I:79 | Meta-I:23101 | Meta-I:509 | Meta-I:105	Meta-I:39678 | Meta-I:34930 | Meta-I:40688 | Meta-I:40690 | Meta-I:42676 | Meta-I:30109 | Meta-I:1752 | Meta-I:1307 | Meta-I:31746				5	
Z283.19_Meta-I:33259	RXN-I:14214 | RXN-I:30079 | RXN-I:28170 | RXN-I:8617 | RXN-I:21604	Meta-I:34930	Meta-I:33259	Meta-I:79 | Meta-I:23101 | Meta-I:509 | Meta-I:105	Meta-I:39678 | Meta-I:34930 | Meta-I:1752 | Meta-I:40688 | Meta-I:42676 | Meta-I:40690 | Meta-I:5852 | Meta-I:39867 | Meta-I:40729 | Meta-I:30109 | Meta-I:1307 | Meta-I:31746				5	
Z575.1_Meta-I:33259	RXN-I:3335 | RXN-I:24192 | RXN-I:3424 | RXN-I:5755 | RXN-I:21604	Meta-I:34930	Meta-I:33259	Meta-I:46329 | Meta-I:29908 | Meta-I:509 | Meta-I:105	Meta-I:39678 | Meta-I:5852 | Meta-I:39867 | Meta-I:34930 | Meta-I:40729 | Meta-I:1752 | Meta-I:40688 | Meta-I:42676 | Meta-I:40690 | Meta-I:46079 | Meta-I:1307 | Meta-I:31746				5	
Z1143.2_Meta-I:33259	RXN-I:22256 | RXN-I:11606 | RXN-I:19604 | RXN-I:24226 | RXN-I:12893 | RXN-I:21604	Meta-I:34930	Meta-I:33259	Meta-I:79 | Meta-I:29908 | Meta-I:51388 | Meta-I:19847 | Meta-I:105	Meta-I:39678 | Meta-I:34930 | Meta-I:40688 | Meta-I:40690 | Meta-I:5852 | Meta-I:39867 | Meta-I:40729 | Meta-I:1752 | Meta-I:42676 | Meta-I:45326 | Meta-I:31746 | Meta-I:1307				6	
Z575.2_Meta-I:33259	RXN-I:3335 | RXN-I:6785 | RXN-I:3424 | RXN-I:5755 | RXN-I:21604	Meta-I:34930	Meta-I:33259	Meta-I:46329 | Meta-I:29908 | Meta-I:509 | Meta-I:105	Meta-I:39678 | Meta-I:5852 | Meta-I:39867 | Meta-I:34930 | Meta-I:40729 | Meta-I:40688 | Meta-I:40690 | Meta-I:42676 | Meta-I:46079 | Meta-I:1752 | Meta-I:1307 | Meta-I:31746				5	
Z1143.1_Meta-I:33259	RXN-I:14214 | RXN-I:11606 | RXN-I:19604 | RXN-I:24226 | RXN-I:12893 | RXN-I:21604	Meta-I:34930	Meta-I:33259	Meta-I:79 | Meta-I:29908 | Meta-I:51388 | Meta-I:19847 | Meta-I:105	Meta-I:39678 | Meta-I:34930 | Meta-I:1752 | Meta-I:40688 | Meta-I:42676 | Meta-I:40690 | Meta-I:5852 | Meta-I:39867 | Meta-I:40729 | Meta-I:45326 | Meta-I:31746 | Meta-I:1307				6	
Z575.3_Meta-I:33259	RXN-I:3335 | RXN-I:24192 | RXN-I:3424 | RXN-I:3293 | RXN-I:21604	Meta-I:34930	Meta-I:33259	Meta-I:46329 | Meta-I:29908 | Meta-I:509 | Meta-I:105	Meta-I:39678 | Meta-I:5852 | Meta-I:39867 | Meta-I:34930 | Meta-I:40729 | Meta-I:1752 | Meta-I:40688 | Meta-I:42676 | Meta-I:40690 | Meta-I:45326 | Meta-I:31746 | Meta-I:1307				5	
Z1143.4_Meta-I:33259	RXN-I:22256 | RXN-I:11606 | RXN-I:22000 | RXN-I:24226 | RXN-I:12893 | RXN-I:21604	Meta-I:34930	Meta-I:33259	Meta-I:79 | Meta-I:29908 | Meta-I:51388 | Meta-I:19847 | Meta-I:105	Meta-I:39678 | Meta-I:34930 | Meta-I:40688 | Meta-I:40690 | Meta-I:5852 | Meta-I:39867 | Meta-I:40729 | Meta-I:42676 | Meta-I:45326 | Meta-I:1752 | Meta-I:31746 | Meta-I:1307				6	
Z575.4_Meta-I:33259	RXN-I:3335 | RXN-I:6785 | RXN-I:3424 | RXN-I:3293 | RXN-I:21604	Meta-I:34930	Meta-I:33259	Meta-I:46329 | Meta-I:29908 | Meta-I:509 | Meta-I:105	Meta-I:39678 | Meta-I:5852 | Meta-I:39867 | Meta-I:34930 | Meta-I:40729 | Meta-I:40688 | Meta-I:40690 | Meta-I:42676 | Meta-I:45326 | Meta-I:1752 | Meta-I:31746 | Meta-I:1307				5	
Z1143.3_Meta-I:33259	RXN-I:14214 | RXN-I:11606 | RXN-I:22000 | RXN-I:24226 | RXN-I:12893 | RXN-I:21604	Meta-I:34930	Meta-I:33259	Meta-I:79 | Meta-I:29908 | Meta-I:51388 | Meta-I:19847 | Meta-I:105	Meta-I:39678 | Meta-I:34930 | Meta-I:1752 | Meta-I:40688 | Meta-I:42676 | Meta-I:40690 | Meta-I:5852 | Meta-I:39867 | Meta-I:40729 | Meta-I:45326 | Meta-I:31746 | Meta-I:1307				6	
Z283.10_Meta-I:33259	RXN-I:22256 | RXN-I:13000 | RXN-I:28170 | RXN-I:3293 | RXN-I:21604	Meta-I:34930	Meta-I:33259	Meta-I:79 | Meta-I:23101 | Meta-I:509 | Meta-I:105	Meta-I:39678 | Meta-I:34930 | Meta-I:40688 | Meta-I:40690 | Meta-I:42676 | Meta-I:45326 | Meta-I:1752 | Meta-I:31746 | Meta-I:1307				5	
Z283.11_Meta-I:33259	RXN-I:14214 | RXN-I:30079 | RXN-I:28170 | RXN-I:3293 | RXN-I:21604	Meta-I:34930	Meta-I:33259	Meta-I:79 | Meta-I:23101 | Meta-I:509 | Meta-I:105	Meta-I:39678 | Meta-I:34930 | Meta-I:1752 | Meta-I:40688 | Meta-I:42676 | Meta-I:40690 | Meta-I:5852 | Meta-I:39867 | Meta-I:40729 | Meta-I:45326 | Meta-I:31746 | Meta-I:1307				5	
Z283.12_Meta-I:33259	RXN-I:22256 | RXN-I:30079 | RXN-I:28170 | RXN-I:3293 | RXN-I:21604	Meta-I:34930	Meta-I:33259	Meta-I:79 | Meta-I:23101 | Meta-I:509 | Meta-I:105	Meta-I:39678 | Meta-I:34930 | Meta-I:40688 | Meta-I:40690 | Meta-I:5852 | Meta-I:39867 | Meta-I:42676 | Meta-I:40729 | Meta-I:45326 | Meta-I:1752 | Meta-I:31746 | Meta-I:1307				5	
Z283.13_Meta-I:33259	RXN-I:14214 | RXN-I:20151 | RXN-I:28170 | RXN-I:3293 | RXN-I:21604	Meta-I:34930	Meta-I:33259	Meta-I:79 | Meta-I:23101 | Meta-I:509 | Meta-I:105	Meta-I:39678 | Meta-I:34930 | Meta-I:1752 | Meta-I:40688 | Meta-I:42676 | Meta-I:40690 | Meta-I:5852 | Meta-I:39867 | Meta-I:40729 | Meta-I:45326 | Meta-I:31746 | Meta-I:1307				5	
Z283.14_Meta-I:33259	RXN-I:22256 | RXN-I:20151 | RXN-I:28170 | RXN-I:3293 | RXN-I:21604	Meta-I:34930	Meta-I:33259	Meta-I:79 | Meta-I:23101 | Meta-I:509 | Meta-I:105	Meta-I:39678 | Meta-I:34930 | Meta-I:40688 | Meta-I:40690 | Meta-I:5852 | Meta-I:39867 | Meta-I:40729 | Meta-I:42676 | Meta-I:45326 | Meta-I:1752 | Meta-I:31746 | Meta-I:1307				5	
Z283.15_Meta-I:33259	RXN-I:14214 | RXN-I:6960 | RXN-I:28170 | RXN-I:3293 | RXN-I:21604	Meta-I:34930	Meta-I:33259	Meta-I:79 | Meta-I:23101 | Meta-I:509 | Meta-I:105	Meta-I:39678 | Meta-I:34930 | Meta-I:1752 | Meta-I:40688 | Meta-I:42676 | Meta-I:40690 | Meta-I:45326 | Meta-I:31746 | Meta-I:1307				5	
Z565.1_Meta-I:33259	RXN-I:14214 | RXN-I:11606 | RXN-I:15414 | RXN-I:20071 | RXN-I:26569 | RXN-I:28170 | RXN-I:5755 | RXN-I:21604	Meta-I:34930	Meta-I:33259	Meta-I:79 | Meta-I:29908 | Meta-I:35809 | Meta-I:46329 | Meta-I:23101 | Meta-I:509 | Meta-I:105	Meta-I:39678 | Meta-I:34930 | Meta-I:1752 | Meta-I:40688 | Meta-I:42676 | Meta-I:40690 | Meta-I:5852 | Meta-I:39867 | Meta-I:40729 | Meta-I:46079 | Meta-I:1307 | Meta-I:31746				8	
Z565.2_Meta-I:33259	RXN-I:22256 | RXN-I:11606 | RXN-I:15414 | RXN-I:20071 | RXN-I:26569 | RXN-I:28170 | RXN-I:5755 | RXN-I:21604	Meta-I:34930	Meta-I:33259	Meta-I:79 | Meta-I:29908 | Meta-I:35809 | Meta-I:46329 | Meta-I:23101 | Meta-I:509 | Meta-I:105	Meta-I:39678 | Meta-I:34930 | Meta-I:40688 | Meta-I:40690 | Meta-I:5852 | Meta-I:39867 | Meta-I:40729 | Meta-I:1752 | Meta-I:42676 | Meta-I:46079 | Meta-I:1307 | Meta-I:31746				8	
Z565.3_Meta-I:33259	RXN-I:14214 | RXN-I:11606 | RXN-I:15414 | RXN-I:26357 | RXN-I:26569 | RXN-I:28170 | RXN-I:5755 | RXN-I:21604	Meta-I:34930	Meta-I:33259	Meta-I:79 | Meta-I:29908 | Meta-I:35809 | Meta-I:46329 | Meta-I:23101 | Meta-I:509 | Meta-I:105	Meta-I:39678 | Meta-I:34930 | Meta-I:1752 | Meta-I:40688 | Meta-I:42676 | Meta-I:40690 | Meta-I:5852 | Meta-I:39867 | Meta-I:40729 | Meta-I:46079 | Meta-I:1307 | Meta-I:31746				8	
Z575.5_Meta-I:33259	RXN-I:3335 | RXN-I:24192 | RXN-I:3424 | RXN-I:8617 | RXN-I:21604	Meta-I:34930	Meta-I:33259	Meta-I:46329 | Meta-I:29908 | Meta-I:509 | Meta-I:105	Meta-I:39678 | Meta-I:5852 | Meta-I:39867 | Meta-I:34930 | Meta-I:40729 | Meta-I:1752 | Meta-I:40688 | Meta-I:42676 | Meta-I:40690 | Meta-I:30109 | Meta-I:1307 | Meta-I:31746				5	
Z575.6_Meta-I:33259	RXN-I:3335 | RXN-I:6785 | RXN-I:3424 | RXN-I:8617 | RXN-I:21604	Meta-I:34930	Meta-I:33259	Meta-I:46329 | Meta-I:29908 | Meta-I:509 | Meta-I:105	Meta-I:39678 | Meta-I:5852 | Meta-I:39867 | Meta-I:34930 | Meta-I:40729 | Meta-I:40688 | Meta-I:40690 | Meta-I:42676 | Meta-I:30109 | Meta-I:1752 | Meta-I:1307 | Meta-I:31746				5	
Z862.2_Meta-I:33259	RXN-I:3335 | RXN-I:6785 | RXN-I:19604 | RXN-I:24226 | RXN-I:12893 | RXN-I:21604	Meta-I:34930	Meta-I:33259	Meta-I:46329 | Meta-I:29908 | Meta-I:51388 | Meta-I:19847 | Meta-I:105	Meta-I:39678 | Meta-I:5852 | Meta-I:39867 | Meta-I:34930 | Meta-I:40729 | Meta-I:40688 | Meta-I:40690 | Meta-I:1752 | Meta-I:42676 | Meta-I:45326 | Meta-I:31746 | Meta-I:1307				6	
Z862.3_Meta-I:33259	RXN-I:3335 | RXN-I:24192 | RXN-I:22000 | RXN-I:24226 | RXN-I:12893 | RXN-I:21604	Meta-I:34930	Meta-I:33259	Meta-I:46329 | Meta-I:29908 | Meta-I:51388 | Meta-I:19847 | Meta-I:105	Meta-I:39678 | Meta-I:5852 | Meta-I:39867 | Meta-I:34930 | Meta-I:40729 | Meta-I:1752 | Meta-I:40688 | Meta-I:42676 | Meta-I:40690 | Meta-I:45326 | Meta-I:31746 | Meta-I:1307				6	
Z862.1_Meta-I:33259	RXN-I:3335 | RXN-I:24192 | RXN-I:19604 | RXN-I:24226 | RXN-I:12893 | RXN-I:21604	Meta-I:34930	Meta-I:33259	Meta-I:46329 | Meta-I:29908 | Meta-I:51388 | Meta-I:19847 | Meta-I:105	Meta-I:39678 | Meta-I:5852 | Meta-I:39867 | Meta-I:34930 | Meta-I:40729 | Meta-I:1752 | Meta-I:40688 | Meta-I:42676 | Meta-I:40690 | Meta-I:45326 | Meta-I:31746 | Meta-I:1307				6	
Z570.2_Meta-I:33259	RXN-I:3335 | RXN-I:26569 | RXN-I:28170 | RXN-I:3293 | RXN-I:21604	Meta-I:34930	Meta-I:33259	Meta-I:46329 | Meta-I:23101 | Meta-I:509 | Meta-I:105	Meta-I:39678 | Meta-I:5852 | Meta-I:39867 | Meta-I:34930 | Meta-I:40729 | Meta-I:42676 | Meta-I:40688 | Meta-I:40690 | Meta-I:45326 | Meta-I:1752 | Meta-I:31746 | Meta-I:1307				5	
Z570.3_Meta-I:33259	RXN-I:3335 | RXN-I:26569 | RXN-I:28170 | RXN-I:8617 | RXN-I:21604	Meta-I:34930	Meta-I:33259	Meta-I:46329 | Meta-I:23101 | Meta-I:509 | Meta-I:105	Meta-I:39678 | Meta-I:5852 | Meta-I:39867 | Meta-I:34930 | Meta-I:40729 | Meta-I:42676 | Meta-I:40688 | Meta-I:40690 | Meta-I:30109 | Meta-I:1752 | Meta-I:1307 | Meta-I:31746				5	
Z862.4_Meta-I:33259	RXN-I:3335 | RXN-I:6785 | RXN-I:22000 | RXN-I:24226 | RXN-I:12893 | RXN-I:21604	Meta-I:34930	Meta-I:33259	Meta-I:46329 | Meta-I:29908 | Meta-I:51388 | Meta-I:19847 | Meta-I:105	Meta-I:39678 | Meta-I:5852 | Meta-I:39867 | Meta-I:34930 | Meta-I:40729 | Meta-I:40688 | Meta-I:40690 | Meta-I:42676 | Meta-I:45326 | Meta-I:1752 | Meta-I:31746 | Meta-I:1307				6	
Z570.1_Meta-I:33259	RXN-I:3335 | RXN-I:26569 | RXN-I:28170 | RXN-I:5755 | RXN-I:21604	Meta-I:34930	Meta-I:33259	Meta-I:46329 | Meta-I:23101 | Meta-I:509 | Meta-I:105	Meta-I:39678 | Meta-I:5852 | Meta-I:39867 | Meta-I:34930 | Meta-I:40729 | Meta-I:42676 | Meta-I:40688 | Meta-I:40690 | Meta-I:46079 | Meta-I:1752 | Meta-I:1307 | Meta-I:31746				5	
Z283.9_Meta-I:33259	RXN-I:14214 | RXN-I:13000 | RXN-I:28170 | RXN-I:3293 | RXN-I:21604	Meta-I:34930	Meta-I:33259	Meta-I:79 | Meta-I:23101 | Meta-I:509 | Meta-I:105	Meta-I:39678 | Meta-I:34930 | Meta-I:1752 | Meta-I:40688 | Meta-I:42676 | Meta-I:40690 | Meta-I:45326 | Meta-I:31746 | Meta-I:1307				5	
Z283.7_Meta-I:33259	RXN-I:14214 | RXN-I:6960 | RXN-I:28170 | RXN-I:5755 | RXN-I:21604	Meta-I:34930	Meta-I:33259	Meta-I:79 | Meta-I:23101 | Meta-I:509 | Meta-I:105	Meta-I:39678 | Meta-I:34930 | Meta-I:1752 | Meta-I:40688 | Meta-I:42676 | Meta-I:40690 | Meta-I:46079 | Meta-I:1307 | Meta-I:31746				5	
Z283.8_Meta-I:33259	RXN-I:22256 | RXN-I:6960 | RXN-I:28170 | RXN-I:5755 | RXN-I:21604	Meta-I:34930	Meta-I:33259	Meta-I:79 | Meta-I:23101 | Meta-I:509 | Meta-I:105	Meta-I:39678 | Meta-I:34930 | Meta-I:40688 | Meta-I:40690 | Meta-I:42676 | Meta-I:46079 | Meta-I:1752 | Meta-I:1307 | Meta-I:31746				5	
Z283.5_Meta-I:33259	RXN-I:14214 | RXN-I:20151 | RXN-I:28170 | RXN-I:5755 | RXN-I:21604	Meta-I:34930	Meta-I:33259	Meta-I:79 | Meta-I:23101 | Meta-I:509 | Meta-I:105	Meta-I:39678 | Meta-I:34930 | Meta-I:1752 | Meta-I:40688 | Meta-I:42676 | Meta-I:40690 | Meta-I:5852 | Meta-I:39867 | Meta-I:40729 | Meta-I:46079 | Meta-I:1307 | Meta-I:31746				5	
Z283.6_Meta-I:33259	RXN-I:22256 | RXN-I:20151 | RXN-I:28170 | RXN-I:5755 | RXN-I:21604	Meta-I:34930	Meta-I:33259	Meta-I:79 | Meta-I:23101 | Meta-I:509 | Meta-I:105	Meta-I:39678 | Meta-I:34930 | Meta-I:40688 | Meta-I:40690 | Meta-I:5852 | Meta-I:39867 | Meta-I:40729 | Meta-I:42676 | Meta-I:46079 | Meta-I:1752 | Meta-I:1307 | Meta-I:31746				5	
Z283.3_Meta-I:33259	RXN-I:14214 | RXN-I:30079 | RXN-I:28170 | RXN-I:5755 | RXN-I:21604	Meta-I:34930	Meta-I:33259	Meta-I:79 | Meta-I:23101 | Meta-I:509 | Meta-I:105	Meta-I:39678 | Meta-I:34930 | Meta-I:1752 | Meta-I:40688 | Meta-I:42676 | Meta-I:40690 | Meta-I:5852 | Meta-I:39867 | Meta-I:40729 | Meta-I:46079 | Meta-I:1307 | Meta-I:31746				5	
Z283.4_Meta-I:33259	RXN-I:22256 | RXN-I:30079 | RXN-I:28170 | RXN-I:5755 | RXN-I:21604	Meta-I:34930	Meta-I:33259	Meta-I:79 | Meta-I:23101 | Meta-I:509 | Meta-I:105	Meta-I:39678 | Meta-I:34930 | Meta-I:40688 | Meta-I:40690 | Meta-I:5852 | Meta-I:39867 | Meta-I:42676 | Meta-I:40729 | Meta-I:46079 | Meta-I:1752 | Meta-I:1307 | Meta-I:31746				5	
Z283.1_Meta-I:33259	RXN-I:14214 | RXN-I:13000 | RXN-I:28170 | RXN-I:5755 | RXN-I:21604	Meta-I:34930	Meta-I:33259	Meta-I:79 | Meta-I:23101 | Meta-I:509 | Meta-I:105	Meta-I:39678 | Meta-I:34930 | Meta-I:1752 | Meta-I:40688 | Meta-I:42676 | Meta-I:40690 | Meta-I:46079 | Meta-I:1307 | Meta-I:31746				5	
Z565.4_Meta-I:33259	RXN-I:22256 | RXN-I:11606 | RXN-I:15414 | RXN-I:26357 | RXN-I:26569 | RXN-I:28170 | RXN-I:5755 | RXN-I:21604	Meta-I:34930	Meta-I:33259	Meta-I:79 | Meta-I:29908 | Meta-I:35809 | Meta-I:46329 | Meta-I:23101 | Meta-I:509 | Meta-I:105	Meta-I:39678 | Meta-I:34930 | Meta-I:40688 | Meta-I:40690 | Meta-I:5852 | Meta-I:39867 | Meta-I:40729 | Meta-I:1752 | Meta-I:42676 | Meta-I:46079 | Meta-I:1307 | Meta-I:31746				8	
Z283.2_Meta-I:33259	RXN-I:22256 | RXN-I:13000 | RXN-I:28170 | RXN-I:5755 | RXN-I:21604	Meta-I:34930	Meta-I:33259	Meta-I:79 | Meta-I:23101 | Meta-I:509 | Meta-I:105	Meta-I:39678 | Meta-I:34930 | Meta-I:40688 | Meta-I:40690 | Meta-I:42676 | Meta-I:46079 | Meta-I:1752 | Meta-I:1307 | Meta-I:31746				5	
Z565.5_Meta-I:33259	RXN-I:14214 | RXN-I:11606 | RXN-I:15414 | RXN-I:20071 | RXN-I:26569 | RXN-I:28170 | RXN-I:3293 | RXN-I:21604	Meta-I:34930	Meta-I:33259	Meta-I:79 | Meta-I:29908 | Meta-I:35809 | Meta-I:46329 | Meta-I:23101 | Meta-I:509 | Meta-I:105	Meta-I:39678 | Meta-I:34930 | Meta-I:1752 | Meta-I:40688 | Meta-I:42676 | Meta-I:40690 | Meta-I:5852 | Meta-I:39867 | Meta-I:40729 | Meta-I:45326 | Meta-I:31746 | Meta-I:1307				8	
Z565.6_Meta-I:33259	RXN-I:22256 | RXN-I:11606 | RXN-I:15414 | RXN-I:20071 | RXN-I:26569 | RXN-I:28170 | RXN-I:3293 | RXN-I:21604	Meta-I:34930	Meta-I:33259	Meta-I:79 | Meta-I:29908 | Meta-I:35809 | Meta-I:46329 | Meta-I:23101 | Meta-I:509 | Meta-I:105	Meta-I:39678 | Meta-I:34930 | Meta-I:40688 | Meta-I:40690 | Meta-I:5852 | Meta-I:39867 | Meta-I:40729 | Meta-I:1752 | Meta-I:42676 | Meta-I:45326 | Meta-I:31746 | Meta-I:1307				8	
Z565.7_Meta-I:33259	RXN-I:14214 | RXN-I:11606 | RXN-I:15414 | RXN-I:26357 | RXN-I:26569 | RXN-I:28170 | RXN-I:3293 | RXN-I:21604	Meta-I:34930	Meta-I:33259	Meta-I:79 | Meta-I:29908 | Meta-I:35809 | Meta-I:46329 | Meta-I:23101 | Meta-I:509 | Meta-I:105	Meta-I:39678 | Meta-I:34930 | Meta-I:1752 | Meta-I:40688 | Meta-I:42676 | Meta-I:40690 | Meta-I:5852 | Meta-I:39867 | Meta-I:40729 | Meta-I:45326 | Meta-I:31746 | Meta-I:1307				8	
Z565.8_Meta-I:33259	RXN-I:22256 | RXN-I:11606 | RXN-I:15414 | RXN-I:26357 | RXN-I:26569 | RXN-I:28170 | RXN-I:3293 | RXN-I:21604	Meta-I:34930	Meta-I:33259	Meta-I:79 | Meta-I:29908 | Meta-I:35809 | Meta-I:46329 | Meta-I:23101 | Meta-I:509 | Meta-I:105	Meta-I:39678 | Meta-I:34930 | Meta-I:40688 | Meta-I:40690 | Meta-I:5852 | Meta-I:39867 | Meta-I:40729 | Meta-I:1752 | Meta-I:42676 | Meta-I:45326 | Meta-I:31746 | Meta-I:1307				8	
Z565.9_Meta-I:33259	RXN-I:14214 | RXN-I:11606 | RXN-I:15414 | RXN-I:20071 | RXN-I:26569 | RXN-I:28170 | RXN-I:8617 | RXN-I:21604	Meta-I:34930	Meta-I:33259	Meta-I:79 | Meta-I:29908 | Meta-I:35809 | Meta-I:46329 | Meta-I:23101 | Meta-I:509 | Meta-I:105	Meta-I:39678 | Meta-I:34930 | Meta-I:1752 | Meta-I:40688 | Meta-I:42676 | Meta-I:40690 | Meta-I:5852 | Meta-I:39867 | Meta-I:40729 | Meta-I:30109 | Meta-I:1307 | Meta-I:31746				8	
