P_PR_UID	P_PR_REACTIONS	P_PR_ORIGIN	P_PR_TARGET	P_PR_BOUNDARY	P_PR_INTERMEDIATES
1	TRS_0_1_12_0 | TRS_0_0_0_0	CMPD_0000000011	TARGET_0000000001	MNXM12 | MNXM40	CMPD_0000000001
4	TRS_0_2_19_0 | TRS_0_1_7_0 | TRS_0_0_0_0	CMPD_0000000011	TARGET_0000000001	MNXM3 | MNXM40 | MNXM481	CMPD_0000000019 | CMPD_0000000001
6	TRS_0_2_19_0 | TRS_0_1_8_0 | TRS_0_0_0_0	CMPD_0000000011	TARGET_0000000001	MNXM40 | MNXM481 | MNXM9	CMPD_0000000019 | CMPD_0000000001
8	TRS_0_2_262_0 | TRS_0_1_5_0 | TRS_0_0_0_0	CMPD_0000000011	TARGET_0000000001	MNXM2 | MNXM21 | MNXM40	CMPD_0000000017 | CMPD_0000000001
